ebook_id,title,authors,source,line_number,text
42,The strange case of Dr. Jekyll and Mr. Hyde,"Stevenson, Robert Louis",https://www.gutenberg.org/ebooks/42.txt.utf-8,1,The Project Gutenberg eBook of The strange case of Dr. Jekyll and Mr. Hyde
42,The strange case of Dr. Jekyll and Mr. Hyde,"Stevenson, Robert Louis",https://www.gutenberg.org/ebooks/42.txt.utf-8,2,
42,The strange case of Dr. Jekyll and Mr. Hyde,"Stevenson, Robert Louis",https://www.gutenberg.org/ebooks/42.txt.utf-8,3,This eBook is for the use of anyone anywhere in the United States and
42,The strange case of Dr. Jekyll and Mr. Hyde,"Stevenson, Robert Louis",https://www.gutenberg.org/ebooks/42.txt.utf-8,4,most other parts of the world at no cost and with almost no restrictions
42,The strange case of Dr. Jekyll and Mr. Hyde,"Stevenson, Robert Louis",https://www.gutenberg.org/ebooks/42.txt.utf-8,5,"whatsoever. You may copy it, give it away or re-use it under the terms"
42,The strange case of Dr. Jekyll and Mr. Hyde,"Stevenson, Robert Louis",https://www.gutenberg.org/ebooks/42.txt.utf-8,6,of the Project Gutenberg License included with this eBook or online
42,The strange case of Dr. Jekyll and Mr. Hyde,"Stevenson, Robert Louis",https://www.gutenberg.org/ebooks/42.txt.utf-8,7,"at www.gutenberg.org. If you are not located in the United States,"
42,The strange case of Dr. Jekyll and Mr. Hyde,"Stevenson, Robert Louis",https://www.gutenberg.org/ebooks/42.txt.utf-8,8,you will have to check the laws of the country where you are located
42,The strange case of Dr. Jekyll and Mr. Hyde,"Stevenson, Robert Louis",https://www.gutenberg.org/ebooks/42.txt.utf-8,9,before using this eBook.
42,The strange case of Dr. Jekyll and Mr. Hyde,"Stevenson, Robert Louis",https://www.gutenberg.org/ebooks/42.txt.utf-8,10,
42,The strange case of Dr. Jekyll and Mr. Hyde,"Stevenson, Robert Louis",https://www.gutenberg.org/ebooks/42.txt.utf-8,11,Title: The strange case of Dr. Jekyll and Mr. Hyde
42,The strange case of Dr. Jekyll and Mr. Hyde,"Stevenson, Robert Louis",https://www.gutenberg.org/ebooks/42.txt.utf-8,12,
42,The strange case of Dr. Jekyll and Mr. Hyde,"Stevenson, Robert Louis",https://www.gutenberg.org/ebooks/42.txt.utf-8,13,Author: Robert Louis Stevenson
42,The strange case of Dr. Jekyll and Mr. Hyde,"Stevenson, Robert Louis",https://www.gutenberg.org/ebooks/42.txt.utf-8,14,
42,The strange case of Dr. Jekyll and Mr. Hyde,"Stevenson, Robert Louis",https://www.gutenberg.org/ebooks/42.txt.utf-8,15,
42,The strange case of Dr. Jekyll and Mr. Hyde,"Stevenson, Robert Louis",https://www.gutenberg.org/ebooks/42.txt.utf-8,16,
42,The strange case of Dr. Jekyll and Mr. Hyde,"Stevenson, Robert Louis",https://www.gutenberg.org/ebooks/42.txt.utf-8,17,"Release date: October 1, 1992 [eBook #42]"
42,The strange case of Dr. Jekyll and Mr. Hyde,"Stevenson, Robert Louis",https://www.gutenberg.org/ebooks/42.txt.utf-8,18,"                Most recently updated: May 22, 2023"
42,The strange case of Dr. Jekyll and Mr. Hyde,"Stevenson, Robert Louis",https://www.gutenberg.org/ebooks/42.txt.utf-8,19,
42,The strange case of Dr. Jekyll and Mr. Hyde,"Stevenson, Robert Louis",https://www.gutenberg.org/ebooks/42.txt.utf-8,20,Language: English
42,The strange case of Dr. Jekyll and Mr. Hyde,"Stevenson, Robert Louis",https://www.gutenberg.org/ebooks/42.txt.utf-8,21,
42,The strange case of Dr. Jekyll and Mr. Hyde,"Stevenson, Robert Louis",https://www.gutenberg.org/ebooks/42.txt.utf-8,22,Other information and formats: www.gutenberg.org/ebooks/42
42,The strange case of Dr. Jekyll and Mr. Hyde,"Stevenson, Robert Louis",https://www.gutenberg.org/ebooks/42.txt.utf-8,23,
42,The strange case of Dr. Jekyll and Mr. Hyde,"Stevenson, Robert Louis",https://www.gutenberg.org/ebooks/42.txt.utf-8,24,
42,The strange case of Dr. Jekyll and Mr. Hyde,"Stevenson, Robert Louis",https://www.gutenberg.org/ebooks/42.txt.utf-8,25,*** START OF THE PROJECT GUTENBERG EBOOK THE STRANGE CASE OF DR. JEKYLL AND MR. HYDE ***
42,The strange case of Dr. Jekyll and Mr. Hyde,"Stevenson, Robert Louis",https://www.gutenberg.org/ebooks/42.txt.utf-8,26,
42,The strange case of Dr. Jekyll and Mr. Hyde,"Stevenson, Robert Louis",https://www.gutenberg.org/ebooks/42.txt.utf-8,27,[Illustration]
42,The strange case of Dr. Jekyll and Mr. Hyde,"Stevenson, Robert Louis",https://www.gutenberg.org/ebooks/42.txt.utf-8,28,
42,The strange case of Dr. Jekyll and Mr. Hyde,"Stevenson, Robert Louis",https://www.gutenberg.org/ebooks/42.txt.utf-8,29,
42,The strange case of Dr. Jekyll and Mr. Hyde,"Stevenson, Robert Louis",https://www.gutenberg.org/ebooks/42.txt.utf-8,30,
42,The strange case of Dr. Jekyll and Mr. Hyde,"Stevenson, Robert Louis",https://www.gutenberg.org/ebooks/42.txt.utf-8,31,
42,The strange case of Dr. Jekyll and Mr. Hyde,"Stevenson, Robert Louis",https://www.gutenberg.org/ebooks/42.txt.utf-8,32,The Strange Case of
42,The strange case of Dr. Jekyll and Mr. Hyde,"Stevenson, Robert Louis",https://www.gutenberg.org/ebooks/42.txt.utf-8,33,Dr. Jekyll and Mr. Hyde
42,The strange case of Dr. Jekyll and Mr. Hyde,"Stevenson, Robert Louis",https://www.gutenberg.org/ebooks/42.txt.utf-8,34,
42,The strange case of Dr. Jekyll and Mr. Hyde,"Stevenson, Robert Louis",https://www.gutenberg.org/ebooks/42.txt.utf-8,35,by Robert Louis Stevenson
42,The strange case of Dr. Jekyll and Mr. Hyde,"Stevenson, Robert Louis",https://www.gutenberg.org/ebooks/42.txt.utf-8,36,
42,The strange case of Dr. Jekyll and Mr. Hyde,"Stevenson, Robert Louis",https://www.gutenberg.org/ebooks/42.txt.utf-8,37,
42,The strange case of Dr. Jekyll and Mr. Hyde,"Stevenson, Robert Louis",https://www.gutenberg.org/ebooks/42.txt.utf-8,38,
42,The strange case of Dr. Jekyll and Mr. Hyde,"Stevenson, Robert Louis",https://www.gutenberg.org/ebooks/42.txt.utf-8,39,
42,The strange case of Dr. Jekyll and Mr. Hyde,"Stevenson, Robert Louis",https://www.gutenberg.org/ebooks/42.txt.utf-8,40,TO
42,The strange case of Dr. Jekyll and Mr. Hyde,"Stevenson, Robert Louis",https://www.gutenberg.org/ebooks/42.txt.utf-8,41,KATHARINE DE MATTOS.
42,The strange case of Dr. Jekyll and Mr. Hyde,"Stevenson, Robert Louis",https://www.gutenberg.org/ebooks/42.txt.utf-8,42,
42,The strange case of Dr. Jekyll and Mr. Hyde,"Stevenson, Robert Louis",https://www.gutenberg.org/ebooks/42.txt.utf-8,43,It’s ill to loose the bands that God decreed to bind;
42,The strange case of Dr. Jekyll and Mr. Hyde,"Stevenson, Robert Louis",https://www.gutenberg.org/ebooks/42.txt.utf-8,44,Still will we be the children of the heather and the wind.
42,The strange case of Dr. Jekyll and Mr. Hyde,"Stevenson, Robert Louis",https://www.gutenberg.org/ebooks/42.txt.utf-8,45,"Far away from home, O it’s still for you and me"
42,The strange case of Dr. Jekyll and Mr. Hyde,"Stevenson, Robert Louis",https://www.gutenberg.org/ebooks/42.txt.utf-8,46,That the broom is blowing bonnie in the north countrie.
42,The strange case of Dr. Jekyll and Mr. Hyde,"Stevenson, Robert Louis",https://www.gutenberg.org/ebooks/42.txt.utf-8,47,
42,The strange case of Dr. Jekyll and Mr. Hyde,"Stevenson, Robert Louis",https://www.gutenberg.org/ebooks/42.txt.utf-8,48,
42,The strange case of Dr. Jekyll and Mr. Hyde,"Stevenson, Robert Louis",https://www.gutenberg.org/ebooks/42.txt.utf-8,49,
42,The strange case of Dr. Jekyll and Mr. Hyde,"Stevenson, Robert Louis",https://www.gutenberg.org/ebooks/42.txt.utf-8,50,
42,The strange case of Dr. Jekyll and Mr. Hyde,"Stevenson, Robert Louis",https://www.gutenberg.org/ebooks/42.txt.utf-8,51,Contents
42,The strange case of Dr. Jekyll and Mr. Hyde,"Stevenson, Robert Louis",https://www.gutenberg.org/ebooks/42.txt.utf-8,52,
42,The strange case of Dr. Jekyll and Mr. Hyde,"Stevenson, Robert Louis",https://www.gutenberg.org/ebooks/42.txt.utf-8,53, STORY OF THE DOOR
42,The strange case of Dr. Jekyll and Mr. Hyde,"Stevenson, Robert Louis",https://www.gutenberg.org/ebooks/42.txt.utf-8,54, SEARCH FOR MR. HYDE
42,The strange case of Dr. Jekyll and Mr. Hyde,"Stevenson, Robert Louis",https://www.gutenberg.org/ebooks/42.txt.utf-8,55, DR. JEKYLL WAS QUITE AT EASE
42,The strange case of Dr. Jekyll and Mr. Hyde,"Stevenson, Robert Louis",https://www.gutenberg.org/ebooks/42.txt.utf-8,56, THE CAREW MURDER CASE
42,The strange case of Dr. Jekyll and Mr. Hyde,"Stevenson, Robert Louis",https://www.gutenberg.org/ebooks/42.txt.utf-8,57, INCIDENT OF THE LETTER
42,The strange case of Dr. Jekyll and Mr. Hyde,"Stevenson, Robert Louis",https://www.gutenberg.org/ebooks/42.txt.utf-8,58, REMARKABLE INCIDENT OF DR. LANYON
42,The strange case of Dr. Jekyll and Mr. Hyde,"Stevenson, Robert Louis",https://www.gutenberg.org/ebooks/42.txt.utf-8,59, INCIDENT AT THE WINDOW
42,The strange case of Dr. Jekyll and Mr. Hyde,"Stevenson, Robert Louis",https://www.gutenberg.org/ebooks/42.txt.utf-8,60, THE LAST NIGHT
42,The strange case of Dr. Jekyll and Mr. Hyde,"Stevenson, Robert Louis",https://www.gutenberg.org/ebooks/42.txt.utf-8,61, DR. LANYON’S NARRATIVE
42,The strange case of Dr. Jekyll and Mr. Hyde,"Stevenson, Robert Louis",https://www.gutenberg.org/ebooks/42.txt.utf-8,62, HENRY JEKYLL’S FULL STATEMENT OF THE CASE
42,The strange case of Dr. Jekyll and Mr. Hyde,"Stevenson, Robert Louis",https://www.gutenberg.org/ebooks/42.txt.utf-8,63,
42,The strange case of Dr. Jekyll and Mr. Hyde,"Stevenson, Robert Louis",https://www.gutenberg.org/ebooks/42.txt.utf-8,64,
42,The strange case of Dr. Jekyll and Mr. Hyde,"Stevenson, Robert Louis",https://www.gutenberg.org/ebooks/42.txt.utf-8,65,
42,The strange case of Dr. Jekyll and Mr. Hyde,"Stevenson, Robert Louis",https://www.gutenberg.org/ebooks/42.txt.utf-8,66,
42,The strange case of Dr. Jekyll and Mr. Hyde,"Stevenson, Robert Louis",https://www.gutenberg.org/ebooks/42.txt.utf-8,67,STORY OF THE DOOR
42,The strange case of Dr. Jekyll and Mr. Hyde,"Stevenson, Robert Louis",https://www.gutenberg.org/ebooks/42.txt.utf-8,68,
42,The strange case of Dr. Jekyll and Mr. Hyde,"Stevenson, Robert Louis",https://www.gutenberg.org/ebooks/42.txt.utf-8,69,
42,The strange case of Dr. Jekyll and Mr. Hyde,"Stevenson, Robert Louis",https://www.gutenberg.org/ebooks/42.txt.utf-8,70,"Mr. Utterson the lawyer was a man of a rugged countenance, that was"
42,The strange case of Dr. Jekyll and Mr. Hyde,"Stevenson, Robert Louis",https://www.gutenberg.org/ebooks/42.txt.utf-8,71,"never lighted by a smile; cold, scanty and embarrassed in discourse;"
42,The strange case of Dr. Jekyll and Mr. Hyde,"Stevenson, Robert Louis",https://www.gutenberg.org/ebooks/42.txt.utf-8,72,"backward in sentiment; lean, long, dusty, dreary, and yet somehow"
42,The strange case of Dr. Jekyll and Mr. Hyde,"Stevenson, Robert Louis",https://www.gutenberg.org/ebooks/42.txt.utf-8,73,"lovable. At friendly meetings, and when the wine was to his taste,"
42,The strange case of Dr. Jekyll and Mr. Hyde,"Stevenson, Robert Louis",https://www.gutenberg.org/ebooks/42.txt.utf-8,74,something eminently human beaconed from his eye; something indeed which
42,The strange case of Dr. Jekyll and Mr. Hyde,"Stevenson, Robert Louis",https://www.gutenberg.org/ebooks/42.txt.utf-8,75,"never found its way into his talk, but which spoke not only in these"
42,The strange case of Dr. Jekyll and Mr. Hyde,"Stevenson, Robert Louis",https://www.gutenberg.org/ebooks/42.txt.utf-8,76,"silent symbols of the after-dinner face, but more often and loudly in"
42,The strange case of Dr. Jekyll and Mr. Hyde,"Stevenson, Robert Louis",https://www.gutenberg.org/ebooks/42.txt.utf-8,77,the acts of his life. He was austere with himself; drank gin when he
42,The strange case of Dr. Jekyll and Mr. Hyde,"Stevenson, Robert Louis",https://www.gutenberg.org/ebooks/42.txt.utf-8,78,"was alone, to mortify a taste for vintages; and though he enjoyed the"
42,The strange case of Dr. Jekyll and Mr. Hyde,"Stevenson, Robert Louis",https://www.gutenberg.org/ebooks/42.txt.utf-8,79,"theatre, had not crossed the doors of one for twenty years. But he had"
42,The strange case of Dr. Jekyll and Mr. Hyde,"Stevenson, Robert Louis",https://www.gutenberg.org/ebooks/42.txt.utf-8,80,"an approved tolerance for others; sometimes wondering, almost with"
42,The strange case of Dr. Jekyll and Mr. Hyde,"Stevenson, Robert Louis",https://www.gutenberg.org/ebooks/42.txt.utf-8,81,"envy, at the high pressure of spirits involved in their misdeeds; and"
42,The strange case of Dr. Jekyll and Mr. Hyde,"Stevenson, Robert Louis",https://www.gutenberg.org/ebooks/42.txt.utf-8,82,in any extremity inclined to help rather than to reprove. “I incline to
42,The strange case of Dr. Jekyll and Mr. Hyde,"Stevenson, Robert Louis",https://www.gutenberg.org/ebooks/42.txt.utf-8,83,"Cain’s heresy,” he used to say quaintly: “I let my brother go to the"
42,The strange case of Dr. Jekyll and Mr. Hyde,"Stevenson, Robert Louis",https://www.gutenberg.org/ebooks/42.txt.utf-8,84,"devil in his own way.” In this character, it was frequently his fortune"
42,The strange case of Dr. Jekyll and Mr. Hyde,"Stevenson, Robert Louis",https://www.gutenberg.org/ebooks/42.txt.utf-8,85,to be the last reputable acquaintance and the last good influence in
42,The strange case of Dr. Jekyll and Mr. Hyde,"Stevenson, Robert Louis",https://www.gutenberg.org/ebooks/42.txt.utf-8,86,"the lives of down-going men. And to such as these, so long as they came"
42,The strange case of Dr. Jekyll and Mr. Hyde,"Stevenson, Robert Louis",https://www.gutenberg.org/ebooks/42.txt.utf-8,87,"about his chambers, he never marked a shade of change in his demeanour."
42,The strange case of Dr. Jekyll and Mr. Hyde,"Stevenson, Robert Louis",https://www.gutenberg.org/ebooks/42.txt.utf-8,88,
42,The strange case of Dr. Jekyll and Mr. Hyde,"Stevenson, Robert Louis",https://www.gutenberg.org/ebooks/42.txt.utf-8,89,No doubt the feat was easy to Mr. Utterson; for he was undemonstrative
42,The strange case of Dr. Jekyll and Mr. Hyde,"Stevenson, Robert Louis",https://www.gutenberg.org/ebooks/42.txt.utf-8,90,"at the best, and even his friendship seemed to be founded in a similar"
42,The strange case of Dr. Jekyll and Mr. Hyde,"Stevenson, Robert Louis",https://www.gutenberg.org/ebooks/42.txt.utf-8,91,catholicity of good-nature. It is the mark of a modest man to accept
42,The strange case of Dr. Jekyll and Mr. Hyde,"Stevenson, Robert Louis",https://www.gutenberg.org/ebooks/42.txt.utf-8,92,his friendly circle ready-made from the hands of opportunity; and that
42,The strange case of Dr. Jekyll and Mr. Hyde,"Stevenson, Robert Louis",https://www.gutenberg.org/ebooks/42.txt.utf-8,93,was the lawyer’s way. His friends were those of his own blood or those
42,The strange case of Dr. Jekyll and Mr. Hyde,"Stevenson, Robert Louis",https://www.gutenberg.org/ebooks/42.txt.utf-8,94,"whom he had known the longest; his affections, like ivy, were the"
42,The strange case of Dr. Jekyll and Mr. Hyde,"Stevenson, Robert Louis",https://www.gutenberg.org/ebooks/42.txt.utf-8,95,"growth of time, they implied no aptness in the object. Hence, no doubt,"
42,The strange case of Dr. Jekyll and Mr. Hyde,"Stevenson, Robert Louis",https://www.gutenberg.org/ebooks/42.txt.utf-8,96,"the bond that united him to Mr. Richard Enfield, his distant kinsman,"
42,The strange case of Dr. Jekyll and Mr. Hyde,"Stevenson, Robert Louis",https://www.gutenberg.org/ebooks/42.txt.utf-8,97,"the well-known man about town. It was a nut to crack for many, what"
42,The strange case of Dr. Jekyll and Mr. Hyde,"Stevenson, Robert Louis",https://www.gutenberg.org/ebooks/42.txt.utf-8,98,"these two could see in each other, or what subject they could find in"
42,The strange case of Dr. Jekyll and Mr. Hyde,"Stevenson, Robert Louis",https://www.gutenberg.org/ebooks/42.txt.utf-8,99,common. It was reported by those who encountered them in their Sunday
42,The strange case of Dr. Jekyll and Mr. Hyde,"Stevenson, Robert Louis",https://www.gutenberg.org/ebooks/42.txt.utf-8,100,"walks, that they said nothing, looked singularly dull, and would hail"
42,The strange case of Dr. Jekyll and Mr. Hyde,"Stevenson, Robert Louis",https://www.gutenberg.org/ebooks/42.txt.utf-8,101,"with obvious relief the appearance of a friend. For all that, the two"
42,The strange case of Dr. Jekyll and Mr. Hyde,"Stevenson, Robert Louis",https://www.gutenberg.org/ebooks/42.txt.utf-8,102,"men put the greatest store by these excursions, counted them the chief"
42,The strange case of Dr. Jekyll and Mr. Hyde,"Stevenson, Robert Louis",https://www.gutenberg.org/ebooks/42.txt.utf-8,103,"jewel of each week, and not only set aside occasions of pleasure, but"
42,The strange case of Dr. Jekyll and Mr. Hyde,"Stevenson, Robert Louis",https://www.gutenberg.org/ebooks/42.txt.utf-8,104,"even resisted the calls of business, that they might enjoy them"
42,The strange case of Dr. Jekyll and Mr. Hyde,"Stevenson, Robert Louis",https://www.gutenberg.org/ebooks/42.txt.utf-8,105,uninterrupted.
42,The strange case of Dr. Jekyll and Mr. Hyde,"Stevenson, Robert Louis",https://www.gutenberg.org/ebooks/42.txt.utf-8,106,
42,The strange case of Dr. Jekyll and Mr. Hyde,"Stevenson, Robert Louis",https://www.gutenberg.org/ebooks/42.txt.utf-8,107,It chanced on one of these rambles that their way led them down a
42,The strange case of Dr. Jekyll and Mr. Hyde,"Stevenson, Robert Louis",https://www.gutenberg.org/ebooks/42.txt.utf-8,108,by-street in a busy quarter of London. The street was small and what is
42,The strange case of Dr. Jekyll and Mr. Hyde,"Stevenson, Robert Louis",https://www.gutenberg.org/ebooks/42.txt.utf-8,109,"called quiet, but it drove a thriving trade on the week-days. The"
42,The strange case of Dr. Jekyll and Mr. Hyde,"Stevenson, Robert Louis",https://www.gutenberg.org/ebooks/42.txt.utf-8,110,"inhabitants were all doing well, it seemed, and all emulously hoping to"
42,The strange case of Dr. Jekyll and Mr. Hyde,"Stevenson, Robert Louis",https://www.gutenberg.org/ebooks/42.txt.utf-8,111,"do better still, and laying out the surplus of their gains in coquetry;"
42,The strange case of Dr. Jekyll and Mr. Hyde,"Stevenson, Robert Louis",https://www.gutenberg.org/ebooks/42.txt.utf-8,112,so that the shop fronts stood along that thoroughfare with an air of
42,The strange case of Dr. Jekyll and Mr. Hyde,"Stevenson, Robert Louis",https://www.gutenberg.org/ebooks/42.txt.utf-8,113,"invitation, like rows of smiling saleswomen. Even on Sunday, when it"
42,The strange case of Dr. Jekyll and Mr. Hyde,"Stevenson, Robert Louis",https://www.gutenberg.org/ebooks/42.txt.utf-8,114,"veiled its more florid charms and lay comparatively empty of passage,"
42,The strange case of Dr. Jekyll and Mr. Hyde,"Stevenson, Robert Louis",https://www.gutenberg.org/ebooks/42.txt.utf-8,115,"the street shone out in contrast to its dingy neighbourhood, like a"
42,The strange case of Dr. Jekyll and Mr. Hyde,"Stevenson, Robert Louis",https://www.gutenberg.org/ebooks/42.txt.utf-8,116,"fire in a forest; and with its freshly painted shutters, well-polished"
42,The strange case of Dr. Jekyll and Mr. Hyde,"Stevenson, Robert Louis",https://www.gutenberg.org/ebooks/42.txt.utf-8,117,"brasses, and general cleanliness and gaiety of note, instantly caught"
42,The strange case of Dr. Jekyll and Mr. Hyde,"Stevenson, Robert Louis",https://www.gutenberg.org/ebooks/42.txt.utf-8,118,and pleased the eye of the passenger.
42,The strange case of Dr. Jekyll and Mr. Hyde,"Stevenson, Robert Louis",https://www.gutenberg.org/ebooks/42.txt.utf-8,119,
42,The strange case of Dr. Jekyll and Mr. Hyde,"Stevenson, Robert Louis",https://www.gutenberg.org/ebooks/42.txt.utf-8,120,"Two doors from one corner, on the left hand going east, the line was"
42,The strange case of Dr. Jekyll and Mr. Hyde,"Stevenson, Robert Louis",https://www.gutenberg.org/ebooks/42.txt.utf-8,121,"broken by the entry of a court; and just at that point, a certain"
42,The strange case of Dr. Jekyll and Mr. Hyde,"Stevenson, Robert Louis",https://www.gutenberg.org/ebooks/42.txt.utf-8,122,sinister block of building thrust forward its gable on the street. It
42,The strange case of Dr. Jekyll and Mr. Hyde,"Stevenson, Robert Louis",https://www.gutenberg.org/ebooks/42.txt.utf-8,123,"was two stories high; showed no window, nothing but a door on the lower"
42,The strange case of Dr. Jekyll and Mr. Hyde,"Stevenson, Robert Louis",https://www.gutenberg.org/ebooks/42.txt.utf-8,124,story and a blind forehead of discoloured wall on the upper; and bore
42,The strange case of Dr. Jekyll and Mr. Hyde,"Stevenson, Robert Louis",https://www.gutenberg.org/ebooks/42.txt.utf-8,125,"in every feature, the marks of prolonged and sordid negligence. The"
42,The strange case of Dr. Jekyll and Mr. Hyde,"Stevenson, Robert Louis",https://www.gutenberg.org/ebooks/42.txt.utf-8,126,"door, which was equipped with neither bell nor knocker, was blistered"
42,The strange case of Dr. Jekyll and Mr. Hyde,"Stevenson, Robert Louis",https://www.gutenberg.org/ebooks/42.txt.utf-8,127,and distained. Tramps slouched into the recess and struck matches on
42,The strange case of Dr. Jekyll and Mr. Hyde,"Stevenson, Robert Louis",https://www.gutenberg.org/ebooks/42.txt.utf-8,128,the panels; children kept shop upon the steps; the schoolboy had tried
42,The strange case of Dr. Jekyll and Mr. Hyde,"Stevenson, Robert Louis",https://www.gutenberg.org/ebooks/42.txt.utf-8,129,"his knife on the mouldings; and for close on a generation, no one had"
42,The strange case of Dr. Jekyll and Mr. Hyde,"Stevenson, Robert Louis",https://www.gutenberg.org/ebooks/42.txt.utf-8,130,appeared to drive away these random visitors or to repair their
42,The strange case of Dr. Jekyll and Mr. Hyde,"Stevenson, Robert Louis",https://www.gutenberg.org/ebooks/42.txt.utf-8,131,ravages.
42,The strange case of Dr. Jekyll and Mr. Hyde,"Stevenson, Robert Louis",https://www.gutenberg.org/ebooks/42.txt.utf-8,132,
42,The strange case of Dr. Jekyll and Mr. Hyde,"Stevenson, Robert Louis",https://www.gutenberg.org/ebooks/42.txt.utf-8,133,Mr. Enfield and the lawyer were on the other side of the by-street; but
42,The strange case of Dr. Jekyll and Mr. Hyde,"Stevenson, Robert Louis",https://www.gutenberg.org/ebooks/42.txt.utf-8,134,"when they came abreast of the entry, the former lifted up his cane and"
42,The strange case of Dr. Jekyll and Mr. Hyde,"Stevenson, Robert Louis",https://www.gutenberg.org/ebooks/42.txt.utf-8,135,pointed.
42,The strange case of Dr. Jekyll and Mr. Hyde,"Stevenson, Robert Louis",https://www.gutenberg.org/ebooks/42.txt.utf-8,136,
42,The strange case of Dr. Jekyll and Mr. Hyde,"Stevenson, Robert Louis",https://www.gutenberg.org/ebooks/42.txt.utf-8,137,“Did you ever remark that door?” he asked; and when his companion had
42,The strange case of Dr. Jekyll and Mr. Hyde,"Stevenson, Robert Louis",https://www.gutenberg.org/ebooks/42.txt.utf-8,138,"replied in the affirmative, “It is connected in my mind,” added he,"
42,The strange case of Dr. Jekyll and Mr. Hyde,"Stevenson, Robert Louis",https://www.gutenberg.org/ebooks/42.txt.utf-8,139,“with a very odd story.”
42,The strange case of Dr. Jekyll and Mr. Hyde,"Stevenson, Robert Louis",https://www.gutenberg.org/ebooks/42.txt.utf-8,140,
42,The strange case of Dr. Jekyll and Mr. Hyde,"Stevenson, Robert Louis",https://www.gutenberg.org/ebooks/42.txt.utf-8,141,"“Indeed?” said Mr. Utterson, with a slight change of voice, “and what"
42,The strange case of Dr. Jekyll and Mr. Hyde,"Stevenson, Robert Louis",https://www.gutenberg.org/ebooks/42.txt.utf-8,142,was that?”
42,The strange case of Dr. Jekyll and Mr. Hyde,"Stevenson, Robert Louis",https://www.gutenberg.org/ebooks/42.txt.utf-8,143,
42,The strange case of Dr. Jekyll and Mr. Hyde,"Stevenson, Robert Louis",https://www.gutenberg.org/ebooks/42.txt.utf-8,144,"“Well, it was this way,” returned Mr. Enfield: “I was coming home from"
42,The strange case of Dr. Jekyll and Mr. Hyde,"Stevenson, Robert Louis",https://www.gutenberg.org/ebooks/42.txt.utf-8,145,"some place at the end of the world, about three o’clock of a black"
42,The strange case of Dr. Jekyll and Mr. Hyde,"Stevenson, Robert Louis",https://www.gutenberg.org/ebooks/42.txt.utf-8,146,"winter morning, and my way lay through a part of town where there was"
42,The strange case of Dr. Jekyll and Mr. Hyde,"Stevenson, Robert Louis",https://www.gutenberg.org/ebooks/42.txt.utf-8,147,"literally nothing to be seen but lamps. Street after street, and all"
42,The strange case of Dr. Jekyll and Mr. Hyde,"Stevenson, Robert Louis",https://www.gutenberg.org/ebooks/42.txt.utf-8,148,"the folks asleep—street after street, all lighted up as if for a"
42,The strange case of Dr. Jekyll and Mr. Hyde,"Stevenson, Robert Louis",https://www.gutenberg.org/ebooks/42.txt.utf-8,149,procession and all as empty as a church—till at last I got into that
42,The strange case of Dr. Jekyll and Mr. Hyde,"Stevenson, Robert Louis",https://www.gutenberg.org/ebooks/42.txt.utf-8,150,state of mind when a man listens and listens and begins to long for the
42,The strange case of Dr. Jekyll and Mr. Hyde,"Stevenson, Robert Louis",https://www.gutenberg.org/ebooks/42.txt.utf-8,151,"sight of a policeman. All at once, I saw two figures: one a little man"
42,The strange case of Dr. Jekyll and Mr. Hyde,"Stevenson, Robert Louis",https://www.gutenberg.org/ebooks/42.txt.utf-8,152,"who was stumping along eastward at a good walk, and the other a girl of"
42,The strange case of Dr. Jekyll and Mr. Hyde,"Stevenson, Robert Louis",https://www.gutenberg.org/ebooks/42.txt.utf-8,153,maybe eight or ten who was running as hard as she was able down a cross
42,The strange case of Dr. Jekyll and Mr. Hyde,"Stevenson, Robert Louis",https://www.gutenberg.org/ebooks/42.txt.utf-8,154,"street. Well, sir, the two ran into one another naturally enough at the"
42,The strange case of Dr. Jekyll and Mr. Hyde,"Stevenson, Robert Louis",https://www.gutenberg.org/ebooks/42.txt.utf-8,155,corner; and then came the horrible part of the thing; for the man
42,The strange case of Dr. Jekyll and Mr. Hyde,"Stevenson, Robert Louis",https://www.gutenberg.org/ebooks/42.txt.utf-8,156,trampled calmly over the child’s body and left her screaming on the
42,The strange case of Dr. Jekyll and Mr. Hyde,"Stevenson, Robert Louis",https://www.gutenberg.org/ebooks/42.txt.utf-8,157,"ground. It sounds nothing to hear, but it was hellish to see. It wasn’t"
42,The strange case of Dr. Jekyll and Mr. Hyde,"Stevenson, Robert Louis",https://www.gutenberg.org/ebooks/42.txt.utf-8,158,"like a man; it was like some damned Juggernaut. I gave a view-halloa,"
42,The strange case of Dr. Jekyll and Mr. Hyde,"Stevenson, Robert Louis",https://www.gutenberg.org/ebooks/42.txt.utf-8,159,"took to my heels, collared my gentleman, and brought him back to where"
42,The strange case of Dr. Jekyll and Mr. Hyde,"Stevenson, Robert Louis",https://www.gutenberg.org/ebooks/42.txt.utf-8,160,there was already quite a group about the screaming child. He was
42,The strange case of Dr. Jekyll and Mr. Hyde,"Stevenson, Robert Louis",https://www.gutenberg.org/ebooks/42.txt.utf-8,161,"perfectly cool and made no resistance, but gave me one look, so ugly"
42,The strange case of Dr. Jekyll and Mr. Hyde,"Stevenson, Robert Louis",https://www.gutenberg.org/ebooks/42.txt.utf-8,162,that it brought out the sweat on me like running. The people who had
42,The strange case of Dr. Jekyll and Mr. Hyde,"Stevenson, Robert Louis",https://www.gutenberg.org/ebooks/42.txt.utf-8,163,"turned out were the girl’s own family; and pretty soon, the doctor, for"
42,The strange case of Dr. Jekyll and Mr. Hyde,"Stevenson, Robert Louis",https://www.gutenberg.org/ebooks/42.txt.utf-8,164,"whom she had been sent, put in his appearance. Well, the child was not"
42,The strange case of Dr. Jekyll and Mr. Hyde,"Stevenson, Robert Louis",https://www.gutenberg.org/ebooks/42.txt.utf-8,165,"much the worse, more frightened, according to the Sawbones; and there"
42,The strange case of Dr. Jekyll and Mr. Hyde,"Stevenson, Robert Louis",https://www.gutenberg.org/ebooks/42.txt.utf-8,166,you might have supposed would be an end to it. But there was one
42,The strange case of Dr. Jekyll and Mr. Hyde,"Stevenson, Robert Louis",https://www.gutenberg.org/ebooks/42.txt.utf-8,167,curious circumstance. I had taken a loathing to my gentleman at first
42,The strange case of Dr. Jekyll and Mr. Hyde,"Stevenson, Robert Louis",https://www.gutenberg.org/ebooks/42.txt.utf-8,168,"sight. So had the child’s family, which was only natural. But the"
42,The strange case of Dr. Jekyll and Mr. Hyde,"Stevenson, Robert Louis",https://www.gutenberg.org/ebooks/42.txt.utf-8,169,doctor’s case was what struck me. He was the usual cut-and-dry
42,The strange case of Dr. Jekyll and Mr. Hyde,"Stevenson, Robert Louis",https://www.gutenberg.org/ebooks/42.txt.utf-8,170,"apothecary, of no particular age and colour, with a strong Edinburgh"
42,The strange case of Dr. Jekyll and Mr. Hyde,"Stevenson, Robert Louis",https://www.gutenberg.org/ebooks/42.txt.utf-8,171,"accent, and about as emotional as a bagpipe. Well, sir, he was like the"
42,The strange case of Dr. Jekyll and Mr. Hyde,"Stevenson, Robert Louis",https://www.gutenberg.org/ebooks/42.txt.utf-8,172,"rest of us; every time he looked at my prisoner, I saw that Sawbones"
42,The strange case of Dr. Jekyll and Mr. Hyde,"Stevenson, Robert Louis",https://www.gutenberg.org/ebooks/42.txt.utf-8,173,turn sick and white with the desire to kill him. I knew what was in his
42,The strange case of Dr. Jekyll and Mr. Hyde,"Stevenson, Robert Louis",https://www.gutenberg.org/ebooks/42.txt.utf-8,174,"mind, just as he knew what was in mine; and killing being out of the"
42,The strange case of Dr. Jekyll and Mr. Hyde,"Stevenson, Robert Louis",https://www.gutenberg.org/ebooks/42.txt.utf-8,175,"question, we did the next best. We told the man we could and would make"
42,The strange case of Dr. Jekyll and Mr. Hyde,"Stevenson, Robert Louis",https://www.gutenberg.org/ebooks/42.txt.utf-8,176,"such a scandal out of this, as should make his name stink from one end"
42,The strange case of Dr. Jekyll and Mr. Hyde,"Stevenson, Robert Louis",https://www.gutenberg.org/ebooks/42.txt.utf-8,177,"of London to the other. If he had any friends or any credit, we"
42,The strange case of Dr. Jekyll and Mr. Hyde,"Stevenson, Robert Louis",https://www.gutenberg.org/ebooks/42.txt.utf-8,178,"undertook that he should lose them. And all the time, as we were"
42,The strange case of Dr. Jekyll and Mr. Hyde,"Stevenson, Robert Louis",https://www.gutenberg.org/ebooks/42.txt.utf-8,179,"pitching it in red hot, we were keeping the women off him as best we"
42,The strange case of Dr. Jekyll and Mr. Hyde,"Stevenson, Robert Louis",https://www.gutenberg.org/ebooks/42.txt.utf-8,180,"could, for they were as wild as harpies. I never saw a circle of such"
42,The strange case of Dr. Jekyll and Mr. Hyde,"Stevenson, Robert Louis",https://www.gutenberg.org/ebooks/42.txt.utf-8,181,"hateful faces; and there was the man in the middle, with a kind of"
42,The strange case of Dr. Jekyll and Mr. Hyde,"Stevenson, Robert Louis",https://www.gutenberg.org/ebooks/42.txt.utf-8,182,"black, sneering coolness—frightened too, I could see that—but carrying"
42,The strange case of Dr. Jekyll and Mr. Hyde,"Stevenson, Robert Louis",https://www.gutenberg.org/ebooks/42.txt.utf-8,183,"it off, sir, really like Satan. ‘If you choose to make capital out of"
42,The strange case of Dr. Jekyll and Mr. Hyde,"Stevenson, Robert Louis",https://www.gutenberg.org/ebooks/42.txt.utf-8,184,"this accident,’ said he, ‘I am naturally helpless. No gentleman but"
42,The strange case of Dr. Jekyll and Mr. Hyde,"Stevenson, Robert Louis",https://www.gutenberg.org/ebooks/42.txt.utf-8,185,"wishes to avoid a scene,’ says he. ‘Name your figure.’ Well, we screwed"
42,The strange case of Dr. Jekyll and Mr. Hyde,"Stevenson, Robert Louis",https://www.gutenberg.org/ebooks/42.txt.utf-8,186,him up to a hundred pounds for the child’s family; he would have
42,The strange case of Dr. Jekyll and Mr. Hyde,"Stevenson, Robert Louis",https://www.gutenberg.org/ebooks/42.txt.utf-8,187,clearly liked to stick out; but there was something about the lot of us
42,The strange case of Dr. Jekyll and Mr. Hyde,"Stevenson, Robert Louis",https://www.gutenberg.org/ebooks/42.txt.utf-8,188,"that meant mischief, and at last he struck. The next thing was to get"
42,The strange case of Dr. Jekyll and Mr. Hyde,"Stevenson, Robert Louis",https://www.gutenberg.org/ebooks/42.txt.utf-8,189,the money; and where do you think he carried us but to that place with
42,The strange case of Dr. Jekyll and Mr. Hyde,"Stevenson, Robert Louis",https://www.gutenberg.org/ebooks/42.txt.utf-8,190,"the door?— whipped out a key, went in, and presently came back with the"
42,The strange case of Dr. Jekyll and Mr. Hyde,"Stevenson, Robert Louis",https://www.gutenberg.org/ebooks/42.txt.utf-8,191,"matter of ten pounds in gold and a cheque for the balance on Coutts’s,"
42,The strange case of Dr. Jekyll and Mr. Hyde,"Stevenson, Robert Louis",https://www.gutenberg.org/ebooks/42.txt.utf-8,192,"drawn payable to bearer and signed with a name that I can’t mention,"
42,The strange case of Dr. Jekyll and Mr. Hyde,"Stevenson, Robert Louis",https://www.gutenberg.org/ebooks/42.txt.utf-8,193,"though it’s one of the points of my story, but it was a name at least"
42,The strange case of Dr. Jekyll and Mr. Hyde,"Stevenson, Robert Louis",https://www.gutenberg.org/ebooks/42.txt.utf-8,194,very well known and often printed. The figure was stiff; but the
42,The strange case of Dr. Jekyll and Mr. Hyde,"Stevenson, Robert Louis",https://www.gutenberg.org/ebooks/42.txt.utf-8,195,"signature was good for more than that, if it was only genuine. I took"
42,The strange case of Dr. Jekyll and Mr. Hyde,"Stevenson, Robert Louis",https://www.gutenberg.org/ebooks/42.txt.utf-8,196,the liberty of pointing out to my gentleman that the whole business
42,The strange case of Dr. Jekyll and Mr. Hyde,"Stevenson, Robert Louis",https://www.gutenberg.org/ebooks/42.txt.utf-8,197,"looked apocryphal, and that a man does not, in real life, walk into a"
42,The strange case of Dr. Jekyll and Mr. Hyde,"Stevenson, Robert Louis",https://www.gutenberg.org/ebooks/42.txt.utf-8,198,cellar door at four in the morning and come out of it with another
42,The strange case of Dr. Jekyll and Mr. Hyde,"Stevenson, Robert Louis",https://www.gutenberg.org/ebooks/42.txt.utf-8,199,man’s cheque for close upon a hundred pounds. But he was quite easy and
42,The strange case of Dr. Jekyll and Mr. Hyde,"Stevenson, Robert Louis",https://www.gutenberg.org/ebooks/42.txt.utf-8,200,"sneering. ‘Set your mind at rest,’ says he, ‘I will stay with you till"
42,The strange case of Dr. Jekyll and Mr. Hyde,"Stevenson, Robert Louis",https://www.gutenberg.org/ebooks/42.txt.utf-8,201,"the banks open and cash the cheque myself.’ So we all set off, the"
42,The strange case of Dr. Jekyll and Mr. Hyde,"Stevenson, Robert Louis",https://www.gutenberg.org/ebooks/42.txt.utf-8,202,"doctor, and the child’s father, and our friend and myself, and passed"
42,The strange case of Dr. Jekyll and Mr. Hyde,"Stevenson, Robert Louis",https://www.gutenberg.org/ebooks/42.txt.utf-8,203,"the rest of the night in my chambers; and next day, when we had"
42,The strange case of Dr. Jekyll and Mr. Hyde,"Stevenson, Robert Louis",https://www.gutenberg.org/ebooks/42.txt.utf-8,204,"breakfasted, went in a body to the bank. I gave in the check myself,"
42,The strange case of Dr. Jekyll and Mr. Hyde,"Stevenson, Robert Louis",https://www.gutenberg.org/ebooks/42.txt.utf-8,205,and said I had every reason to believe it was a forgery. Not a bit of
42,The strange case of Dr. Jekyll and Mr. Hyde,"Stevenson, Robert Louis",https://www.gutenberg.org/ebooks/42.txt.utf-8,206,it. The cheque was genuine.”
42,The strange case of Dr. Jekyll and Mr. Hyde,"Stevenson, Robert Louis",https://www.gutenberg.org/ebooks/42.txt.utf-8,207,
42,The strange case of Dr. Jekyll and Mr. Hyde,"Stevenson, Robert Louis",https://www.gutenberg.org/ebooks/42.txt.utf-8,208,"“Tut-tut,” said Mr. Utterson."
42,The strange case of Dr. Jekyll and Mr. Hyde,"Stevenson, Robert Louis",https://www.gutenberg.org/ebooks/42.txt.utf-8,209,
42,The strange case of Dr. Jekyll and Mr. Hyde,"Stevenson, Robert Louis",https://www.gutenberg.org/ebooks/42.txt.utf-8,210,"“I see you feel as I do,” said Mr. Enfield. “Yes, it’s a bad story. For"
42,The strange case of Dr. Jekyll and Mr. Hyde,"Stevenson, Robert Louis",https://www.gutenberg.org/ebooks/42.txt.utf-8,211,"my man was a fellow that nobody could have to do with, a really"
42,The strange case of Dr. Jekyll and Mr. Hyde,"Stevenson, Robert Louis",https://www.gutenberg.org/ebooks/42.txt.utf-8,212,damnable man; and the person that drew the cheque is the very pink of
42,The strange case of Dr. Jekyll and Mr. Hyde,"Stevenson, Robert Louis",https://www.gutenberg.org/ebooks/42.txt.utf-8,213,"the proprieties, celebrated too, and (what makes it worse) one of your"
42,The strange case of Dr. Jekyll and Mr. Hyde,"Stevenson, Robert Louis",https://www.gutenberg.org/ebooks/42.txt.utf-8,214,"fellows who do what they call good. Black-mail, I suppose; an honest"
42,The strange case of Dr. Jekyll and Mr. Hyde,"Stevenson, Robert Louis",https://www.gutenberg.org/ebooks/42.txt.utf-8,215,man paying through the nose for some of the capers of his youth.
42,The strange case of Dr. Jekyll and Mr. Hyde,"Stevenson, Robert Louis",https://www.gutenberg.org/ebooks/42.txt.utf-8,216,"Black-Mail House is what I call that place with the door, in"
42,The strange case of Dr. Jekyll and Mr. Hyde,"Stevenson, Robert Louis",https://www.gutenberg.org/ebooks/42.txt.utf-8,217,"consequence. Though even that, you know, is far from explaining all,”"
42,The strange case of Dr. Jekyll and Mr. Hyde,"Stevenson, Robert Louis",https://www.gutenberg.org/ebooks/42.txt.utf-8,218,"he added, and with the words fell into a vein of musing."
42,The strange case of Dr. Jekyll and Mr. Hyde,"Stevenson, Robert Louis",https://www.gutenberg.org/ebooks/42.txt.utf-8,219,
42,The strange case of Dr. Jekyll and Mr. Hyde,"Stevenson, Robert Louis",https://www.gutenberg.org/ebooks/42.txt.utf-8,220,From this he was recalled by Mr. Utterson asking rather suddenly: “And
42,The strange case of Dr. Jekyll and Mr. Hyde,"Stevenson, Robert Louis",https://www.gutenberg.org/ebooks/42.txt.utf-8,221,you don’t know if the drawer of the cheque lives there?”
42,The strange case of Dr. Jekyll and Mr. Hyde,"Stevenson, Robert Louis",https://www.gutenberg.org/ebooks/42.txt.utf-8,222,
42,The strange case of Dr. Jekyll and Mr. Hyde,"Stevenson, Robert Louis",https://www.gutenberg.org/ebooks/42.txt.utf-8,223,"“A likely place, isn’t it?” returned Mr. Enfield. “But I happen to have"
42,The strange case of Dr. Jekyll and Mr. Hyde,"Stevenson, Robert Louis",https://www.gutenberg.org/ebooks/42.txt.utf-8,224,noticed his address; he lives in some square or other.”
42,The strange case of Dr. Jekyll and Mr. Hyde,"Stevenson, Robert Louis",https://www.gutenberg.org/ebooks/42.txt.utf-8,225,
42,The strange case of Dr. Jekyll and Mr. Hyde,"Stevenson, Robert Louis",https://www.gutenberg.org/ebooks/42.txt.utf-8,226,“And you never asked about the—place with the door?” said Mr. Utterson.
42,The strange case of Dr. Jekyll and Mr. Hyde,"Stevenson, Robert Louis",https://www.gutenberg.org/ebooks/42.txt.utf-8,227,
42,The strange case of Dr. Jekyll and Mr. Hyde,"Stevenson, Robert Louis",https://www.gutenberg.org/ebooks/42.txt.utf-8,228,"“No, sir: I had a delicacy,” was the reply. “I feel very strongly about"
42,The strange case of Dr. Jekyll and Mr. Hyde,"Stevenson, Robert Louis",https://www.gutenberg.org/ebooks/42.txt.utf-8,229,putting questions; it partakes too much of the style of the day of
42,The strange case of Dr. Jekyll and Mr. Hyde,"Stevenson, Robert Louis",https://www.gutenberg.org/ebooks/42.txt.utf-8,230,"judgment. You start a question, and it’s like starting a stone. You sit"
42,The strange case of Dr. Jekyll and Mr. Hyde,"Stevenson, Robert Louis",https://www.gutenberg.org/ebooks/42.txt.utf-8,231,"quietly on the top of a hill; and away the stone goes, starting others;"
42,The strange case of Dr. Jekyll and Mr. Hyde,"Stevenson, Robert Louis",https://www.gutenberg.org/ebooks/42.txt.utf-8,232,and presently some bland old bird (the last you would have thought of)
42,The strange case of Dr. Jekyll and Mr. Hyde,"Stevenson, Robert Louis",https://www.gutenberg.org/ebooks/42.txt.utf-8,233,is knocked on the head in his own back-garden and the family have to
42,The strange case of Dr. Jekyll and Mr. Hyde,"Stevenson, Robert Louis",https://www.gutenberg.org/ebooks/42.txt.utf-8,234,"change their name. No, sir, I make it a rule of mine: the more it looks"
42,The strange case of Dr. Jekyll and Mr. Hyde,"Stevenson, Robert Louis",https://www.gutenberg.org/ebooks/42.txt.utf-8,235,"like Queer Street, the less I ask.”"
42,The strange case of Dr. Jekyll and Mr. Hyde,"Stevenson, Robert Louis",https://www.gutenberg.org/ebooks/42.txt.utf-8,236,
42,The strange case of Dr. Jekyll and Mr. Hyde,"Stevenson, Robert Louis",https://www.gutenberg.org/ebooks/42.txt.utf-8,237,"“A very good rule, too,” said the lawyer."
42,The strange case of Dr. Jekyll and Mr. Hyde,"Stevenson, Robert Louis",https://www.gutenberg.org/ebooks/42.txt.utf-8,238,
42,The strange case of Dr. Jekyll and Mr. Hyde,"Stevenson, Robert Louis",https://www.gutenberg.org/ebooks/42.txt.utf-8,239,"“But I have studied the place for myself,” continued Mr. Enfield. “It"
42,The strange case of Dr. Jekyll and Mr. Hyde,"Stevenson, Robert Louis",https://www.gutenberg.org/ebooks/42.txt.utf-8,240,"seems scarcely a house. There is no other door, and nobody goes in or"
42,The strange case of Dr. Jekyll and Mr. Hyde,"Stevenson, Robert Louis",https://www.gutenberg.org/ebooks/42.txt.utf-8,241,"out of that one but, once in a great while, the gentleman of my"
42,The strange case of Dr. Jekyll and Mr. Hyde,"Stevenson, Robert Louis",https://www.gutenberg.org/ebooks/42.txt.utf-8,242,adventure. There are three windows looking on the court on the first
42,The strange case of Dr. Jekyll and Mr. Hyde,"Stevenson, Robert Louis",https://www.gutenberg.org/ebooks/42.txt.utf-8,243,floor; none below; the windows are always shut but they’re clean. And
42,The strange case of Dr. Jekyll and Mr. Hyde,"Stevenson, Robert Louis",https://www.gutenberg.org/ebooks/42.txt.utf-8,244,then there is a chimney which is generally smoking; so somebody must
42,The strange case of Dr. Jekyll and Mr. Hyde,"Stevenson, Robert Louis",https://www.gutenberg.org/ebooks/42.txt.utf-8,245,live there. And yet it’s not so sure; for the buildings are so packed
42,The strange case of Dr. Jekyll and Mr. Hyde,"Stevenson, Robert Louis",https://www.gutenberg.org/ebooks/42.txt.utf-8,246,"together about that court, that it’s hard to say where one ends and"
42,The strange case of Dr. Jekyll and Mr. Hyde,"Stevenson, Robert Louis",https://www.gutenberg.org/ebooks/42.txt.utf-8,247,another begins.”
42,The strange case of Dr. Jekyll and Mr. Hyde,"Stevenson, Robert Louis",https://www.gutenberg.org/ebooks/42.txt.utf-8,248,
42,The strange case of Dr. Jekyll and Mr. Hyde,"Stevenson, Robert Louis",https://www.gutenberg.org/ebooks/42.txt.utf-8,249,"The pair walked on again for a while in silence; and then, “Enfield,”"
42,The strange case of Dr. Jekyll and Mr. Hyde,"Stevenson, Robert Louis",https://www.gutenberg.org/ebooks/42.txt.utf-8,250,"said Mr. Utterson, “that’s a good rule of yours.”"
42,The strange case of Dr. Jekyll and Mr. Hyde,"Stevenson, Robert Louis",https://www.gutenberg.org/ebooks/42.txt.utf-8,251,
42,The strange case of Dr. Jekyll and Mr. Hyde,"Stevenson, Robert Louis",https://www.gutenberg.org/ebooks/42.txt.utf-8,252,"“Yes, I think it is,” returned Enfield."
42,The strange case of Dr. Jekyll and Mr. Hyde,"Stevenson, Robert Louis",https://www.gutenberg.org/ebooks/42.txt.utf-8,253,
42,The strange case of Dr. Jekyll and Mr. Hyde,"Stevenson, Robert Louis",https://www.gutenberg.org/ebooks/42.txt.utf-8,254,"“But for all that,” continued the lawyer, “there’s one point I want to"
42,The strange case of Dr. Jekyll and Mr. Hyde,"Stevenson, Robert Louis",https://www.gutenberg.org/ebooks/42.txt.utf-8,255,ask: I want to ask the name of that man who walked over the child.”
42,The strange case of Dr. Jekyll and Mr. Hyde,"Stevenson, Robert Louis",https://www.gutenberg.org/ebooks/42.txt.utf-8,256,
42,The strange case of Dr. Jekyll and Mr. Hyde,"Stevenson, Robert Louis",https://www.gutenberg.org/ebooks/42.txt.utf-8,257,"“Well,” said Mr. Enfield, “I can’t see what harm it would do. It was a"
42,The strange case of Dr. Jekyll and Mr. Hyde,"Stevenson, Robert Louis",https://www.gutenberg.org/ebooks/42.txt.utf-8,258,man of the name of Hyde.”
42,The strange case of Dr. Jekyll and Mr. Hyde,"Stevenson, Robert Louis",https://www.gutenberg.org/ebooks/42.txt.utf-8,259,
42,The strange case of Dr. Jekyll and Mr. Hyde,"Stevenson, Robert Louis",https://www.gutenberg.org/ebooks/42.txt.utf-8,260,"“H’m,” said Mr. Utterson. “What sort of a man is he to see?”"
42,The strange case of Dr. Jekyll and Mr. Hyde,"Stevenson, Robert Louis",https://www.gutenberg.org/ebooks/42.txt.utf-8,261,
42,The strange case of Dr. Jekyll and Mr. Hyde,"Stevenson, Robert Louis",https://www.gutenberg.org/ebooks/42.txt.utf-8,262,“He is not easy to describe. There is something wrong with his
42,The strange case of Dr. Jekyll and Mr. Hyde,"Stevenson, Robert Louis",https://www.gutenberg.org/ebooks/42.txt.utf-8,263,"appearance; something displeasing, something downright detestable. I"
42,The strange case of Dr. Jekyll and Mr. Hyde,"Stevenson, Robert Louis",https://www.gutenberg.org/ebooks/42.txt.utf-8,264,"never saw a man I so disliked, and yet I scarce know why. He must be"
42,The strange case of Dr. Jekyll and Mr. Hyde,"Stevenson, Robert Louis",https://www.gutenberg.org/ebooks/42.txt.utf-8,265,"deformed somewhere; he gives a strong feeling of deformity, although I"
42,The strange case of Dr. Jekyll and Mr. Hyde,"Stevenson, Robert Louis",https://www.gutenberg.org/ebooks/42.txt.utf-8,266,"couldn’t specify the point. He’s an extraordinary-looking man, and yet"
42,The strange case of Dr. Jekyll and Mr. Hyde,"Stevenson, Robert Louis",https://www.gutenberg.org/ebooks/42.txt.utf-8,267,"I really can name nothing out of the way. No, sir; I can make no hand"
42,The strange case of Dr. Jekyll and Mr. Hyde,"Stevenson, Robert Louis",https://www.gutenberg.org/ebooks/42.txt.utf-8,268,of it; I can’t describe him. And it’s not want of memory; for I declare
42,The strange case of Dr. Jekyll and Mr. Hyde,"Stevenson, Robert Louis",https://www.gutenberg.org/ebooks/42.txt.utf-8,269,I can see him this moment.”
42,The strange case of Dr. Jekyll and Mr. Hyde,"Stevenson, Robert Louis",https://www.gutenberg.org/ebooks/42.txt.utf-8,270,
42,The strange case of Dr. Jekyll and Mr. Hyde,"Stevenson, Robert Louis",https://www.gutenberg.org/ebooks/42.txt.utf-8,271,Mr. Utterson again walked some way in silence and obviously under a
42,The strange case of Dr. Jekyll and Mr. Hyde,"Stevenson, Robert Louis",https://www.gutenberg.org/ebooks/42.txt.utf-8,272,weight of consideration.
42,The strange case of Dr. Jekyll and Mr. Hyde,"Stevenson, Robert Louis",https://www.gutenberg.org/ebooks/42.txt.utf-8,273,
42,The strange case of Dr. Jekyll and Mr. Hyde,"Stevenson, Robert Louis",https://www.gutenberg.org/ebooks/42.txt.utf-8,274,“You are sure he used a key?” he inquired at last.
42,The strange case of Dr. Jekyll and Mr. Hyde,"Stevenson, Robert Louis",https://www.gutenberg.org/ebooks/42.txt.utf-8,275,
42,The strange case of Dr. Jekyll and Mr. Hyde,"Stevenson, Robert Louis",https://www.gutenberg.org/ebooks/42.txt.utf-8,276,"“My dear sir…” began Enfield, surprised out of himself."
42,The strange case of Dr. Jekyll and Mr. Hyde,"Stevenson, Robert Louis",https://www.gutenberg.org/ebooks/42.txt.utf-8,277,
42,The strange case of Dr. Jekyll and Mr. Hyde,"Stevenson, Robert Louis",https://www.gutenberg.org/ebooks/42.txt.utf-8,278,"“Yes, I know,” said Utterson; “I know it must seem strange. The fact"
42,The strange case of Dr. Jekyll and Mr. Hyde,"Stevenson, Robert Louis",https://www.gutenberg.org/ebooks/42.txt.utf-8,279,"is, if I do not ask you the name of the other party, it is because I"
42,The strange case of Dr. Jekyll and Mr. Hyde,"Stevenson, Robert Louis",https://www.gutenberg.org/ebooks/42.txt.utf-8,280,"know it already. You see, Richard, your tale has gone home. If you have"
42,The strange case of Dr. Jekyll and Mr. Hyde,"Stevenson, Robert Louis",https://www.gutenberg.org/ebooks/42.txt.utf-8,281,"been inexact in any point, you had better correct it.”"
42,The strange case of Dr. Jekyll and Mr. Hyde,"Stevenson, Robert Louis",https://www.gutenberg.org/ebooks/42.txt.utf-8,282,
42,The strange case of Dr. Jekyll and Mr. Hyde,"Stevenson, Robert Louis",https://www.gutenberg.org/ebooks/42.txt.utf-8,283,"“I think you might have warned me,” returned the other, with a touch of"
42,The strange case of Dr. Jekyll and Mr. Hyde,"Stevenson, Robert Louis",https://www.gutenberg.org/ebooks/42.txt.utf-8,284,"sullenness. “But I have been pedantically exact, as you call it. The"
42,The strange case of Dr. Jekyll and Mr. Hyde,"Stevenson, Robert Louis",https://www.gutenberg.org/ebooks/42.txt.utf-8,285,"fellow had a key; and what’s more, he has it still. I saw him use it,"
42,The strange case of Dr. Jekyll and Mr. Hyde,"Stevenson, Robert Louis",https://www.gutenberg.org/ebooks/42.txt.utf-8,286,not a week ago.”
42,The strange case of Dr. Jekyll and Mr. Hyde,"Stevenson, Robert Louis",https://www.gutenberg.org/ebooks/42.txt.utf-8,287,
42,The strange case of Dr. Jekyll and Mr. Hyde,"Stevenson, Robert Louis",https://www.gutenberg.org/ebooks/42.txt.utf-8,288,Mr. Utterson sighed deeply but said never a word; and the young man
42,The strange case of Dr. Jekyll and Mr. Hyde,"Stevenson, Robert Louis",https://www.gutenberg.org/ebooks/42.txt.utf-8,289,"presently resumed. “Here is another lesson to say nothing,” said he. “I"
42,The strange case of Dr. Jekyll and Mr. Hyde,"Stevenson, Robert Louis",https://www.gutenberg.org/ebooks/42.txt.utf-8,290,am ashamed of my long tongue. Let us make a bargain never to refer to
42,The strange case of Dr. Jekyll and Mr. Hyde,"Stevenson, Robert Louis",https://www.gutenberg.org/ebooks/42.txt.utf-8,291,this again.”
42,The strange case of Dr. Jekyll and Mr. Hyde,"Stevenson, Robert Louis",https://www.gutenberg.org/ebooks/42.txt.utf-8,292,
42,The strange case of Dr. Jekyll and Mr. Hyde,"Stevenson, Robert Louis",https://www.gutenberg.org/ebooks/42.txt.utf-8,293,"“With all my heart,” said the lawyer. “I shake hands on that, Richard.”"
42,The strange case of Dr. Jekyll and Mr. Hyde,"Stevenson, Robert Louis",https://www.gutenberg.org/ebooks/42.txt.utf-8,294,
42,The strange case of Dr. Jekyll and Mr. Hyde,"Stevenson, Robert Louis",https://www.gutenberg.org/ebooks/42.txt.utf-8,295,
42,The strange case of Dr. Jekyll and Mr. Hyde,"Stevenson, Robert Louis",https://www.gutenberg.org/ebooks/42.txt.utf-8,296,
42,The strange case of Dr. Jekyll and Mr. Hyde,"Stevenson, Robert Louis",https://www.gutenberg.org/ebooks/42.txt.utf-8,297,
42,The strange case of Dr. Jekyll and Mr. Hyde,"Stevenson, Robert Louis",https://www.gutenberg.org/ebooks/42.txt.utf-8,298,SEARCH FOR MR. HYDE
42,The strange case of Dr. Jekyll and Mr. Hyde,"Stevenson, Robert Louis",https://www.gutenberg.org/ebooks/42.txt.utf-8,299,
42,The strange case of Dr. Jekyll and Mr. Hyde,"Stevenson, Robert Louis",https://www.gutenberg.org/ebooks/42.txt.utf-8,300,
42,The strange case of Dr. Jekyll and Mr. Hyde,"Stevenson, Robert Louis",https://www.gutenberg.org/ebooks/42.txt.utf-8,301,That evening Mr. Utterson came home to his bachelor house in sombre
42,The strange case of Dr. Jekyll and Mr. Hyde,"Stevenson, Robert Louis",https://www.gutenberg.org/ebooks/42.txt.utf-8,302,spirits and sat down to dinner without relish. It was his custom of a
42,The strange case of Dr. Jekyll and Mr. Hyde,"Stevenson, Robert Louis",https://www.gutenberg.org/ebooks/42.txt.utf-8,303,"Sunday, when this meal was over, to sit close by the fire, a volume of"
42,The strange case of Dr. Jekyll and Mr. Hyde,"Stevenson, Robert Louis",https://www.gutenberg.org/ebooks/42.txt.utf-8,304,"some dry divinity on his reading-desk, until the clock of the"
42,The strange case of Dr. Jekyll and Mr. Hyde,"Stevenson, Robert Louis",https://www.gutenberg.org/ebooks/42.txt.utf-8,305,"neighbouring church rang out the hour of twelve, when he would go"
42,The strange case of Dr. Jekyll and Mr. Hyde,"Stevenson, Robert Louis",https://www.gutenberg.org/ebooks/42.txt.utf-8,306,"soberly and gratefully to bed. On this night, however, as soon as the"
42,The strange case of Dr. Jekyll and Mr. Hyde,"Stevenson, Robert Louis",https://www.gutenberg.org/ebooks/42.txt.utf-8,307,"cloth was taken away, he took up a candle and went into his"
42,The strange case of Dr. Jekyll and Mr. Hyde,"Stevenson, Robert Louis",https://www.gutenberg.org/ebooks/42.txt.utf-8,308,"business-room. There he opened his safe, took from the most private"
42,The strange case of Dr. Jekyll and Mr. Hyde,"Stevenson, Robert Louis",https://www.gutenberg.org/ebooks/42.txt.utf-8,309,"part of it a document endorsed on the envelope as Dr. Jekyll’s Will,"
42,The strange case of Dr. Jekyll and Mr. Hyde,"Stevenson, Robert Louis",https://www.gutenberg.org/ebooks/42.txt.utf-8,310,and sat down with a clouded brow to study its contents. The will was
42,The strange case of Dr. Jekyll and Mr. Hyde,"Stevenson, Robert Louis",https://www.gutenberg.org/ebooks/42.txt.utf-8,311,"holograph, for Mr. Utterson, though he took charge of it now that it"
42,The strange case of Dr. Jekyll and Mr. Hyde,"Stevenson, Robert Louis",https://www.gutenberg.org/ebooks/42.txt.utf-8,312,"was made, had refused to lend the least assistance in the making of it;"
42,The strange case of Dr. Jekyll and Mr. Hyde,"Stevenson, Robert Louis",https://www.gutenberg.org/ebooks/42.txt.utf-8,313,"it provided not only that, in case of the decease of Henry Jekyll,"
42,The strange case of Dr. Jekyll and Mr. Hyde,"Stevenson, Robert Louis",https://www.gutenberg.org/ebooks/42.txt.utf-8,314,"M.D., D.C.L., L.L.D., F.R.S., etc., all his possessions were to pass"
42,The strange case of Dr. Jekyll and Mr. Hyde,"Stevenson, Robert Louis",https://www.gutenberg.org/ebooks/42.txt.utf-8,315,"into the hands of his “friend and benefactor Edward Hyde,” but that in"
42,The strange case of Dr. Jekyll and Mr. Hyde,"Stevenson, Robert Louis",https://www.gutenberg.org/ebooks/42.txt.utf-8,316,case of Dr. Jekyll’s “disappearance or unexplained absence for any
42,The strange case of Dr. Jekyll and Mr. Hyde,"Stevenson, Robert Louis",https://www.gutenberg.org/ebooks/42.txt.utf-8,317,"period exceeding three calendar months,” the said Edward Hyde should"
42,The strange case of Dr. Jekyll and Mr. Hyde,"Stevenson, Robert Louis",https://www.gutenberg.org/ebooks/42.txt.utf-8,318,step into the said Henry Jekyll’s shoes without further delay and free
42,The strange case of Dr. Jekyll and Mr. Hyde,"Stevenson, Robert Louis",https://www.gutenberg.org/ebooks/42.txt.utf-8,319,"from any burthen or obligation, beyond the payment of a few small sums"
42,The strange case of Dr. Jekyll and Mr. Hyde,"Stevenson, Robert Louis",https://www.gutenberg.org/ebooks/42.txt.utf-8,320,to the members of the doctor’s household. This document had long been
42,The strange case of Dr. Jekyll and Mr. Hyde,"Stevenson, Robert Louis",https://www.gutenberg.org/ebooks/42.txt.utf-8,321,the lawyer’s eyesore. It offended him both as a lawyer and as a lover
42,The strange case of Dr. Jekyll and Mr. Hyde,"Stevenson, Robert Louis",https://www.gutenberg.org/ebooks/42.txt.utf-8,322,"of the sane and customary sides of life, to whom the fanciful was the"
42,The strange case of Dr. Jekyll and Mr. Hyde,"Stevenson, Robert Louis",https://www.gutenberg.org/ebooks/42.txt.utf-8,323,immodest. And hitherto it was his ignorance of Mr. Hyde that had
42,The strange case of Dr. Jekyll and Mr. Hyde,"Stevenson, Robert Louis",https://www.gutenberg.org/ebooks/42.txt.utf-8,324,"swelled his indignation; now, by a sudden turn, it was his knowledge."
42,The strange case of Dr. Jekyll and Mr. Hyde,"Stevenson, Robert Louis",https://www.gutenberg.org/ebooks/42.txt.utf-8,325,It was already bad enough when the name was but a name of which he
42,The strange case of Dr. Jekyll and Mr. Hyde,"Stevenson, Robert Louis",https://www.gutenberg.org/ebooks/42.txt.utf-8,326,could learn no more. It was worse when it began to be clothed upon with
42,The strange case of Dr. Jekyll and Mr. Hyde,"Stevenson, Robert Louis",https://www.gutenberg.org/ebooks/42.txt.utf-8,327,"detestable attributes; and out of the shifting, insubstantial mists"
42,The strange case of Dr. Jekyll and Mr. Hyde,"Stevenson, Robert Louis",https://www.gutenberg.org/ebooks/42.txt.utf-8,328,"that had so long baffled his eye, there leaped up the sudden, definite"
42,The strange case of Dr. Jekyll and Mr. Hyde,"Stevenson, Robert Louis",https://www.gutenberg.org/ebooks/42.txt.utf-8,329,presentment of a fiend.
42,The strange case of Dr. Jekyll and Mr. Hyde,"Stevenson, Robert Louis",https://www.gutenberg.org/ebooks/42.txt.utf-8,330,
42,The strange case of Dr. Jekyll and Mr. Hyde,"Stevenson, Robert Louis",https://www.gutenberg.org/ebooks/42.txt.utf-8,331,"“I thought it was madness,” he said, as he replaced the obnoxious paper"
42,The strange case of Dr. Jekyll and Mr. Hyde,"Stevenson, Robert Louis",https://www.gutenberg.org/ebooks/42.txt.utf-8,332,"in the safe, “and now I begin to fear it is disgrace.”"
42,The strange case of Dr. Jekyll and Mr. Hyde,"Stevenson, Robert Louis",https://www.gutenberg.org/ebooks/42.txt.utf-8,333,
42,The strange case of Dr. Jekyll and Mr. Hyde,"Stevenson, Robert Louis",https://www.gutenberg.org/ebooks/42.txt.utf-8,334,"With that he blew out his candle, put on a great-coat, and set forth in"
42,The strange case of Dr. Jekyll and Mr. Hyde,"Stevenson, Robert Louis",https://www.gutenberg.org/ebooks/42.txt.utf-8,335,"the direction of Cavendish Square, that citadel of medicine, where his"
42,The strange case of Dr. Jekyll and Mr. Hyde,"Stevenson, Robert Louis",https://www.gutenberg.org/ebooks/42.txt.utf-8,336,"friend, the great Dr. Lanyon, had his house and received his crowding"
42,The strange case of Dr. Jekyll and Mr. Hyde,"Stevenson, Robert Louis",https://www.gutenberg.org/ebooks/42.txt.utf-8,337,"patients. “If any one knows, it will be Lanyon,” he had thought."
42,The strange case of Dr. Jekyll and Mr. Hyde,"Stevenson, Robert Louis",https://www.gutenberg.org/ebooks/42.txt.utf-8,338,
42,The strange case of Dr. Jekyll and Mr. Hyde,"Stevenson, Robert Louis",https://www.gutenberg.org/ebooks/42.txt.utf-8,339,The solemn butler knew and welcomed him; he was subjected to no stage
42,The strange case of Dr. Jekyll and Mr. Hyde,"Stevenson, Robert Louis",https://www.gutenberg.org/ebooks/42.txt.utf-8,340,"of delay, but ushered direct from the door to the dining-room where Dr."
42,The strange case of Dr. Jekyll and Mr. Hyde,"Stevenson, Robert Louis",https://www.gutenberg.org/ebooks/42.txt.utf-8,341,"Lanyon sat alone over his wine. This was a hearty, healthy, dapper,"
42,The strange case of Dr. Jekyll and Mr. Hyde,"Stevenson, Robert Louis",https://www.gutenberg.org/ebooks/42.txt.utf-8,342,"red-faced gentleman, with a shock of hair prematurely white, and a"
42,The strange case of Dr. Jekyll and Mr. Hyde,"Stevenson, Robert Louis",https://www.gutenberg.org/ebooks/42.txt.utf-8,343,"boisterous and decided manner. At sight of Mr. Utterson, he sprang up"
42,The strange case of Dr. Jekyll and Mr. Hyde,"Stevenson, Robert Louis",https://www.gutenberg.org/ebooks/42.txt.utf-8,344,"from his chair and welcomed him with both hands. The geniality, as was"
42,The strange case of Dr. Jekyll and Mr. Hyde,"Stevenson, Robert Louis",https://www.gutenberg.org/ebooks/42.txt.utf-8,345,"the way of the man, was somewhat theatrical to the eye; but it reposed"
42,The strange case of Dr. Jekyll and Mr. Hyde,"Stevenson, Robert Louis",https://www.gutenberg.org/ebooks/42.txt.utf-8,346,"on genuine feeling. For these two were old friends, old mates both at"
42,The strange case of Dr. Jekyll and Mr. Hyde,"Stevenson, Robert Louis",https://www.gutenberg.org/ebooks/42.txt.utf-8,347,"school and college, both thorough respecters of themselves and of each"
42,The strange case of Dr. Jekyll and Mr. Hyde,"Stevenson, Robert Louis",https://www.gutenberg.org/ebooks/42.txt.utf-8,348,"other, and, what does not always follow, men who thoroughly enjoyed"
42,The strange case of Dr. Jekyll and Mr. Hyde,"Stevenson, Robert Louis",https://www.gutenberg.org/ebooks/42.txt.utf-8,349,each other’s company.
42,The strange case of Dr. Jekyll and Mr. Hyde,"Stevenson, Robert Louis",https://www.gutenberg.org/ebooks/42.txt.utf-8,350,
42,The strange case of Dr. Jekyll and Mr. Hyde,"Stevenson, Robert Louis",https://www.gutenberg.org/ebooks/42.txt.utf-8,351,"After a little rambling talk, the lawyer led up to the subject which so"
42,The strange case of Dr. Jekyll and Mr. Hyde,"Stevenson, Robert Louis",https://www.gutenberg.org/ebooks/42.txt.utf-8,352,disagreeably pre-occupied his mind.
42,The strange case of Dr. Jekyll and Mr. Hyde,"Stevenson, Robert Louis",https://www.gutenberg.org/ebooks/42.txt.utf-8,353,
42,The strange case of Dr. Jekyll and Mr. Hyde,"Stevenson, Robert Louis",https://www.gutenberg.org/ebooks/42.txt.utf-8,354,"“I suppose, Lanyon,” said he “you and I must be the two oldest friends"
42,The strange case of Dr. Jekyll and Mr. Hyde,"Stevenson, Robert Louis",https://www.gutenberg.org/ebooks/42.txt.utf-8,355,that Henry Jekyll has?”
42,The strange case of Dr. Jekyll and Mr. Hyde,"Stevenson, Robert Louis",https://www.gutenberg.org/ebooks/42.txt.utf-8,356,
42,The strange case of Dr. Jekyll and Mr. Hyde,"Stevenson, Robert Louis",https://www.gutenberg.org/ebooks/42.txt.utf-8,357,"“I wish the friends were younger,” chuckled Dr. Lanyon. “But I suppose"
42,The strange case of Dr. Jekyll and Mr. Hyde,"Stevenson, Robert Louis",https://www.gutenberg.org/ebooks/42.txt.utf-8,358,we are. And what of that? I see little of him now.”
42,The strange case of Dr. Jekyll and Mr. Hyde,"Stevenson, Robert Louis",https://www.gutenberg.org/ebooks/42.txt.utf-8,359,
42,The strange case of Dr. Jekyll and Mr. Hyde,"Stevenson, Robert Louis",https://www.gutenberg.org/ebooks/42.txt.utf-8,360,“Indeed?” said Utterson. “I thought you had a bond of common interest.”
42,The strange case of Dr. Jekyll and Mr. Hyde,"Stevenson, Robert Louis",https://www.gutenberg.org/ebooks/42.txt.utf-8,361,
42,The strange case of Dr. Jekyll and Mr. Hyde,"Stevenson, Robert Louis",https://www.gutenberg.org/ebooks/42.txt.utf-8,362,"“We had,” was the reply. “But it is more than ten years since Henry"
42,The strange case of Dr. Jekyll and Mr. Hyde,"Stevenson, Robert Louis",https://www.gutenberg.org/ebooks/42.txt.utf-8,363,"Jekyll became too fanciful for me. He began to go wrong, wrong in mind;"
42,The strange case of Dr. Jekyll and Mr. Hyde,"Stevenson, Robert Louis",https://www.gutenberg.org/ebooks/42.txt.utf-8,364,and though of course I continue to take an interest in him for old
42,The strange case of Dr. Jekyll and Mr. Hyde,"Stevenson, Robert Louis",https://www.gutenberg.org/ebooks/42.txt.utf-8,365,"sake’s sake, as they say, I see and I have seen devilish little of the"
42,The strange case of Dr. Jekyll and Mr. Hyde,"Stevenson, Robert Louis",https://www.gutenberg.org/ebooks/42.txt.utf-8,366,"man. Such unscientific balderdash,” added the doctor, flushing suddenly"
42,The strange case of Dr. Jekyll and Mr. Hyde,"Stevenson, Robert Louis",https://www.gutenberg.org/ebooks/42.txt.utf-8,367,"purple, “would have estranged Damon and Pythias.”"
42,The strange case of Dr. Jekyll and Mr. Hyde,"Stevenson, Robert Louis",https://www.gutenberg.org/ebooks/42.txt.utf-8,368,
42,The strange case of Dr. Jekyll and Mr. Hyde,"Stevenson, Robert Louis",https://www.gutenberg.org/ebooks/42.txt.utf-8,369,This little spirit of temper was somewhat of a relief to Mr. Utterson.
42,The strange case of Dr. Jekyll and Mr. Hyde,"Stevenson, Robert Louis",https://www.gutenberg.org/ebooks/42.txt.utf-8,370,"“They have only differed on some point of science,” he thought; and"
42,The strange case of Dr. Jekyll and Mr. Hyde,"Stevenson, Robert Louis",https://www.gutenberg.org/ebooks/42.txt.utf-8,371,being a man of no scientific passions (except in the matter of
42,The strange case of Dr. Jekyll and Mr. Hyde,"Stevenson, Robert Louis",https://www.gutenberg.org/ebooks/42.txt.utf-8,372,"conveyancing), he even added: “It is nothing worse than that!” He gave"
42,The strange case of Dr. Jekyll and Mr. Hyde,"Stevenson, Robert Louis",https://www.gutenberg.org/ebooks/42.txt.utf-8,373,"his friend a few seconds to recover his composure, and then approached"
42,The strange case of Dr. Jekyll and Mr. Hyde,"Stevenson, Robert Louis",https://www.gutenberg.org/ebooks/42.txt.utf-8,374,the question he had come to put. “Did you ever come across a protege of
42,The strange case of Dr. Jekyll and Mr. Hyde,"Stevenson, Robert Louis",https://www.gutenberg.org/ebooks/42.txt.utf-8,375,his—one Hyde?” he asked.
42,The strange case of Dr. Jekyll and Mr. Hyde,"Stevenson, Robert Louis",https://www.gutenberg.org/ebooks/42.txt.utf-8,376,
42,The strange case of Dr. Jekyll and Mr. Hyde,"Stevenson, Robert Louis",https://www.gutenberg.org/ebooks/42.txt.utf-8,377,“Hyde?” repeated Lanyon. “No. Never heard of him. Since my time.”
42,The strange case of Dr. Jekyll and Mr. Hyde,"Stevenson, Robert Louis",https://www.gutenberg.org/ebooks/42.txt.utf-8,378,
42,The strange case of Dr. Jekyll and Mr. Hyde,"Stevenson, Robert Louis",https://www.gutenberg.org/ebooks/42.txt.utf-8,379,That was the amount of information that the lawyer carried back with
42,The strange case of Dr. Jekyll and Mr. Hyde,"Stevenson, Robert Louis",https://www.gutenberg.org/ebooks/42.txt.utf-8,380,"him to the great, dark bed on which he tossed to and fro, until the"
42,The strange case of Dr. Jekyll and Mr. Hyde,"Stevenson, Robert Louis",https://www.gutenberg.org/ebooks/42.txt.utf-8,381,small hours of the morning began to grow large. It was a night of
42,The strange case of Dr. Jekyll and Mr. Hyde,"Stevenson, Robert Louis",https://www.gutenberg.org/ebooks/42.txt.utf-8,382,"little ease to his toiling mind, toiling in mere darkness and besieged"
42,The strange case of Dr. Jekyll and Mr. Hyde,"Stevenson, Robert Louis",https://www.gutenberg.org/ebooks/42.txt.utf-8,383,by questions.
42,The strange case of Dr. Jekyll and Mr. Hyde,"Stevenson, Robert Louis",https://www.gutenberg.org/ebooks/42.txt.utf-8,384,
42,The strange case of Dr. Jekyll and Mr. Hyde,"Stevenson, Robert Louis",https://www.gutenberg.org/ebooks/42.txt.utf-8,385,Six o’clock struck on the bells of the church that was so conveniently
42,The strange case of Dr. Jekyll and Mr. Hyde,"Stevenson, Robert Louis",https://www.gutenberg.org/ebooks/42.txt.utf-8,386,"near to Mr. Utterson’s dwelling, and still he was digging at the"
42,The strange case of Dr. Jekyll and Mr. Hyde,"Stevenson, Robert Louis",https://www.gutenberg.org/ebooks/42.txt.utf-8,387,problem. Hitherto it had touched him on the intellectual side alone;
42,The strange case of Dr. Jekyll and Mr. Hyde,"Stevenson, Robert Louis",https://www.gutenberg.org/ebooks/42.txt.utf-8,388,"but now his imagination also was engaged, or rather enslaved; and as he"
42,The strange case of Dr. Jekyll and Mr. Hyde,"Stevenson, Robert Louis",https://www.gutenberg.org/ebooks/42.txt.utf-8,389,lay and tossed in the gross darkness of the night and the curtained
42,The strange case of Dr. Jekyll and Mr. Hyde,"Stevenson, Robert Louis",https://www.gutenberg.org/ebooks/42.txt.utf-8,390,"room, Mr. Enfield’s tale went by before his mind in a scroll of lighted"
42,The strange case of Dr. Jekyll and Mr. Hyde,"Stevenson, Robert Louis",https://www.gutenberg.org/ebooks/42.txt.utf-8,391,pictures. He would be aware of the great field of lamps of a nocturnal
42,The strange case of Dr. Jekyll and Mr. Hyde,"Stevenson, Robert Louis",https://www.gutenberg.org/ebooks/42.txt.utf-8,392,city; then of the figure of a man walking swiftly; then of a child
42,The strange case of Dr. Jekyll and Mr. Hyde,"Stevenson, Robert Louis",https://www.gutenberg.org/ebooks/42.txt.utf-8,393,"running from the doctor’s; and then these met, and that human"
42,The strange case of Dr. Jekyll and Mr. Hyde,"Stevenson, Robert Louis",https://www.gutenberg.org/ebooks/42.txt.utf-8,394,Juggernaut trod the child down and passed on regardless of her screams.
42,The strange case of Dr. Jekyll and Mr. Hyde,"Stevenson, Robert Louis",https://www.gutenberg.org/ebooks/42.txt.utf-8,395,"Or else he would see a room in a rich house, where his friend lay"
42,The strange case of Dr. Jekyll and Mr. Hyde,"Stevenson, Robert Louis",https://www.gutenberg.org/ebooks/42.txt.utf-8,396,"asleep, dreaming and smiling at his dreams; and then the door of that"
42,The strange case of Dr. Jekyll and Mr. Hyde,"Stevenson, Robert Louis",https://www.gutenberg.org/ebooks/42.txt.utf-8,397,"room would be opened, the curtains of the bed plucked apart, the"
42,The strange case of Dr. Jekyll and Mr. Hyde,"Stevenson, Robert Louis",https://www.gutenberg.org/ebooks/42.txt.utf-8,398,"sleeper recalled, and lo! there would stand by his side a figure to"
42,The strange case of Dr. Jekyll and Mr. Hyde,"Stevenson, Robert Louis",https://www.gutenberg.org/ebooks/42.txt.utf-8,399,"whom power was given, and even at that dead hour, he must rise and do"
42,The strange case of Dr. Jekyll and Mr. Hyde,"Stevenson, Robert Louis",https://www.gutenberg.org/ebooks/42.txt.utf-8,400,its bidding. The figure in these two phases haunted the lawyer all
42,The strange case of Dr. Jekyll and Mr. Hyde,"Stevenson, Robert Louis",https://www.gutenberg.org/ebooks/42.txt.utf-8,401,"night; and if at any time he dozed over, it was but to see it glide"
42,The strange case of Dr. Jekyll and Mr. Hyde,"Stevenson, Robert Louis",https://www.gutenberg.org/ebooks/42.txt.utf-8,402,"more stealthily through sleeping houses, or move the more swiftly and"
42,The strange case of Dr. Jekyll and Mr. Hyde,"Stevenson, Robert Louis",https://www.gutenberg.org/ebooks/42.txt.utf-8,403,"still the more swiftly, even to dizziness, through wider labyrinths of"
42,The strange case of Dr. Jekyll and Mr. Hyde,"Stevenson, Robert Louis",https://www.gutenberg.org/ebooks/42.txt.utf-8,404,"lamplighted city, and at every street-corner crush a child and leave"
42,The strange case of Dr. Jekyll and Mr. Hyde,"Stevenson, Robert Louis",https://www.gutenberg.org/ebooks/42.txt.utf-8,405,her screaming. And still the figure had no face by which he might know
42,The strange case of Dr. Jekyll and Mr. Hyde,"Stevenson, Robert Louis",https://www.gutenberg.org/ebooks/42.txt.utf-8,406,"it; even in his dreams, it had no face, or one that baffled him and"
42,The strange case of Dr. Jekyll and Mr. Hyde,"Stevenson, Robert Louis",https://www.gutenberg.org/ebooks/42.txt.utf-8,407,melted before his eyes; and thus it was that there sprang up and grew
42,The strange case of Dr. Jekyll and Mr. Hyde,"Stevenson, Robert Louis",https://www.gutenberg.org/ebooks/42.txt.utf-8,408,"apace in the lawyer’s mind a singularly strong, almost an inordinate,"
42,The strange case of Dr. Jekyll and Mr. Hyde,"Stevenson, Robert Louis",https://www.gutenberg.org/ebooks/42.txt.utf-8,409,curiosity to behold the features of the real Mr. Hyde. If he could but
42,The strange case of Dr. Jekyll and Mr. Hyde,"Stevenson, Robert Louis",https://www.gutenberg.org/ebooks/42.txt.utf-8,410,"once set eyes on him, he thought the mystery would lighten and perhaps"
42,The strange case of Dr. Jekyll and Mr. Hyde,"Stevenson, Robert Louis",https://www.gutenberg.org/ebooks/42.txt.utf-8,411,"roll altogether away, as was the habit of mysterious things when well"
42,The strange case of Dr. Jekyll and Mr. Hyde,"Stevenson, Robert Louis",https://www.gutenberg.org/ebooks/42.txt.utf-8,412,examined. He might see a reason for his friend’s strange preference or
42,The strange case of Dr. Jekyll and Mr. Hyde,"Stevenson, Robert Louis",https://www.gutenberg.org/ebooks/42.txt.utf-8,413,bondage (call it which you please) and even for the startling clause of
42,The strange case of Dr. Jekyll and Mr. Hyde,"Stevenson, Robert Louis",https://www.gutenberg.org/ebooks/42.txt.utf-8,414,the will. At least it would be a face worth seeing: the face of a man
42,The strange case of Dr. Jekyll and Mr. Hyde,"Stevenson, Robert Louis",https://www.gutenberg.org/ebooks/42.txt.utf-8,415,who was without bowels of mercy: a face which had but to show itself to
42,The strange case of Dr. Jekyll and Mr. Hyde,"Stevenson, Robert Louis",https://www.gutenberg.org/ebooks/42.txt.utf-8,416,"raise up, in the mind of the unimpressionable Enfield, a spirit of"
42,The strange case of Dr. Jekyll and Mr. Hyde,"Stevenson, Robert Louis",https://www.gutenberg.org/ebooks/42.txt.utf-8,417,enduring hatred.
42,The strange case of Dr. Jekyll and Mr. Hyde,"Stevenson, Robert Louis",https://www.gutenberg.org/ebooks/42.txt.utf-8,418,
42,The strange case of Dr. Jekyll and Mr. Hyde,"Stevenson, Robert Louis",https://www.gutenberg.org/ebooks/42.txt.utf-8,419,"From that time forward, Mr. Utterson began to haunt the door in the"
42,The strange case of Dr. Jekyll and Mr. Hyde,"Stevenson, Robert Louis",https://www.gutenberg.org/ebooks/42.txt.utf-8,420,"by-street of shops. In the morning before office hours, at noon when"
42,The strange case of Dr. Jekyll and Mr. Hyde,"Stevenson, Robert Louis",https://www.gutenberg.org/ebooks/42.txt.utf-8,421,"business was plenty, and time scarce, at night under the face of the"
42,The strange case of Dr. Jekyll and Mr. Hyde,"Stevenson, Robert Louis",https://www.gutenberg.org/ebooks/42.txt.utf-8,422,"fogged city moon, by all lights and at all hours of solitude or"
42,The strange case of Dr. Jekyll and Mr. Hyde,"Stevenson, Robert Louis",https://www.gutenberg.org/ebooks/42.txt.utf-8,423,"concourse, the lawyer was to be found on his chosen post."
42,The strange case of Dr. Jekyll and Mr. Hyde,"Stevenson, Robert Louis",https://www.gutenberg.org/ebooks/42.txt.utf-8,424,
42,The strange case of Dr. Jekyll and Mr. Hyde,"Stevenson, Robert Louis",https://www.gutenberg.org/ebooks/42.txt.utf-8,425,"“If he be Mr. Hyde,” he had thought, “I shall be Mr. Seek.”"
42,The strange case of Dr. Jekyll and Mr. Hyde,"Stevenson, Robert Louis",https://www.gutenberg.org/ebooks/42.txt.utf-8,426,
42,The strange case of Dr. Jekyll and Mr. Hyde,"Stevenson, Robert Louis",https://www.gutenberg.org/ebooks/42.txt.utf-8,427,And at last his patience was rewarded. It was a fine dry night; frost
42,The strange case of Dr. Jekyll and Mr. Hyde,"Stevenson, Robert Louis",https://www.gutenberg.org/ebooks/42.txt.utf-8,428,"in the air; the streets as clean as a ballroom floor; the lamps,"
42,The strange case of Dr. Jekyll and Mr. Hyde,"Stevenson, Robert Louis",https://www.gutenberg.org/ebooks/42.txt.utf-8,429,"unshaken, by any wind, drawing a regular pattern of light and shadow."
42,The strange case of Dr. Jekyll and Mr. Hyde,"Stevenson, Robert Louis",https://www.gutenberg.org/ebooks/42.txt.utf-8,430,"By ten o’clock, when the shops were closed, the by-street was very"
42,The strange case of Dr. Jekyll and Mr. Hyde,"Stevenson, Robert Louis",https://www.gutenberg.org/ebooks/42.txt.utf-8,431,"solitary and, in spite of the low growl of London from all round, very"
42,The strange case of Dr. Jekyll and Mr. Hyde,"Stevenson, Robert Louis",https://www.gutenberg.org/ebooks/42.txt.utf-8,432,silent. Small sounds carried far; domestic sounds out of the houses
42,The strange case of Dr. Jekyll and Mr. Hyde,"Stevenson, Robert Louis",https://www.gutenberg.org/ebooks/42.txt.utf-8,433,were clearly audible on either side of the roadway; and the rumour of
42,The strange case of Dr. Jekyll and Mr. Hyde,"Stevenson, Robert Louis",https://www.gutenberg.org/ebooks/42.txt.utf-8,434,the approach of any passenger preceded him by a long time. Mr. Utterson
42,The strange case of Dr. Jekyll and Mr. Hyde,"Stevenson, Robert Louis",https://www.gutenberg.org/ebooks/42.txt.utf-8,435,"had been some minutes at his post, when he was aware of an odd, light"
42,The strange case of Dr. Jekyll and Mr. Hyde,"Stevenson, Robert Louis",https://www.gutenberg.org/ebooks/42.txt.utf-8,436,"footstep drawing near. In the course of his nightly patrols, he had"
42,The strange case of Dr. Jekyll and Mr. Hyde,"Stevenson, Robert Louis",https://www.gutenberg.org/ebooks/42.txt.utf-8,437,long grown accustomed to the quaint effect with which the footfalls of
42,The strange case of Dr. Jekyll and Mr. Hyde,"Stevenson, Robert Louis",https://www.gutenberg.org/ebooks/42.txt.utf-8,438,"a single person, while he is still a great way off, suddenly spring out"
42,The strange case of Dr. Jekyll and Mr. Hyde,"Stevenson, Robert Louis",https://www.gutenberg.org/ebooks/42.txt.utf-8,439,distinct from the vast hum and clatter of the city. Yet his attention
42,The strange case of Dr. Jekyll and Mr. Hyde,"Stevenson, Robert Louis",https://www.gutenberg.org/ebooks/42.txt.utf-8,440,had never before been so sharply and decisively arrested; and it was
42,The strange case of Dr. Jekyll and Mr. Hyde,"Stevenson, Robert Louis",https://www.gutenberg.org/ebooks/42.txt.utf-8,441,"with a strong, superstitious prevision of success that he withdrew into"
42,The strange case of Dr. Jekyll and Mr. Hyde,"Stevenson, Robert Louis",https://www.gutenberg.org/ebooks/42.txt.utf-8,442,the entry of the court.
42,The strange case of Dr. Jekyll and Mr. Hyde,"Stevenson, Robert Louis",https://www.gutenberg.org/ebooks/42.txt.utf-8,443,
42,The strange case of Dr. Jekyll and Mr. Hyde,"Stevenson, Robert Louis",https://www.gutenberg.org/ebooks/42.txt.utf-8,444,"The steps drew swiftly nearer, and swelled out suddenly louder as they"
42,The strange case of Dr. Jekyll and Mr. Hyde,"Stevenson, Robert Louis",https://www.gutenberg.org/ebooks/42.txt.utf-8,445,"turned the end of the street. The lawyer, looking forth from the entry,"
42,The strange case of Dr. Jekyll and Mr. Hyde,"Stevenson, Robert Louis",https://www.gutenberg.org/ebooks/42.txt.utf-8,446,could soon see what manner of man he had to deal with. He was small and
42,The strange case of Dr. Jekyll and Mr. Hyde,"Stevenson, Robert Louis",https://www.gutenberg.org/ebooks/42.txt.utf-8,447,"very plainly dressed, and the look of him, even at that distance, went"
42,The strange case of Dr. Jekyll and Mr. Hyde,"Stevenson, Robert Louis",https://www.gutenberg.org/ebooks/42.txt.utf-8,448,somehow strongly against the watcher’s inclination. But he made
42,The strange case of Dr. Jekyll and Mr. Hyde,"Stevenson, Robert Louis",https://www.gutenberg.org/ebooks/42.txt.utf-8,449,"straight for the door, crossing the roadway to save time; and as he"
42,The strange case of Dr. Jekyll and Mr. Hyde,"Stevenson, Robert Louis",https://www.gutenberg.org/ebooks/42.txt.utf-8,450,"came, he drew a key from his pocket like one approaching home."
42,The strange case of Dr. Jekyll and Mr. Hyde,"Stevenson, Robert Louis",https://www.gutenberg.org/ebooks/42.txt.utf-8,451,
42,The strange case of Dr. Jekyll and Mr. Hyde,"Stevenson, Robert Louis",https://www.gutenberg.org/ebooks/42.txt.utf-8,452,Mr. Utterson stepped out and touched him on the shoulder as he passed.
42,The strange case of Dr. Jekyll and Mr. Hyde,"Stevenson, Robert Louis",https://www.gutenberg.org/ebooks/42.txt.utf-8,453,"“Mr. Hyde, I think?”"
42,The strange case of Dr. Jekyll and Mr. Hyde,"Stevenson, Robert Louis",https://www.gutenberg.org/ebooks/42.txt.utf-8,454,
42,The strange case of Dr. Jekyll and Mr. Hyde,"Stevenson, Robert Louis",https://www.gutenberg.org/ebooks/42.txt.utf-8,455,Mr. Hyde shrank back with a hissing intake of the breath. But his fear
42,The strange case of Dr. Jekyll and Mr. Hyde,"Stevenson, Robert Louis",https://www.gutenberg.org/ebooks/42.txt.utf-8,456,"was only momentary; and though he did not look the lawyer in the face,"
42,The strange case of Dr. Jekyll and Mr. Hyde,"Stevenson, Robert Louis",https://www.gutenberg.org/ebooks/42.txt.utf-8,457,he answered coolly enough: “That is my name. What do you want?”
42,The strange case of Dr. Jekyll and Mr. Hyde,"Stevenson, Robert Louis",https://www.gutenberg.org/ebooks/42.txt.utf-8,458,
42,The strange case of Dr. Jekyll and Mr. Hyde,"Stevenson, Robert Louis",https://www.gutenberg.org/ebooks/42.txt.utf-8,459,"“I see you are going in,” returned the lawyer. “I am an old friend of"
42,The strange case of Dr. Jekyll and Mr. Hyde,"Stevenson, Robert Louis",https://www.gutenberg.org/ebooks/42.txt.utf-8,460,Dr. Jekyll’s—Mr. Utterson of Gaunt Street—you must have heard my name;
42,The strange case of Dr. Jekyll and Mr. Hyde,"Stevenson, Robert Louis",https://www.gutenberg.org/ebooks/42.txt.utf-8,461,"and meeting you so conveniently, I thought you might admit me.”"
42,The strange case of Dr. Jekyll and Mr. Hyde,"Stevenson, Robert Louis",https://www.gutenberg.org/ebooks/42.txt.utf-8,462,
42,The strange case of Dr. Jekyll and Mr. Hyde,"Stevenson, Robert Louis",https://www.gutenberg.org/ebooks/42.txt.utf-8,463,"“You will not find Dr. Jekyll; he is from home,” replied Mr. Hyde,"
42,The strange case of Dr. Jekyll and Mr. Hyde,"Stevenson, Robert Louis",https://www.gutenberg.org/ebooks/42.txt.utf-8,464,"blowing in the key. And then suddenly, but still without looking up,"
42,The strange case of Dr. Jekyll and Mr. Hyde,"Stevenson, Robert Louis",https://www.gutenberg.org/ebooks/42.txt.utf-8,465,“How did you know me?” he asked.
42,The strange case of Dr. Jekyll and Mr. Hyde,"Stevenson, Robert Louis",https://www.gutenberg.org/ebooks/42.txt.utf-8,466,
42,The strange case of Dr. Jekyll and Mr. Hyde,"Stevenson, Robert Louis",https://www.gutenberg.org/ebooks/42.txt.utf-8,467,"“On your side,” said Mr. Utterson, “will you do me a favour?”"
42,The strange case of Dr. Jekyll and Mr. Hyde,"Stevenson, Robert Louis",https://www.gutenberg.org/ebooks/42.txt.utf-8,468,
42,The strange case of Dr. Jekyll and Mr. Hyde,"Stevenson, Robert Louis",https://www.gutenberg.org/ebooks/42.txt.utf-8,469,"“With pleasure,” replied the other. “What shall it be?”"
42,The strange case of Dr. Jekyll and Mr. Hyde,"Stevenson, Robert Louis",https://www.gutenberg.org/ebooks/42.txt.utf-8,470,
42,The strange case of Dr. Jekyll and Mr. Hyde,"Stevenson, Robert Louis",https://www.gutenberg.org/ebooks/42.txt.utf-8,471,“Will you let me see your face?” asked the lawyer.
42,The strange case of Dr. Jekyll and Mr. Hyde,"Stevenson, Robert Louis",https://www.gutenberg.org/ebooks/42.txt.utf-8,472,
42,The strange case of Dr. Jekyll and Mr. Hyde,"Stevenson, Robert Louis",https://www.gutenberg.org/ebooks/42.txt.utf-8,473,"Mr. Hyde appeared to hesitate, and then, as if upon some sudden"
42,The strange case of Dr. Jekyll and Mr. Hyde,"Stevenson, Robert Louis",https://www.gutenberg.org/ebooks/42.txt.utf-8,474,"reflection, fronted about with an air of defiance; and the pair stared"
42,The strange case of Dr. Jekyll and Mr. Hyde,"Stevenson, Robert Louis",https://www.gutenberg.org/ebooks/42.txt.utf-8,475,at each other pretty fixedly for a few seconds. “Now I shall know you
42,The strange case of Dr. Jekyll and Mr. Hyde,"Stevenson, Robert Louis",https://www.gutenberg.org/ebooks/42.txt.utf-8,476,"again,” said Mr. Utterson. “It may be useful.”"
42,The strange case of Dr. Jekyll and Mr. Hyde,"Stevenson, Robert Louis",https://www.gutenberg.org/ebooks/42.txt.utf-8,477,
42,The strange case of Dr. Jekyll and Mr. Hyde,"Stevenson, Robert Louis",https://www.gutenberg.org/ebooks/42.txt.utf-8,478,"“Yes,” returned Mr. Hyde, “it is as well we have, met; and _à propos_,"
42,The strange case of Dr. Jekyll and Mr. Hyde,"Stevenson, Robert Louis",https://www.gutenberg.org/ebooks/42.txt.utf-8,479,you should have my address.” And he gave a number of a street in Soho.
42,The strange case of Dr. Jekyll and Mr. Hyde,"Stevenson, Robert Louis",https://www.gutenberg.org/ebooks/42.txt.utf-8,480,
42,The strange case of Dr. Jekyll and Mr. Hyde,"Stevenson, Robert Louis",https://www.gutenberg.org/ebooks/42.txt.utf-8,481,"“Good God!” thought Mr. Utterson, “can he, too, have been thinking of"
42,The strange case of Dr. Jekyll and Mr. Hyde,"Stevenson, Robert Louis",https://www.gutenberg.org/ebooks/42.txt.utf-8,482,the will?” But he kept his feelings to himself and only grunted in
42,The strange case of Dr. Jekyll and Mr. Hyde,"Stevenson, Robert Louis",https://www.gutenberg.org/ebooks/42.txt.utf-8,483,acknowledgment of the address.
42,The strange case of Dr. Jekyll and Mr. Hyde,"Stevenson, Robert Louis",https://www.gutenberg.org/ebooks/42.txt.utf-8,484,
42,The strange case of Dr. Jekyll and Mr. Hyde,"Stevenson, Robert Louis",https://www.gutenberg.org/ebooks/42.txt.utf-8,485,"“And now,” said the other, “how did you know me?”"
42,The strange case of Dr. Jekyll and Mr. Hyde,"Stevenson, Robert Louis",https://www.gutenberg.org/ebooks/42.txt.utf-8,486,
42,The strange case of Dr. Jekyll and Mr. Hyde,"Stevenson, Robert Louis",https://www.gutenberg.org/ebooks/42.txt.utf-8,487,"“By description,” was the reply."
42,The strange case of Dr. Jekyll and Mr. Hyde,"Stevenson, Robert Louis",https://www.gutenberg.org/ebooks/42.txt.utf-8,488,
42,The strange case of Dr. Jekyll and Mr. Hyde,"Stevenson, Robert Louis",https://www.gutenberg.org/ebooks/42.txt.utf-8,489,“Whose description?”
42,The strange case of Dr. Jekyll and Mr. Hyde,"Stevenson, Robert Louis",https://www.gutenberg.org/ebooks/42.txt.utf-8,490,
42,The strange case of Dr. Jekyll and Mr. Hyde,"Stevenson, Robert Louis",https://www.gutenberg.org/ebooks/42.txt.utf-8,491,"“We have common friends,” said Mr. Utterson."
42,The strange case of Dr. Jekyll and Mr. Hyde,"Stevenson, Robert Louis",https://www.gutenberg.org/ebooks/42.txt.utf-8,492,
42,The strange case of Dr. Jekyll and Mr. Hyde,"Stevenson, Robert Louis",https://www.gutenberg.org/ebooks/42.txt.utf-8,493,"“Common friends?” echoed Mr. Hyde, a little hoarsely. “Who are they?”"
42,The strange case of Dr. Jekyll and Mr. Hyde,"Stevenson, Robert Louis",https://www.gutenberg.org/ebooks/42.txt.utf-8,494,
42,The strange case of Dr. Jekyll and Mr. Hyde,"Stevenson, Robert Louis",https://www.gutenberg.org/ebooks/42.txt.utf-8,495,"“Jekyll, for instance,” said the lawyer."
42,The strange case of Dr. Jekyll and Mr. Hyde,"Stevenson, Robert Louis",https://www.gutenberg.org/ebooks/42.txt.utf-8,496,
42,The strange case of Dr. Jekyll and Mr. Hyde,"Stevenson, Robert Louis",https://www.gutenberg.org/ebooks/42.txt.utf-8,497,"“He never told you,” cried Mr. Hyde, with a flush of anger. “I did not"
42,The strange case of Dr. Jekyll and Mr. Hyde,"Stevenson, Robert Louis",https://www.gutenberg.org/ebooks/42.txt.utf-8,498,think you would have lied.”
42,The strange case of Dr. Jekyll and Mr. Hyde,"Stevenson, Robert Louis",https://www.gutenberg.org/ebooks/42.txt.utf-8,499,
42,The strange case of Dr. Jekyll and Mr. Hyde,"Stevenson, Robert Louis",https://www.gutenberg.org/ebooks/42.txt.utf-8,500,"“Come,” said Mr. Utterson, “that is not fitting language.”"
42,The strange case of Dr. Jekyll and Mr. Hyde,"Stevenson, Robert Louis",https://www.gutenberg.org/ebooks/42.txt.utf-8,501,
42,The strange case of Dr. Jekyll and Mr. Hyde,"Stevenson, Robert Louis",https://www.gutenberg.org/ebooks/42.txt.utf-8,502,"The other snarled aloud into a savage laugh; and the next moment, with"
42,The strange case of Dr. Jekyll and Mr. Hyde,"Stevenson, Robert Louis",https://www.gutenberg.org/ebooks/42.txt.utf-8,503,"extraordinary quickness, he had unlocked the door and disappeared into"
42,The strange case of Dr. Jekyll and Mr. Hyde,"Stevenson, Robert Louis",https://www.gutenberg.org/ebooks/42.txt.utf-8,504,the house.
42,The strange case of Dr. Jekyll and Mr. Hyde,"Stevenson, Robert Louis",https://www.gutenberg.org/ebooks/42.txt.utf-8,505,
42,The strange case of Dr. Jekyll and Mr. Hyde,"Stevenson, Robert Louis",https://www.gutenberg.org/ebooks/42.txt.utf-8,506,"The lawyer stood awhile when Mr. Hyde had left him, the picture of"
42,The strange case of Dr. Jekyll and Mr. Hyde,"Stevenson, Robert Louis",https://www.gutenberg.org/ebooks/42.txt.utf-8,507,"disquietude. Then he began slowly to mount the street, pausing every"
42,The strange case of Dr. Jekyll and Mr. Hyde,"Stevenson, Robert Louis",https://www.gutenberg.org/ebooks/42.txt.utf-8,508,step or two and putting his hand to his brow like a man in mental
42,The strange case of Dr. Jekyll and Mr. Hyde,"Stevenson, Robert Louis",https://www.gutenberg.org/ebooks/42.txt.utf-8,509,"perplexity. The problem he was thus debating as he walked, was one of a"
42,The strange case of Dr. Jekyll and Mr. Hyde,"Stevenson, Robert Louis",https://www.gutenberg.org/ebooks/42.txt.utf-8,510,"class that is rarely solved. Mr. Hyde was pale and dwarfish, he gave an"
42,The strange case of Dr. Jekyll and Mr. Hyde,"Stevenson, Robert Louis",https://www.gutenberg.org/ebooks/42.txt.utf-8,511,"impression of deformity without any nameable malformation, he had a"
42,The strange case of Dr. Jekyll and Mr. Hyde,"Stevenson, Robert Louis",https://www.gutenberg.org/ebooks/42.txt.utf-8,512,"displeasing smile, he had borne himself to the lawyer with a sort of"
42,The strange case of Dr. Jekyll and Mr. Hyde,"Stevenson, Robert Louis",https://www.gutenberg.org/ebooks/42.txt.utf-8,513,"murderous mixture of timidity and boldness, and he spoke with a husky,"
42,The strange case of Dr. Jekyll and Mr. Hyde,"Stevenson, Robert Louis",https://www.gutenberg.org/ebooks/42.txt.utf-8,514,whispering and somewhat broken voice; all these were points against
42,The strange case of Dr. Jekyll and Mr. Hyde,"Stevenson, Robert Louis",https://www.gutenberg.org/ebooks/42.txt.utf-8,515,"him, but not all of these together could explain the hitherto unknown"
42,The strange case of Dr. Jekyll and Mr. Hyde,"Stevenson, Robert Louis",https://www.gutenberg.org/ebooks/42.txt.utf-8,516,"disgust, loathing, and fear with which Mr. Utterson regarded him."
42,The strange case of Dr. Jekyll and Mr. Hyde,"Stevenson, Robert Louis",https://www.gutenberg.org/ebooks/42.txt.utf-8,517,"“There must be something else,” said the perplexed gentleman. “There is"
42,The strange case of Dr. Jekyll and Mr. Hyde,"Stevenson, Robert Louis",https://www.gutenberg.org/ebooks/42.txt.utf-8,518,"something more, if I could find a name for it. God bless me, the man"
42,The strange case of Dr. Jekyll and Mr. Hyde,"Stevenson, Robert Louis",https://www.gutenberg.org/ebooks/42.txt.utf-8,519,"seems hardly human! Something troglodytic, shall we say? or can it be"
42,The strange case of Dr. Jekyll and Mr. Hyde,"Stevenson, Robert Louis",https://www.gutenberg.org/ebooks/42.txt.utf-8,520,the old story of Dr. Fell? or is it the mere radiance of a foul soul
42,The strange case of Dr. Jekyll and Mr. Hyde,"Stevenson, Robert Louis",https://www.gutenberg.org/ebooks/42.txt.utf-8,521,"that thus transpires through, and transfigures, its clay continent? The"
42,The strange case of Dr. Jekyll and Mr. Hyde,"Stevenson, Robert Louis",https://www.gutenberg.org/ebooks/42.txt.utf-8,522,"last, I think; for, O my poor old Harry Jekyll, if ever I read Satan’s"
42,The strange case of Dr. Jekyll and Mr. Hyde,"Stevenson, Robert Louis",https://www.gutenberg.org/ebooks/42.txt.utf-8,523,"signature upon a face, it is on that of your new friend.”"
42,The strange case of Dr. Jekyll and Mr. Hyde,"Stevenson, Robert Louis",https://www.gutenberg.org/ebooks/42.txt.utf-8,524,
42,The strange case of Dr. Jekyll and Mr. Hyde,"Stevenson, Robert Louis",https://www.gutenberg.org/ebooks/42.txt.utf-8,525,"Round the corner from the by-street, there was a square of ancient,"
42,The strange case of Dr. Jekyll and Mr. Hyde,"Stevenson, Robert Louis",https://www.gutenberg.org/ebooks/42.txt.utf-8,526,"handsome houses, now for the most part decayed from their high estate"
42,The strange case of Dr. Jekyll and Mr. Hyde,"Stevenson, Robert Louis",https://www.gutenberg.org/ebooks/42.txt.utf-8,527,and let in flats and chambers to all sorts and conditions of men:
42,The strange case of Dr. Jekyll and Mr. Hyde,"Stevenson, Robert Louis",https://www.gutenberg.org/ebooks/42.txt.utf-8,528,"map-engravers, architects, shady lawyers, and the agents of obscure"
42,The strange case of Dr. Jekyll and Mr. Hyde,"Stevenson, Robert Louis",https://www.gutenberg.org/ebooks/42.txt.utf-8,529,"enterprises. One house, however, second from the corner, was still"
42,The strange case of Dr. Jekyll and Mr. Hyde,"Stevenson, Robert Louis",https://www.gutenberg.org/ebooks/42.txt.utf-8,530,"occupied entire; and at the door of this, which wore a great air of"
42,The strange case of Dr. Jekyll and Mr. Hyde,"Stevenson, Robert Louis",https://www.gutenberg.org/ebooks/42.txt.utf-8,531,"wealth and comfort, though it was now plunged in darkness except for"
42,The strange case of Dr. Jekyll and Mr. Hyde,"Stevenson, Robert Louis",https://www.gutenberg.org/ebooks/42.txt.utf-8,532,"the fan-light, Mr. Utterson stopped and knocked. A well-dressed,"
42,The strange case of Dr. Jekyll and Mr. Hyde,"Stevenson, Robert Louis",https://www.gutenberg.org/ebooks/42.txt.utf-8,533,elderly servant opened the door.
42,The strange case of Dr. Jekyll and Mr. Hyde,"Stevenson, Robert Louis",https://www.gutenberg.org/ebooks/42.txt.utf-8,534,
42,The strange case of Dr. Jekyll and Mr. Hyde,"Stevenson, Robert Louis",https://www.gutenberg.org/ebooks/42.txt.utf-8,535,"“Is Dr. Jekyll at home, Poole?” asked the lawyer."
42,The strange case of Dr. Jekyll and Mr. Hyde,"Stevenson, Robert Louis",https://www.gutenberg.org/ebooks/42.txt.utf-8,536,
42,The strange case of Dr. Jekyll and Mr. Hyde,"Stevenson, Robert Louis",https://www.gutenberg.org/ebooks/42.txt.utf-8,537,"“I will see, Mr. Utterson,” said Poole, admitting the visitor, as he"
42,The strange case of Dr. Jekyll and Mr. Hyde,"Stevenson, Robert Louis",https://www.gutenberg.org/ebooks/42.txt.utf-8,538,"spoke, into a large, low-roofed, comfortable hall, paved with flags,"
42,The strange case of Dr. Jekyll and Mr. Hyde,"Stevenson, Robert Louis",https://www.gutenberg.org/ebooks/42.txt.utf-8,539,"warmed (after the fashion of a country house) by a bright, open fire,"
42,The strange case of Dr. Jekyll and Mr. Hyde,"Stevenson, Robert Louis",https://www.gutenberg.org/ebooks/42.txt.utf-8,540,and furnished with costly cabinets of oak. “Will you wait here by the
42,The strange case of Dr. Jekyll and Mr. Hyde,"Stevenson, Robert Louis",https://www.gutenberg.org/ebooks/42.txt.utf-8,541,"fire, sir? or shall I give you a light in the dining room?”"
42,The strange case of Dr. Jekyll and Mr. Hyde,"Stevenson, Robert Louis",https://www.gutenberg.org/ebooks/42.txt.utf-8,542,
42,The strange case of Dr. Jekyll and Mr. Hyde,"Stevenson, Robert Louis",https://www.gutenberg.org/ebooks/42.txt.utf-8,543,"“Here, thank you,” said the lawyer, and he drew near and leaned on the"
42,The strange case of Dr. Jekyll and Mr. Hyde,"Stevenson, Robert Louis",https://www.gutenberg.org/ebooks/42.txt.utf-8,544,"tall fender. This hall, in which he was now left alone, was a pet fancy"
42,The strange case of Dr. Jekyll and Mr. Hyde,"Stevenson, Robert Louis",https://www.gutenberg.org/ebooks/42.txt.utf-8,545,of his friend the doctor’s; and Utterson himself was wont to speak of
42,The strange case of Dr. Jekyll and Mr. Hyde,"Stevenson, Robert Louis",https://www.gutenberg.org/ebooks/42.txt.utf-8,546,it as the pleasantest room in London. But to-night there was a shudder
42,The strange case of Dr. Jekyll and Mr. Hyde,"Stevenson, Robert Louis",https://www.gutenberg.org/ebooks/42.txt.utf-8,547,in his blood; the face of Hyde sat heavy on his memory; he felt (what
42,The strange case of Dr. Jekyll and Mr. Hyde,"Stevenson, Robert Louis",https://www.gutenberg.org/ebooks/42.txt.utf-8,548,was rare with him) a nausea and distaste of life; and in the gloom of
42,The strange case of Dr. Jekyll and Mr. Hyde,"Stevenson, Robert Louis",https://www.gutenberg.org/ebooks/42.txt.utf-8,549,"his spirits, he seemed to read a menace in the flickering of the"
42,The strange case of Dr. Jekyll and Mr. Hyde,"Stevenson, Robert Louis",https://www.gutenberg.org/ebooks/42.txt.utf-8,550,firelight on the polished cabinets and the uneasy starting of the
42,The strange case of Dr. Jekyll and Mr. Hyde,"Stevenson, Robert Louis",https://www.gutenberg.org/ebooks/42.txt.utf-8,551,"shadow on the roof. He was ashamed of his relief, when Poole presently"
42,The strange case of Dr. Jekyll and Mr. Hyde,"Stevenson, Robert Louis",https://www.gutenberg.org/ebooks/42.txt.utf-8,552,returned to announce that Dr. Jekyll was gone out.
42,The strange case of Dr. Jekyll and Mr. Hyde,"Stevenson, Robert Louis",https://www.gutenberg.org/ebooks/42.txt.utf-8,553,
42,The strange case of Dr. Jekyll and Mr. Hyde,"Stevenson, Robert Louis",https://www.gutenberg.org/ebooks/42.txt.utf-8,554,"“I saw Mr. Hyde go in by the old dissecting-room door, Poole,” he said."
42,The strange case of Dr. Jekyll and Mr. Hyde,"Stevenson, Robert Louis",https://www.gutenberg.org/ebooks/42.txt.utf-8,555,"“Is that right, when Dr. Jekyll is from home?”"
42,The strange case of Dr. Jekyll and Mr. Hyde,"Stevenson, Robert Louis",https://www.gutenberg.org/ebooks/42.txt.utf-8,556,
42,The strange case of Dr. Jekyll and Mr. Hyde,"Stevenson, Robert Louis",https://www.gutenberg.org/ebooks/42.txt.utf-8,557,"“Quite right, Mr. Utterson, sir,” replied the servant. “Mr. Hyde has a"
42,The strange case of Dr. Jekyll and Mr. Hyde,"Stevenson, Robert Louis",https://www.gutenberg.org/ebooks/42.txt.utf-8,558,key.”
42,The strange case of Dr. Jekyll and Mr. Hyde,"Stevenson, Robert Louis",https://www.gutenberg.org/ebooks/42.txt.utf-8,559,
42,The strange case of Dr. Jekyll and Mr. Hyde,"Stevenson, Robert Louis",https://www.gutenberg.org/ebooks/42.txt.utf-8,560,"“Your master seems to repose a great deal of trust in that young man,"
42,The strange case of Dr. Jekyll and Mr. Hyde,"Stevenson, Robert Louis",https://www.gutenberg.org/ebooks/42.txt.utf-8,561,"Poole,” resumed the other musingly."
42,The strange case of Dr. Jekyll and Mr. Hyde,"Stevenson, Robert Louis",https://www.gutenberg.org/ebooks/42.txt.utf-8,562,
42,The strange case of Dr. Jekyll and Mr. Hyde,"Stevenson, Robert Louis",https://www.gutenberg.org/ebooks/42.txt.utf-8,563,"“Yes, sir, he do indeed,” said Poole. “We have all orders to obey him.”"
42,The strange case of Dr. Jekyll and Mr. Hyde,"Stevenson, Robert Louis",https://www.gutenberg.org/ebooks/42.txt.utf-8,564,
42,The strange case of Dr. Jekyll and Mr. Hyde,"Stevenson, Robert Louis",https://www.gutenberg.org/ebooks/42.txt.utf-8,565,“I do not think I ever met Mr. Hyde?” asked Utterson.
42,The strange case of Dr. Jekyll and Mr. Hyde,"Stevenson, Robert Louis",https://www.gutenberg.org/ebooks/42.txt.utf-8,566,
42,The strange case of Dr. Jekyll and Mr. Hyde,"Stevenson, Robert Louis",https://www.gutenberg.org/ebooks/42.txt.utf-8,567,"“O, dear no, sir. He never _dines_ here,” replied the butler. “Indeed"
42,The strange case of Dr. Jekyll and Mr. Hyde,"Stevenson, Robert Louis",https://www.gutenberg.org/ebooks/42.txt.utf-8,568,we see very little of him on this side of the house; he mostly comes
42,The strange case of Dr. Jekyll and Mr. Hyde,"Stevenson, Robert Louis",https://www.gutenberg.org/ebooks/42.txt.utf-8,569,and goes by the laboratory.”
42,The strange case of Dr. Jekyll and Mr. Hyde,"Stevenson, Robert Louis",https://www.gutenberg.org/ebooks/42.txt.utf-8,570,
42,The strange case of Dr. Jekyll and Mr. Hyde,"Stevenson, Robert Louis",https://www.gutenberg.org/ebooks/42.txt.utf-8,571,"“Well, good-night, Poole.”"
42,The strange case of Dr. Jekyll and Mr. Hyde,"Stevenson, Robert Louis",https://www.gutenberg.org/ebooks/42.txt.utf-8,572,
42,The strange case of Dr. Jekyll and Mr. Hyde,"Stevenson, Robert Louis",https://www.gutenberg.org/ebooks/42.txt.utf-8,573,"“Good-night, Mr. Utterson.”"
42,The strange case of Dr. Jekyll and Mr. Hyde,"Stevenson, Robert Louis",https://www.gutenberg.org/ebooks/42.txt.utf-8,574,
42,The strange case of Dr. Jekyll and Mr. Hyde,"Stevenson, Robert Louis",https://www.gutenberg.org/ebooks/42.txt.utf-8,575,And the lawyer set out homeward with a very heavy heart. “Poor Harry
42,The strange case of Dr. Jekyll and Mr. Hyde,"Stevenson, Robert Louis",https://www.gutenberg.org/ebooks/42.txt.utf-8,576,"Jekyll,” he thought, “my mind misgives me he is in deep waters! He was"
42,The strange case of Dr. Jekyll and Mr. Hyde,"Stevenson, Robert Louis",https://www.gutenberg.org/ebooks/42.txt.utf-8,577,wild when he was young; a long while ago to be sure; but in the law of
42,The strange case of Dr. Jekyll and Mr. Hyde,"Stevenson, Robert Louis",https://www.gutenberg.org/ebooks/42.txt.utf-8,578,"God, there is no statute of limitations. Ay, it must be that; the ghost"
42,The strange case of Dr. Jekyll and Mr. Hyde,"Stevenson, Robert Louis",https://www.gutenberg.org/ebooks/42.txt.utf-8,579,"of some old sin, the cancer of some concealed disgrace: punishment"
42,The strange case of Dr. Jekyll and Mr. Hyde,"Stevenson, Robert Louis",https://www.gutenberg.org/ebooks/42.txt.utf-8,580,"coming, _pede claudo_, years after memory has forgotten and self-love"
42,The strange case of Dr. Jekyll and Mr. Hyde,"Stevenson, Robert Louis",https://www.gutenberg.org/ebooks/42.txt.utf-8,581,"condoned the fault.” And the lawyer, scared by the thought, brooded a"
42,The strange case of Dr. Jekyll and Mr. Hyde,"Stevenson, Robert Louis",https://www.gutenberg.org/ebooks/42.txt.utf-8,582,"while on his own past, groping in all the corners of memory, lest by"
42,The strange case of Dr. Jekyll and Mr. Hyde,"Stevenson, Robert Louis",https://www.gutenberg.org/ebooks/42.txt.utf-8,583,chance some Jack-in-the-Box of an old iniquity should leap to light
42,The strange case of Dr. Jekyll and Mr. Hyde,"Stevenson, Robert Louis",https://www.gutenberg.org/ebooks/42.txt.utf-8,584,there. His past was fairly blameless; few men could read the rolls of
42,The strange case of Dr. Jekyll and Mr. Hyde,"Stevenson, Robert Louis",https://www.gutenberg.org/ebooks/42.txt.utf-8,585,their life with less apprehension; yet he was humbled to the dust by
42,The strange case of Dr. Jekyll and Mr. Hyde,"Stevenson, Robert Louis",https://www.gutenberg.org/ebooks/42.txt.utf-8,586,"the many ill things he had done, and raised up again into a sober and"
42,The strange case of Dr. Jekyll and Mr. Hyde,"Stevenson, Robert Louis",https://www.gutenberg.org/ebooks/42.txt.utf-8,587,"fearful gratitude by the many that he had come so near to doing, yet"
42,The strange case of Dr. Jekyll and Mr. Hyde,"Stevenson, Robert Louis",https://www.gutenberg.org/ebooks/42.txt.utf-8,588,"avoided. And then by a return on his former subject, he conceived a"
42,The strange case of Dr. Jekyll and Mr. Hyde,"Stevenson, Robert Louis",https://www.gutenberg.org/ebooks/42.txt.utf-8,589,"spark of hope. “This Master Hyde, if he were studied,” thought he,"
42,The strange case of Dr. Jekyll and Mr. Hyde,"Stevenson, Robert Louis",https://www.gutenberg.org/ebooks/42.txt.utf-8,590,"“must have secrets of his own; black secrets, by the look of him;"
42,The strange case of Dr. Jekyll and Mr. Hyde,"Stevenson, Robert Louis",https://www.gutenberg.org/ebooks/42.txt.utf-8,591,secrets compared to which poor Jekyll’s worst would be like sunshine.
42,The strange case of Dr. Jekyll and Mr. Hyde,"Stevenson, Robert Louis",https://www.gutenberg.org/ebooks/42.txt.utf-8,592,Things cannot continue as they are. It turns me cold to think of this
42,The strange case of Dr. Jekyll and Mr. Hyde,"Stevenson, Robert Louis",https://www.gutenberg.org/ebooks/42.txt.utf-8,593,"creature stealing like a thief to Harry’s bedside; poor Harry, what a"
42,The strange case of Dr. Jekyll and Mr. Hyde,"Stevenson, Robert Louis",https://www.gutenberg.org/ebooks/42.txt.utf-8,594,wakening! And the danger of it; for if this Hyde suspects the existence
42,The strange case of Dr. Jekyll and Mr. Hyde,"Stevenson, Robert Louis",https://www.gutenberg.org/ebooks/42.txt.utf-8,595,"of the will, he may grow impatient to inherit. Ay, I must put my"
42,The strange case of Dr. Jekyll and Mr. Hyde,"Stevenson, Robert Louis",https://www.gutenberg.org/ebooks/42.txt.utf-8,596,"shoulder to the wheel if Jekyll will but let me,” he added, “if Jekyll"
42,The strange case of Dr. Jekyll and Mr. Hyde,"Stevenson, Robert Louis",https://www.gutenberg.org/ebooks/42.txt.utf-8,597,"will only let me.” For once more he saw before his mind’s eye, as clear"
42,The strange case of Dr. Jekyll and Mr. Hyde,"Stevenson, Robert Louis",https://www.gutenberg.org/ebooks/42.txt.utf-8,598,"as a transparency, the strange clauses of the will."
42,The strange case of Dr. Jekyll and Mr. Hyde,"Stevenson, Robert Louis",https://www.gutenberg.org/ebooks/42.txt.utf-8,599,
42,The strange case of Dr. Jekyll and Mr. Hyde,"Stevenson, Robert Louis",https://www.gutenberg.org/ebooks/42.txt.utf-8,600,
42,The strange case of Dr. Jekyll and Mr. Hyde,"Stevenson, Robert Louis",https://www.gutenberg.org/ebooks/42.txt.utf-8,601,
42,The strange case of Dr. Jekyll and Mr. Hyde,"Stevenson, Robert Louis",https://www.gutenberg.org/ebooks/42.txt.utf-8,602,
42,The strange case of Dr. Jekyll and Mr. Hyde,"Stevenson, Robert Louis",https://www.gutenberg.org/ebooks/42.txt.utf-8,603,DR. JEKYLL WAS QUITE AT EASE
42,The strange case of Dr. Jekyll and Mr. Hyde,"Stevenson, Robert Louis",https://www.gutenberg.org/ebooks/42.txt.utf-8,604,
42,The strange case of Dr. Jekyll and Mr. Hyde,"Stevenson, Robert Louis",https://www.gutenberg.org/ebooks/42.txt.utf-8,605,
42,The strange case of Dr. Jekyll and Mr. Hyde,"Stevenson, Robert Louis",https://www.gutenberg.org/ebooks/42.txt.utf-8,606,"A fortnight later, by excellent good fortune, the doctor gave one of"
42,The strange case of Dr. Jekyll and Mr. Hyde,"Stevenson, Robert Louis",https://www.gutenberg.org/ebooks/42.txt.utf-8,607,"his pleasant dinners to some five or six old cronies, all intelligent,"
42,The strange case of Dr. Jekyll and Mr. Hyde,"Stevenson, Robert Louis",https://www.gutenberg.org/ebooks/42.txt.utf-8,608,reputable men and all judges of good wine; and Mr. Utterson so
42,The strange case of Dr. Jekyll and Mr. Hyde,"Stevenson, Robert Louis",https://www.gutenberg.org/ebooks/42.txt.utf-8,609,contrived that he remained behind after the others had departed. This
42,The strange case of Dr. Jekyll and Mr. Hyde,"Stevenson, Robert Louis",https://www.gutenberg.org/ebooks/42.txt.utf-8,610,"was no new arrangement, but a thing that had befallen many scores of"
42,The strange case of Dr. Jekyll and Mr. Hyde,"Stevenson, Robert Louis",https://www.gutenberg.org/ebooks/42.txt.utf-8,611,"times. Where Utterson was liked, he was liked well. Hosts loved to"
42,The strange case of Dr. Jekyll and Mr. Hyde,"Stevenson, Robert Louis",https://www.gutenberg.org/ebooks/42.txt.utf-8,612,"detain the dry lawyer, when the light-hearted and the loose-tongued had"
42,The strange case of Dr. Jekyll and Mr. Hyde,"Stevenson, Robert Louis",https://www.gutenberg.org/ebooks/42.txt.utf-8,613,already their foot on the threshold; they liked to sit a while in his
42,The strange case of Dr. Jekyll and Mr. Hyde,"Stevenson, Robert Louis",https://www.gutenberg.org/ebooks/42.txt.utf-8,614,"unobtrusive company, practising for solitude, sobering their minds in"
42,The strange case of Dr. Jekyll and Mr. Hyde,"Stevenson, Robert Louis",https://www.gutenberg.org/ebooks/42.txt.utf-8,615,the man’s rich silence after the expense and strain of gaiety. To this
42,The strange case of Dr. Jekyll and Mr. Hyde,"Stevenson, Robert Louis",https://www.gutenberg.org/ebooks/42.txt.utf-8,616,"rule, Dr. Jekyll was no exception; and as he now sat on the opposite"
42,The strange case of Dr. Jekyll and Mr. Hyde,"Stevenson, Robert Louis",https://www.gutenberg.org/ebooks/42.txt.utf-8,617,"side of the fire—a large, well-made, smooth-faced man of fifty, with"
42,The strange case of Dr. Jekyll and Mr. Hyde,"Stevenson, Robert Louis",https://www.gutenberg.org/ebooks/42.txt.utf-8,618,"something of a slyish cast perhaps, but every mark of capacity and"
42,The strange case of Dr. Jekyll and Mr. Hyde,"Stevenson, Robert Louis",https://www.gutenberg.org/ebooks/42.txt.utf-8,619,kindness—you could see by his looks that he cherished for Mr. Utterson
42,The strange case of Dr. Jekyll and Mr. Hyde,"Stevenson, Robert Louis",https://www.gutenberg.org/ebooks/42.txt.utf-8,620,a sincere and warm affection.
42,The strange case of Dr. Jekyll and Mr. Hyde,"Stevenson, Robert Louis",https://www.gutenberg.org/ebooks/42.txt.utf-8,621,
42,The strange case of Dr. Jekyll and Mr. Hyde,"Stevenson, Robert Louis",https://www.gutenberg.org/ebooks/42.txt.utf-8,622,"“I have been wanting to speak to you, Jekyll,” began the latter. “You"
42,The strange case of Dr. Jekyll and Mr. Hyde,"Stevenson, Robert Louis",https://www.gutenberg.org/ebooks/42.txt.utf-8,623,know that will of yours?”
42,The strange case of Dr. Jekyll and Mr. Hyde,"Stevenson, Robert Louis",https://www.gutenberg.org/ebooks/42.txt.utf-8,624,
42,The strange case of Dr. Jekyll and Mr. Hyde,"Stevenson, Robert Louis",https://www.gutenberg.org/ebooks/42.txt.utf-8,625,A close observer might have gathered that the topic was distasteful;
42,The strange case of Dr. Jekyll and Mr. Hyde,"Stevenson, Robert Louis",https://www.gutenberg.org/ebooks/42.txt.utf-8,626,"but the doctor carried it off gaily. “My poor Utterson,” said he, “you"
42,The strange case of Dr. Jekyll and Mr. Hyde,"Stevenson, Robert Louis",https://www.gutenberg.org/ebooks/42.txt.utf-8,627,are unfortunate in such a client. I never saw a man so distressed as
42,The strange case of Dr. Jekyll and Mr. Hyde,"Stevenson, Robert Louis",https://www.gutenberg.org/ebooks/42.txt.utf-8,628,"you were by my will; unless it were that hide-bound pedant, Lanyon, at"
42,The strange case of Dr. Jekyll and Mr. Hyde,"Stevenson, Robert Louis",https://www.gutenberg.org/ebooks/42.txt.utf-8,629,"what he called my scientific heresies. Oh, I know he’s a good"
42,The strange case of Dr. Jekyll and Mr. Hyde,"Stevenson, Robert Louis",https://www.gutenberg.org/ebooks/42.txt.utf-8,630,"fellow—you needn’t frown—an excellent fellow, and I always mean to see"
42,The strange case of Dr. Jekyll and Mr. Hyde,"Stevenson, Robert Louis",https://www.gutenberg.org/ebooks/42.txt.utf-8,631,"more of him; but a hide-bound pedant for all that; an ignorant, blatant"
42,The strange case of Dr. Jekyll and Mr. Hyde,"Stevenson, Robert Louis",https://www.gutenberg.org/ebooks/42.txt.utf-8,632,pedant. I was never more disappointed in any man than Lanyon.”
42,The strange case of Dr. Jekyll and Mr. Hyde,"Stevenson, Robert Louis",https://www.gutenberg.org/ebooks/42.txt.utf-8,633,
42,The strange case of Dr. Jekyll and Mr. Hyde,"Stevenson, Robert Louis",https://www.gutenberg.org/ebooks/42.txt.utf-8,634,"“You know I never approved of it,” pursued Utterson, ruthlessly"
42,The strange case of Dr. Jekyll and Mr. Hyde,"Stevenson, Robert Louis",https://www.gutenberg.org/ebooks/42.txt.utf-8,635,disregarding the fresh topic.
42,The strange case of Dr. Jekyll and Mr. Hyde,"Stevenson, Robert Louis",https://www.gutenberg.org/ebooks/42.txt.utf-8,636,
42,The strange case of Dr. Jekyll and Mr. Hyde,"Stevenson, Robert Louis",https://www.gutenberg.org/ebooks/42.txt.utf-8,637,"“My will? Yes, certainly, I know that,” said the doctor, a trifle"
42,The strange case of Dr. Jekyll and Mr. Hyde,"Stevenson, Robert Louis",https://www.gutenberg.org/ebooks/42.txt.utf-8,638,sharply. “You have told me so.”
42,The strange case of Dr. Jekyll and Mr. Hyde,"Stevenson, Robert Louis",https://www.gutenberg.org/ebooks/42.txt.utf-8,639,
42,The strange case of Dr. Jekyll and Mr. Hyde,"Stevenson, Robert Louis",https://www.gutenberg.org/ebooks/42.txt.utf-8,640,"“Well, I tell you so again,” continued the lawyer. “I have been"
42,The strange case of Dr. Jekyll and Mr. Hyde,"Stevenson, Robert Louis",https://www.gutenberg.org/ebooks/42.txt.utf-8,641,learning something of young Hyde.”
42,The strange case of Dr. Jekyll and Mr. Hyde,"Stevenson, Robert Louis",https://www.gutenberg.org/ebooks/42.txt.utf-8,642,
42,The strange case of Dr. Jekyll and Mr. Hyde,"Stevenson, Robert Louis",https://www.gutenberg.org/ebooks/42.txt.utf-8,643,"The large handsome face of Dr. Jekyll grew pale to the very lips, and"
42,The strange case of Dr. Jekyll and Mr. Hyde,"Stevenson, Robert Louis",https://www.gutenberg.org/ebooks/42.txt.utf-8,644,"there came a blackness about his eyes. “I do not care to hear more,”"
42,The strange case of Dr. Jekyll and Mr. Hyde,"Stevenson, Robert Louis",https://www.gutenberg.org/ebooks/42.txt.utf-8,645,said he. “This is a matter I thought we had agreed to drop.”
42,The strange case of Dr. Jekyll and Mr. Hyde,"Stevenson, Robert Louis",https://www.gutenberg.org/ebooks/42.txt.utf-8,646,
42,The strange case of Dr. Jekyll and Mr. Hyde,"Stevenson, Robert Louis",https://www.gutenberg.org/ebooks/42.txt.utf-8,647,"“What I heard was abominable,” said Utterson."
42,The strange case of Dr. Jekyll and Mr. Hyde,"Stevenson, Robert Louis",https://www.gutenberg.org/ebooks/42.txt.utf-8,648,
42,The strange case of Dr. Jekyll and Mr. Hyde,"Stevenson, Robert Louis",https://www.gutenberg.org/ebooks/42.txt.utf-8,649,"“It can make no change. You do not understand my position,” returned"
42,The strange case of Dr. Jekyll and Mr. Hyde,"Stevenson, Robert Louis",https://www.gutenberg.org/ebooks/42.txt.utf-8,650,"the doctor, with a certain incoherency of manner. “I am painfully"
42,The strange case of Dr. Jekyll and Mr. Hyde,"Stevenson, Robert Louis",https://www.gutenberg.org/ebooks/42.txt.utf-8,651,"situated, Utterson; my position is a very strange—a very strange one."
42,The strange case of Dr. Jekyll and Mr. Hyde,"Stevenson, Robert Louis",https://www.gutenberg.org/ebooks/42.txt.utf-8,652,It is one of those affairs that cannot be mended by talking.”
42,The strange case of Dr. Jekyll and Mr. Hyde,"Stevenson, Robert Louis",https://www.gutenberg.org/ebooks/42.txt.utf-8,653,
42,The strange case of Dr. Jekyll and Mr. Hyde,"Stevenson, Robert Louis",https://www.gutenberg.org/ebooks/42.txt.utf-8,654,"“Jekyll,” said Utterson, “you know me: I am a man to be trusted. Make a"
42,The strange case of Dr. Jekyll and Mr. Hyde,"Stevenson, Robert Louis",https://www.gutenberg.org/ebooks/42.txt.utf-8,655,clean breast of this in confidence; and I make no doubt I can get you
42,The strange case of Dr. Jekyll and Mr. Hyde,"Stevenson, Robert Louis",https://www.gutenberg.org/ebooks/42.txt.utf-8,656,out of it.”
42,The strange case of Dr. Jekyll and Mr. Hyde,"Stevenson, Robert Louis",https://www.gutenberg.org/ebooks/42.txt.utf-8,657,
42,The strange case of Dr. Jekyll and Mr. Hyde,"Stevenson, Robert Louis",https://www.gutenberg.org/ebooks/42.txt.utf-8,658,"“My good Utterson,” said the doctor, “this is very good of you, this is"
42,The strange case of Dr. Jekyll and Mr. Hyde,"Stevenson, Robert Louis",https://www.gutenberg.org/ebooks/42.txt.utf-8,659,"downright good of you, and I cannot find words to thank you in. I"
42,The strange case of Dr. Jekyll and Mr. Hyde,"Stevenson, Robert Louis",https://www.gutenberg.org/ebooks/42.txt.utf-8,660,"believe you fully; I would trust you before any man alive, ay, before"
42,The strange case of Dr. Jekyll and Mr. Hyde,"Stevenson, Robert Louis",https://www.gutenberg.org/ebooks/42.txt.utf-8,661,"myself, if I could make the choice; but indeed it isn’t what you fancy;"
42,The strange case of Dr. Jekyll and Mr. Hyde,"Stevenson, Robert Louis",https://www.gutenberg.org/ebooks/42.txt.utf-8,662,"it is not so bad as that; and just to put your good heart at rest, I"
42,The strange case of Dr. Jekyll and Mr. Hyde,"Stevenson, Robert Louis",https://www.gutenberg.org/ebooks/42.txt.utf-8,663,"will tell you one thing: the moment I choose, I can be rid of Mr. Hyde."
42,The strange case of Dr. Jekyll and Mr. Hyde,"Stevenson, Robert Louis",https://www.gutenberg.org/ebooks/42.txt.utf-8,664,I give you my hand upon that; and I thank you again and again; and I
42,The strange case of Dr. Jekyll and Mr. Hyde,"Stevenson, Robert Louis",https://www.gutenberg.org/ebooks/42.txt.utf-8,665,"will just add one little word, Utterson, that I’m sure you’ll take in"
42,The strange case of Dr. Jekyll and Mr. Hyde,"Stevenson, Robert Louis",https://www.gutenberg.org/ebooks/42.txt.utf-8,666,"good part: this is a private matter, and I beg of you to let it sleep.”"
42,The strange case of Dr. Jekyll and Mr. Hyde,"Stevenson, Robert Louis",https://www.gutenberg.org/ebooks/42.txt.utf-8,667,
42,The strange case of Dr. Jekyll and Mr. Hyde,"Stevenson, Robert Louis",https://www.gutenberg.org/ebooks/42.txt.utf-8,668,"Utterson reflected a little, looking in the fire."
42,The strange case of Dr. Jekyll and Mr. Hyde,"Stevenson, Robert Louis",https://www.gutenberg.org/ebooks/42.txt.utf-8,669,
42,The strange case of Dr. Jekyll and Mr. Hyde,"Stevenson, Robert Louis",https://www.gutenberg.org/ebooks/42.txt.utf-8,670,"“I have no doubt you are perfectly right,” he said at last, getting to"
42,The strange case of Dr. Jekyll and Mr. Hyde,"Stevenson, Robert Louis",https://www.gutenberg.org/ebooks/42.txt.utf-8,671,his feet.
42,The strange case of Dr. Jekyll and Mr. Hyde,"Stevenson, Robert Louis",https://www.gutenberg.org/ebooks/42.txt.utf-8,672,
42,The strange case of Dr. Jekyll and Mr. Hyde,"Stevenson, Robert Louis",https://www.gutenberg.org/ebooks/42.txt.utf-8,673,"“Well, but since we have touched upon this business, and for the last"
42,The strange case of Dr. Jekyll and Mr. Hyde,"Stevenson, Robert Louis",https://www.gutenberg.org/ebooks/42.txt.utf-8,674,"time I hope,” continued the doctor, “there is one point I should like"
42,The strange case of Dr. Jekyll and Mr. Hyde,"Stevenson, Robert Louis",https://www.gutenberg.org/ebooks/42.txt.utf-8,675,you to understand. I have really a very great interest in poor Hyde. I
42,The strange case of Dr. Jekyll and Mr. Hyde,"Stevenson, Robert Louis",https://www.gutenberg.org/ebooks/42.txt.utf-8,676,"know you have seen him; he told me so; and I fear he was rude. But, I"
42,The strange case of Dr. Jekyll and Mr. Hyde,"Stevenson, Robert Louis",https://www.gutenberg.org/ebooks/42.txt.utf-8,677,"do sincerely take a great, a very great interest in that young man; and"
42,The strange case of Dr. Jekyll and Mr. Hyde,"Stevenson, Robert Louis",https://www.gutenberg.org/ebooks/42.txt.utf-8,678,"if I am taken away, Utterson, I wish you to promise me that you will"
42,The strange case of Dr. Jekyll and Mr. Hyde,"Stevenson, Robert Louis",https://www.gutenberg.org/ebooks/42.txt.utf-8,679,"bear with him and get his rights for him. I think you would, if you"
42,The strange case of Dr. Jekyll and Mr. Hyde,"Stevenson, Robert Louis",https://www.gutenberg.org/ebooks/42.txt.utf-8,680,knew all; and it would be a weight off my mind if you would promise.”
42,The strange case of Dr. Jekyll and Mr. Hyde,"Stevenson, Robert Louis",https://www.gutenberg.org/ebooks/42.txt.utf-8,681,
42,The strange case of Dr. Jekyll and Mr. Hyde,"Stevenson, Robert Louis",https://www.gutenberg.org/ebooks/42.txt.utf-8,682,"“I can’t pretend that I shall ever like him,” said the lawyer."
42,The strange case of Dr. Jekyll and Mr. Hyde,"Stevenson, Robert Louis",https://www.gutenberg.org/ebooks/42.txt.utf-8,683,
42,The strange case of Dr. Jekyll and Mr. Hyde,"Stevenson, Robert Louis",https://www.gutenberg.org/ebooks/42.txt.utf-8,684,"“I don’t ask that,” pleaded Jekyll, laying his hand upon the other’s"
42,The strange case of Dr. Jekyll and Mr. Hyde,"Stevenson, Robert Louis",https://www.gutenberg.org/ebooks/42.txt.utf-8,685,"arm; “I only ask for justice; I only ask you to help him for my sake,"
42,The strange case of Dr. Jekyll and Mr. Hyde,"Stevenson, Robert Louis",https://www.gutenberg.org/ebooks/42.txt.utf-8,686,when I am no longer here.”
42,The strange case of Dr. Jekyll and Mr. Hyde,"Stevenson, Robert Louis",https://www.gutenberg.org/ebooks/42.txt.utf-8,687,
42,The strange case of Dr. Jekyll and Mr. Hyde,"Stevenson, Robert Louis",https://www.gutenberg.org/ebooks/42.txt.utf-8,688,"Utterson heaved an irrepressible sigh. “Well,” said he, “I promise.”"
42,The strange case of Dr. Jekyll and Mr. Hyde,"Stevenson, Robert Louis",https://www.gutenberg.org/ebooks/42.txt.utf-8,689,
42,The strange case of Dr. Jekyll and Mr. Hyde,"Stevenson, Robert Louis",https://www.gutenberg.org/ebooks/42.txt.utf-8,690,
42,The strange case of Dr. Jekyll and Mr. Hyde,"Stevenson, Robert Louis",https://www.gutenberg.org/ebooks/42.txt.utf-8,691,
42,The strange case of Dr. Jekyll and Mr. Hyde,"Stevenson, Robert Louis",https://www.gutenberg.org/ebooks/42.txt.utf-8,692,
42,The strange case of Dr. Jekyll and Mr. Hyde,"Stevenson, Robert Louis",https://www.gutenberg.org/ebooks/42.txt.utf-8,693,THE CAREW MURDER CASE
42,The strange case of Dr. Jekyll and Mr. Hyde,"Stevenson, Robert Louis",https://www.gutenberg.org/ebooks/42.txt.utf-8,694,
42,The strange case of Dr. Jekyll and Mr. Hyde,"Stevenson, Robert Louis",https://www.gutenberg.org/ebooks/42.txt.utf-8,695,
42,The strange case of Dr. Jekyll and Mr. Hyde,"Stevenson, Robert Louis",https://www.gutenberg.org/ebooks/42.txt.utf-8,696,"Nearly a year later, in the month of October, 18——, London was startled"
42,The strange case of Dr. Jekyll and Mr. Hyde,"Stevenson, Robert Louis",https://www.gutenberg.org/ebooks/42.txt.utf-8,697,by a crime of singular ferocity and rendered all the more notable by
42,The strange case of Dr. Jekyll and Mr. Hyde,"Stevenson, Robert Louis",https://www.gutenberg.org/ebooks/42.txt.utf-8,698,the high position of the victim. The details were few and startling. A
42,The strange case of Dr. Jekyll and Mr. Hyde,"Stevenson, Robert Louis",https://www.gutenberg.org/ebooks/42.txt.utf-8,699,"maid servant living alone in a house not far from the river, had gone"
42,The strange case of Dr. Jekyll and Mr. Hyde,"Stevenson, Robert Louis",https://www.gutenberg.org/ebooks/42.txt.utf-8,700,up-stairs to bed about eleven. Although a fog rolled over the city in
42,The strange case of Dr. Jekyll and Mr. Hyde,"Stevenson, Robert Louis",https://www.gutenberg.org/ebooks/42.txt.utf-8,701,"the small hours, the early part of the night was cloudless, and the"
42,The strange case of Dr. Jekyll and Mr. Hyde,"Stevenson, Robert Louis",https://www.gutenberg.org/ebooks/42.txt.utf-8,702,"lane, which the maid’s window overlooked, was brilliantly lit by the"
42,The strange case of Dr. Jekyll and Mr. Hyde,"Stevenson, Robert Louis",https://www.gutenberg.org/ebooks/42.txt.utf-8,703,"full moon. It seems she was romantically given, for she sat down upon"
42,The strange case of Dr. Jekyll and Mr. Hyde,"Stevenson, Robert Louis",https://www.gutenberg.org/ebooks/42.txt.utf-8,704,"her box, which stood immediately under the window, and fell into a"
42,The strange case of Dr. Jekyll and Mr. Hyde,"Stevenson, Robert Louis",https://www.gutenberg.org/ebooks/42.txt.utf-8,705,"dream of musing. Never (she used to say, with streaming tears, when she"
42,The strange case of Dr. Jekyll and Mr. Hyde,"Stevenson, Robert Louis",https://www.gutenberg.org/ebooks/42.txt.utf-8,706,"narrated that experience), never had she felt more at peace with all"
42,The strange case of Dr. Jekyll and Mr. Hyde,"Stevenson, Robert Louis",https://www.gutenberg.org/ebooks/42.txt.utf-8,707,men or thought more kindly of the world. And as she so sat she became
42,The strange case of Dr. Jekyll and Mr. Hyde,"Stevenson, Robert Louis",https://www.gutenberg.org/ebooks/42.txt.utf-8,708,"aware of an aged and beautiful gentleman with white hair, drawing near"
42,The strange case of Dr. Jekyll and Mr. Hyde,"Stevenson, Robert Louis",https://www.gutenberg.org/ebooks/42.txt.utf-8,709,"along the lane; and advancing to meet him, another and very small"
42,The strange case of Dr. Jekyll and Mr. Hyde,"Stevenson, Robert Louis",https://www.gutenberg.org/ebooks/42.txt.utf-8,710,"gentleman, to whom at first she paid less attention. When they had come"
42,The strange case of Dr. Jekyll and Mr. Hyde,"Stevenson, Robert Louis",https://www.gutenberg.org/ebooks/42.txt.utf-8,711,within speech (which was just under the maid’s eyes) the older man
42,The strange case of Dr. Jekyll and Mr. Hyde,"Stevenson, Robert Louis",https://www.gutenberg.org/ebooks/42.txt.utf-8,712,bowed and accosted the other with a very pretty manner of politeness.
42,The strange case of Dr. Jekyll and Mr. Hyde,"Stevenson, Robert Louis",https://www.gutenberg.org/ebooks/42.txt.utf-8,713,It did not seem as if the subject of his address were of great
42,The strange case of Dr. Jekyll and Mr. Hyde,"Stevenson, Robert Louis",https://www.gutenberg.org/ebooks/42.txt.utf-8,714,"importance; indeed, from his pointing, it sometimes appeared as if he"
42,The strange case of Dr. Jekyll and Mr. Hyde,"Stevenson, Robert Louis",https://www.gutenberg.org/ebooks/42.txt.utf-8,715,were only inquiring his way; but the moon shone on his face as he
42,The strange case of Dr. Jekyll and Mr. Hyde,"Stevenson, Robert Louis",https://www.gutenberg.org/ebooks/42.txt.utf-8,716,"spoke, and the girl was pleased to watch it, it seemed to breathe such"
42,The strange case of Dr. Jekyll and Mr. Hyde,"Stevenson, Robert Louis",https://www.gutenberg.org/ebooks/42.txt.utf-8,717,"an innocent and old-world kindness of disposition, yet with something"
42,The strange case of Dr. Jekyll and Mr. Hyde,"Stevenson, Robert Louis",https://www.gutenberg.org/ebooks/42.txt.utf-8,718,"high too, as of a well-founded self-content. Presently her eye wandered"
42,The strange case of Dr. Jekyll and Mr. Hyde,"Stevenson, Robert Louis",https://www.gutenberg.org/ebooks/42.txt.utf-8,719,"to the other, and she was surprised to recognise in him a certain Mr."
42,The strange case of Dr. Jekyll and Mr. Hyde,"Stevenson, Robert Louis",https://www.gutenberg.org/ebooks/42.txt.utf-8,720,"Hyde, who had once visited her master and for whom she had conceived a"
42,The strange case of Dr. Jekyll and Mr. Hyde,"Stevenson, Robert Louis",https://www.gutenberg.org/ebooks/42.txt.utf-8,721,"dislike. He had in his hand a heavy cane, with which he was trifling;"
42,The strange case of Dr. Jekyll and Mr. Hyde,"Stevenson, Robert Louis",https://www.gutenberg.org/ebooks/42.txt.utf-8,722,"but he answered never a word, and seemed to listen with an"
42,The strange case of Dr. Jekyll and Mr. Hyde,"Stevenson, Robert Louis",https://www.gutenberg.org/ebooks/42.txt.utf-8,723,ill-contained impatience. And then all of a sudden he broke out in a
42,The strange case of Dr. Jekyll and Mr. Hyde,"Stevenson, Robert Louis",https://www.gutenberg.org/ebooks/42.txt.utf-8,724,"great flame of anger, stamping with his foot, brandishing the cane, and"
42,The strange case of Dr. Jekyll and Mr. Hyde,"Stevenson, Robert Louis",https://www.gutenberg.org/ebooks/42.txt.utf-8,725,carrying on (as the maid described it) like a madman. The old gentleman
42,The strange case of Dr. Jekyll and Mr. Hyde,"Stevenson, Robert Louis",https://www.gutenberg.org/ebooks/42.txt.utf-8,726,"took a step back, with the air of one very much surprised and a trifle"
42,The strange case of Dr. Jekyll and Mr. Hyde,"Stevenson, Robert Louis",https://www.gutenberg.org/ebooks/42.txt.utf-8,727,hurt; and at that Mr. Hyde broke out of all bounds and clubbed him to
42,The strange case of Dr. Jekyll and Mr. Hyde,"Stevenson, Robert Louis",https://www.gutenberg.org/ebooks/42.txt.utf-8,728,"the earth. And next moment, with ape-like fury, he was trampling his"
42,The strange case of Dr. Jekyll and Mr. Hyde,"Stevenson, Robert Louis",https://www.gutenberg.org/ebooks/42.txt.utf-8,729,"victim under foot and hailing down a storm of blows, under which the"
42,The strange case of Dr. Jekyll and Mr. Hyde,"Stevenson, Robert Louis",https://www.gutenberg.org/ebooks/42.txt.utf-8,730,bones were audibly shattered and the body jumped upon the roadway. At
42,The strange case of Dr. Jekyll and Mr. Hyde,"Stevenson, Robert Louis",https://www.gutenberg.org/ebooks/42.txt.utf-8,731,"the horror of these sights and sounds, the maid fainted."
42,The strange case of Dr. Jekyll and Mr. Hyde,"Stevenson, Robert Louis",https://www.gutenberg.org/ebooks/42.txt.utf-8,732,
42,The strange case of Dr. Jekyll and Mr. Hyde,"Stevenson, Robert Louis",https://www.gutenberg.org/ebooks/42.txt.utf-8,733,It was two o’clock when she came to herself and called for the police.
42,The strange case of Dr. Jekyll and Mr. Hyde,"Stevenson, Robert Louis",https://www.gutenberg.org/ebooks/42.txt.utf-8,734,The murderer was gone long ago; but there lay his victim in the middle
42,The strange case of Dr. Jekyll and Mr. Hyde,"Stevenson, Robert Louis",https://www.gutenberg.org/ebooks/42.txt.utf-8,735,"of the lane, incredibly mangled. The stick with which the deed had been"
42,The strange case of Dr. Jekyll and Mr. Hyde,"Stevenson, Robert Louis",https://www.gutenberg.org/ebooks/42.txt.utf-8,736,"done, although it was of some rare and very tough and heavy wood, had"
42,The strange case of Dr. Jekyll and Mr. Hyde,"Stevenson, Robert Louis",https://www.gutenberg.org/ebooks/42.txt.utf-8,737,broken in the middle under the stress of this insensate cruelty; and
42,The strange case of Dr. Jekyll and Mr. Hyde,"Stevenson, Robert Louis",https://www.gutenberg.org/ebooks/42.txt.utf-8,738,"one splintered half had rolled in the neighbouring gutter—the other,"
42,The strange case of Dr. Jekyll and Mr. Hyde,"Stevenson, Robert Louis",https://www.gutenberg.org/ebooks/42.txt.utf-8,739,"without doubt, had been carried away by the murderer. A purse and a"
42,The strange case of Dr. Jekyll and Mr. Hyde,"Stevenson, Robert Louis",https://www.gutenberg.org/ebooks/42.txt.utf-8,740,"gold watch were found upon the victim: but no cards or papers, except a"
42,The strange case of Dr. Jekyll and Mr. Hyde,"Stevenson, Robert Louis",https://www.gutenberg.org/ebooks/42.txt.utf-8,741,"sealed and stamped envelope, which he had been probably carrying to the"
42,The strange case of Dr. Jekyll and Mr. Hyde,"Stevenson, Robert Louis",https://www.gutenberg.org/ebooks/42.txt.utf-8,742,"post, and which bore the name and address of Mr. Utterson."
42,The strange case of Dr. Jekyll and Mr. Hyde,"Stevenson, Robert Louis",https://www.gutenberg.org/ebooks/42.txt.utf-8,743,
42,The strange case of Dr. Jekyll and Mr. Hyde,"Stevenson, Robert Louis",https://www.gutenberg.org/ebooks/42.txt.utf-8,744,"This was brought to the lawyer the next morning, before he was out of"
42,The strange case of Dr. Jekyll and Mr. Hyde,"Stevenson, Robert Louis",https://www.gutenberg.org/ebooks/42.txt.utf-8,745,"bed; and he had no sooner seen it, and been told the circumstances,"
42,The strange case of Dr. Jekyll and Mr. Hyde,"Stevenson, Robert Louis",https://www.gutenberg.org/ebooks/42.txt.utf-8,746,than he shot out a solemn lip. “I shall say nothing till I have seen
42,The strange case of Dr. Jekyll and Mr. Hyde,"Stevenson, Robert Louis",https://www.gutenberg.org/ebooks/42.txt.utf-8,747,"the body,” said he; “this may be very serious. Have the kindness to"
42,The strange case of Dr. Jekyll and Mr. Hyde,"Stevenson, Robert Louis",https://www.gutenberg.org/ebooks/42.txt.utf-8,748,wait while I dress.” And with the same grave countenance he hurried
42,The strange case of Dr. Jekyll and Mr. Hyde,"Stevenson, Robert Louis",https://www.gutenberg.org/ebooks/42.txt.utf-8,749,"through his breakfast and drove to the police station, whither the body"
42,The strange case of Dr. Jekyll and Mr. Hyde,"Stevenson, Robert Louis",https://www.gutenberg.org/ebooks/42.txt.utf-8,750,"had been carried. As soon as he came into the cell, he nodded."
42,The strange case of Dr. Jekyll and Mr. Hyde,"Stevenson, Robert Louis",https://www.gutenberg.org/ebooks/42.txt.utf-8,751,
42,The strange case of Dr. Jekyll and Mr. Hyde,"Stevenson, Robert Louis",https://www.gutenberg.org/ebooks/42.txt.utf-8,752,"“Yes,” said he, “I recognise him. I am sorry to say that this is Sir"
42,The strange case of Dr. Jekyll and Mr. Hyde,"Stevenson, Robert Louis",https://www.gutenberg.org/ebooks/42.txt.utf-8,753,Danvers Carew.”
42,The strange case of Dr. Jekyll and Mr. Hyde,"Stevenson, Robert Louis",https://www.gutenberg.org/ebooks/42.txt.utf-8,754,
42,The strange case of Dr. Jekyll and Mr. Hyde,"Stevenson, Robert Louis",https://www.gutenberg.org/ebooks/42.txt.utf-8,755,"“Good God, sir,” exclaimed the officer, “is it possible?” And the next"
42,The strange case of Dr. Jekyll and Mr. Hyde,"Stevenson, Robert Louis",https://www.gutenberg.org/ebooks/42.txt.utf-8,756,moment his eye lighted up with professional ambition. “This will make a
42,The strange case of Dr. Jekyll and Mr. Hyde,"Stevenson, Robert Louis",https://www.gutenberg.org/ebooks/42.txt.utf-8,757,"deal of noise,” he said. “And perhaps you can help us to the man.” And"
42,The strange case of Dr. Jekyll and Mr. Hyde,"Stevenson, Robert Louis",https://www.gutenberg.org/ebooks/42.txt.utf-8,758,"he briefly narrated what the maid had seen, and showed the broken"
42,The strange case of Dr. Jekyll and Mr. Hyde,"Stevenson, Robert Louis",https://www.gutenberg.org/ebooks/42.txt.utf-8,759,stick.
42,The strange case of Dr. Jekyll and Mr. Hyde,"Stevenson, Robert Louis",https://www.gutenberg.org/ebooks/42.txt.utf-8,760,
42,The strange case of Dr. Jekyll and Mr. Hyde,"Stevenson, Robert Louis",https://www.gutenberg.org/ebooks/42.txt.utf-8,761,Mr. Utterson had already quailed at the name of Hyde; but when the
42,The strange case of Dr. Jekyll and Mr. Hyde,"Stevenson, Robert Louis",https://www.gutenberg.org/ebooks/42.txt.utf-8,762,"stick was laid before him, he could doubt no longer; broken and"
42,The strange case of Dr. Jekyll and Mr. Hyde,"Stevenson, Robert Louis",https://www.gutenberg.org/ebooks/42.txt.utf-8,763,"battered as it was, he recognised it for one that he had himself"
42,The strange case of Dr. Jekyll and Mr. Hyde,"Stevenson, Robert Louis",https://www.gutenberg.org/ebooks/42.txt.utf-8,764,presented many years before to Henry Jekyll.
42,The strange case of Dr. Jekyll and Mr. Hyde,"Stevenson, Robert Louis",https://www.gutenberg.org/ebooks/42.txt.utf-8,765,
42,The strange case of Dr. Jekyll and Mr. Hyde,"Stevenson, Robert Louis",https://www.gutenberg.org/ebooks/42.txt.utf-8,766,“Is this Mr. Hyde a person of small stature?” he inquired.
42,The strange case of Dr. Jekyll and Mr. Hyde,"Stevenson, Robert Louis",https://www.gutenberg.org/ebooks/42.txt.utf-8,767,
42,The strange case of Dr. Jekyll and Mr. Hyde,"Stevenson, Robert Louis",https://www.gutenberg.org/ebooks/42.txt.utf-8,768,"“Particularly small and particularly wicked-looking, is what the maid"
42,The strange case of Dr. Jekyll and Mr. Hyde,"Stevenson, Robert Louis",https://www.gutenberg.org/ebooks/42.txt.utf-8,769,"calls him,” said the officer."
42,The strange case of Dr. Jekyll and Mr. Hyde,"Stevenson, Robert Louis",https://www.gutenberg.org/ebooks/42.txt.utf-8,770,
42,The strange case of Dr. Jekyll and Mr. Hyde,"Stevenson, Robert Louis",https://www.gutenberg.org/ebooks/42.txt.utf-8,771,"Mr. Utterson reflected; and then, raising his head, “If you will come"
42,The strange case of Dr. Jekyll and Mr. Hyde,"Stevenson, Robert Louis",https://www.gutenberg.org/ebooks/42.txt.utf-8,772,"with me in my cab,” he said, “I think I can take you to his house.”"
42,The strange case of Dr. Jekyll and Mr. Hyde,"Stevenson, Robert Louis",https://www.gutenberg.org/ebooks/42.txt.utf-8,773,
42,The strange case of Dr. Jekyll and Mr. Hyde,"Stevenson, Robert Louis",https://www.gutenberg.org/ebooks/42.txt.utf-8,774,"It was by this time about nine in the morning, and the first fog of the"
42,The strange case of Dr. Jekyll and Mr. Hyde,"Stevenson, Robert Louis",https://www.gutenberg.org/ebooks/42.txt.utf-8,775,"season. A great chocolate-coloured pall lowered over heaven, but the"
42,The strange case of Dr. Jekyll and Mr. Hyde,"Stevenson, Robert Louis",https://www.gutenberg.org/ebooks/42.txt.utf-8,776,wind was continually charging and routing these embattled vapours; so
42,The strange case of Dr. Jekyll and Mr. Hyde,"Stevenson, Robert Louis",https://www.gutenberg.org/ebooks/42.txt.utf-8,777,"that as the cab crawled from street to street, Mr. Utterson beheld a"
42,The strange case of Dr. Jekyll and Mr. Hyde,"Stevenson, Robert Louis",https://www.gutenberg.org/ebooks/42.txt.utf-8,778,marvellous number of degrees and hues of twilight; for here it would be
42,The strange case of Dr. Jekyll and Mr. Hyde,"Stevenson, Robert Louis",https://www.gutenberg.org/ebooks/42.txt.utf-8,779,"dark like the back-end of evening; and there would be a glow of a rich,"
42,The strange case of Dr. Jekyll and Mr. Hyde,"Stevenson, Robert Louis",https://www.gutenberg.org/ebooks/42.txt.utf-8,780,"lurid brown, like the light of some strange conflagration; and here,"
42,The strange case of Dr. Jekyll and Mr. Hyde,"Stevenson, Robert Louis",https://www.gutenberg.org/ebooks/42.txt.utf-8,781,"for a moment, the fog would be quite broken up, and a haggard shaft of"
42,The strange case of Dr. Jekyll and Mr. Hyde,"Stevenson, Robert Louis",https://www.gutenberg.org/ebooks/42.txt.utf-8,782,daylight would glance in between the swirling wreaths. The dismal
42,The strange case of Dr. Jekyll and Mr. Hyde,"Stevenson, Robert Louis",https://www.gutenberg.org/ebooks/42.txt.utf-8,783,"quarter of Soho seen under these changing glimpses, with its muddy"
42,The strange case of Dr. Jekyll and Mr. Hyde,"Stevenson, Robert Louis",https://www.gutenberg.org/ebooks/42.txt.utf-8,784,"ways, and slatternly passengers, and its lamps, which had never been"
42,The strange case of Dr. Jekyll and Mr. Hyde,"Stevenson, Robert Louis",https://www.gutenberg.org/ebooks/42.txt.utf-8,785,extinguished or had been kindled afresh to combat this mournful
42,The strange case of Dr. Jekyll and Mr. Hyde,"Stevenson, Robert Louis",https://www.gutenberg.org/ebooks/42.txt.utf-8,786,"re-invasion of darkness, seemed, in the lawyer’s eyes, like a district"
42,The strange case of Dr. Jekyll and Mr. Hyde,"Stevenson, Robert Louis",https://www.gutenberg.org/ebooks/42.txt.utf-8,787,"of some city in a nightmare. The thoughts of his mind, besides, were of"
42,The strange case of Dr. Jekyll and Mr. Hyde,"Stevenson, Robert Louis",https://www.gutenberg.org/ebooks/42.txt.utf-8,788,"the gloomiest dye; and when he glanced at the companion of his drive,"
42,The strange case of Dr. Jekyll and Mr. Hyde,"Stevenson, Robert Louis",https://www.gutenberg.org/ebooks/42.txt.utf-8,789,he was conscious of some touch of that terror of the law and the law’s
42,The strange case of Dr. Jekyll and Mr. Hyde,"Stevenson, Robert Louis",https://www.gutenberg.org/ebooks/42.txt.utf-8,790,"officers, which may at times assail the most honest."
42,The strange case of Dr. Jekyll and Mr. Hyde,"Stevenson, Robert Louis",https://www.gutenberg.org/ebooks/42.txt.utf-8,791,
42,The strange case of Dr. Jekyll and Mr. Hyde,"Stevenson, Robert Louis",https://www.gutenberg.org/ebooks/42.txt.utf-8,792,"As the cab drew up before the address indicated, the fog lifted a"
42,The strange case of Dr. Jekyll and Mr. Hyde,"Stevenson, Robert Louis",https://www.gutenberg.org/ebooks/42.txt.utf-8,793,"little and showed him a dingy street, a gin palace, a low French"
42,The strange case of Dr. Jekyll and Mr. Hyde,"Stevenson, Robert Louis",https://www.gutenberg.org/ebooks/42.txt.utf-8,794,"eating-house, a shop for the retail of penny numbers and twopenny"
42,The strange case of Dr. Jekyll and Mr. Hyde,"Stevenson, Robert Louis",https://www.gutenberg.org/ebooks/42.txt.utf-8,795,"salads, many ragged children huddled in the doorways, and many women of"
42,The strange case of Dr. Jekyll and Mr. Hyde,"Stevenson, Robert Louis",https://www.gutenberg.org/ebooks/42.txt.utf-8,796,"different nationalities passing out, key in hand, to have a morning"
42,The strange case of Dr. Jekyll and Mr. Hyde,"Stevenson, Robert Louis",https://www.gutenberg.org/ebooks/42.txt.utf-8,797,"glass; and the next moment the fog settled down again upon that part,"
42,The strange case of Dr. Jekyll and Mr. Hyde,"Stevenson, Robert Louis",https://www.gutenberg.org/ebooks/42.txt.utf-8,798,"as brown as umber, and cut him off from his blackguardly surroundings."
42,The strange case of Dr. Jekyll and Mr. Hyde,"Stevenson, Robert Louis",https://www.gutenberg.org/ebooks/42.txt.utf-8,799,This was the home of Henry Jekyll’s favourite; of a man who was heir to
42,The strange case of Dr. Jekyll and Mr. Hyde,"Stevenson, Robert Louis",https://www.gutenberg.org/ebooks/42.txt.utf-8,800,a quarter of a million sterling.
42,The strange case of Dr. Jekyll and Mr. Hyde,"Stevenson, Robert Louis",https://www.gutenberg.org/ebooks/42.txt.utf-8,801,
42,The strange case of Dr. Jekyll and Mr. Hyde,"Stevenson, Robert Louis",https://www.gutenberg.org/ebooks/42.txt.utf-8,802,An ivory-faced and silvery-haired old woman opened the door. She had an
42,The strange case of Dr. Jekyll and Mr. Hyde,"Stevenson, Robert Louis",https://www.gutenberg.org/ebooks/42.txt.utf-8,803,"evil face, smoothed by hypocrisy; but her manners were excellent. Yes,"
42,The strange case of Dr. Jekyll and Mr. Hyde,"Stevenson, Robert Louis",https://www.gutenberg.org/ebooks/42.txt.utf-8,804,"she said, this was Mr. Hyde’s, but he was not at home; he had been in"
42,The strange case of Dr. Jekyll and Mr. Hyde,"Stevenson, Robert Louis",https://www.gutenberg.org/ebooks/42.txt.utf-8,805,"that night very late, but had gone away again in less than an hour;"
42,The strange case of Dr. Jekyll and Mr. Hyde,"Stevenson, Robert Louis",https://www.gutenberg.org/ebooks/42.txt.utf-8,806,"there was nothing strange in that; his habits were very irregular, and"
42,The strange case of Dr. Jekyll and Mr. Hyde,"Stevenson, Robert Louis",https://www.gutenberg.org/ebooks/42.txt.utf-8,807,"he was often absent; for instance, it was nearly two months since she"
42,The strange case of Dr. Jekyll and Mr. Hyde,"Stevenson, Robert Louis",https://www.gutenberg.org/ebooks/42.txt.utf-8,808,had seen him till yesterday.
42,The strange case of Dr. Jekyll and Mr. Hyde,"Stevenson, Robert Louis",https://www.gutenberg.org/ebooks/42.txt.utf-8,809,
42,The strange case of Dr. Jekyll and Mr. Hyde,"Stevenson, Robert Louis",https://www.gutenberg.org/ebooks/42.txt.utf-8,810,"“Very well, then, we wish to see his rooms,” said the lawyer; and when"
42,The strange case of Dr. Jekyll and Mr. Hyde,"Stevenson, Robert Louis",https://www.gutenberg.org/ebooks/42.txt.utf-8,811,"the woman began to declare it was impossible, “I had better tell you"
42,The strange case of Dr. Jekyll and Mr. Hyde,"Stevenson, Robert Louis",https://www.gutenberg.org/ebooks/42.txt.utf-8,812,"who this person is,” he added. “This is Inspector Newcomen of Scotland"
42,The strange case of Dr. Jekyll and Mr. Hyde,"Stevenson, Robert Louis",https://www.gutenberg.org/ebooks/42.txt.utf-8,813,Yard.”
42,The strange case of Dr. Jekyll and Mr. Hyde,"Stevenson, Robert Louis",https://www.gutenberg.org/ebooks/42.txt.utf-8,814,
42,The strange case of Dr. Jekyll and Mr. Hyde,"Stevenson, Robert Louis",https://www.gutenberg.org/ebooks/42.txt.utf-8,815,"A flash of odious joy appeared upon the woman’s face. “Ah!” said she,"
42,The strange case of Dr. Jekyll and Mr. Hyde,"Stevenson, Robert Louis",https://www.gutenberg.org/ebooks/42.txt.utf-8,816,“he is in trouble! What has he done?”
42,The strange case of Dr. Jekyll and Mr. Hyde,"Stevenson, Robert Louis",https://www.gutenberg.org/ebooks/42.txt.utf-8,817,
42,The strange case of Dr. Jekyll and Mr. Hyde,"Stevenson, Robert Louis",https://www.gutenberg.org/ebooks/42.txt.utf-8,818,Mr. Utterson and the inspector exchanged glances. “He don’t seem a very
42,The strange case of Dr. Jekyll and Mr. Hyde,"Stevenson, Robert Louis",https://www.gutenberg.org/ebooks/42.txt.utf-8,819,"popular character,” observed the latter. “And now, my good woman, just"
42,The strange case of Dr. Jekyll and Mr. Hyde,"Stevenson, Robert Louis",https://www.gutenberg.org/ebooks/42.txt.utf-8,820,let me and this gentleman have a look about us.”
42,The strange case of Dr. Jekyll and Mr. Hyde,"Stevenson, Robert Louis",https://www.gutenberg.org/ebooks/42.txt.utf-8,821,
42,The strange case of Dr. Jekyll and Mr. Hyde,"Stevenson, Robert Louis",https://www.gutenberg.org/ebooks/42.txt.utf-8,822,"In the whole extent of the house, which but for the old woman remained"
42,The strange case of Dr. Jekyll and Mr. Hyde,"Stevenson, Robert Louis",https://www.gutenberg.org/ebooks/42.txt.utf-8,823,"otherwise empty, Mr. Hyde had only used a couple of rooms; but these"
42,The strange case of Dr. Jekyll and Mr. Hyde,"Stevenson, Robert Louis",https://www.gutenberg.org/ebooks/42.txt.utf-8,824,were furnished with luxury and good taste. A closet was filled with
42,The strange case of Dr. Jekyll and Mr. Hyde,"Stevenson, Robert Louis",https://www.gutenberg.org/ebooks/42.txt.utf-8,825,"wine; the plate was of silver, the napery elegant; a good picture hung"
42,The strange case of Dr. Jekyll and Mr. Hyde,"Stevenson, Robert Louis",https://www.gutenberg.org/ebooks/42.txt.utf-8,826,"upon the walls, a gift (as Utterson supposed) from Henry Jekyll, who"
42,The strange case of Dr. Jekyll and Mr. Hyde,"Stevenson, Robert Louis",https://www.gutenberg.org/ebooks/42.txt.utf-8,827,was much of a connoisseur; and the carpets were of many plies and
42,The strange case of Dr. Jekyll and Mr. Hyde,"Stevenson, Robert Louis",https://www.gutenberg.org/ebooks/42.txt.utf-8,828,"agreeable in colour. At this moment, however, the rooms bore every mark"
42,The strange case of Dr. Jekyll and Mr. Hyde,"Stevenson, Robert Louis",https://www.gutenberg.org/ebooks/42.txt.utf-8,829,of having been recently and hurriedly ransacked; clothes lay about the
42,The strange case of Dr. Jekyll and Mr. Hyde,"Stevenson, Robert Louis",https://www.gutenberg.org/ebooks/42.txt.utf-8,830,"floor, with their pockets inside out; lock-fast drawers stood open; and"
42,The strange case of Dr. Jekyll and Mr. Hyde,"Stevenson, Robert Louis",https://www.gutenberg.org/ebooks/42.txt.utf-8,831,"on the hearth there lay a pile of grey ashes, as though many papers had"
42,The strange case of Dr. Jekyll and Mr. Hyde,"Stevenson, Robert Louis",https://www.gutenberg.org/ebooks/42.txt.utf-8,832,been burned. From these embers the inspector disinterred the butt-end
42,The strange case of Dr. Jekyll and Mr. Hyde,"Stevenson, Robert Louis",https://www.gutenberg.org/ebooks/42.txt.utf-8,833,"of a green cheque-book, which had resisted the action of the fire; the"
42,The strange case of Dr. Jekyll and Mr. Hyde,"Stevenson, Robert Louis",https://www.gutenberg.org/ebooks/42.txt.utf-8,834,other half of the stick was found behind the door; and as this clinched
42,The strange case of Dr. Jekyll and Mr. Hyde,"Stevenson, Robert Louis",https://www.gutenberg.org/ebooks/42.txt.utf-8,835,"his suspicions, the officer declared himself delighted. A visit to the"
42,The strange case of Dr. Jekyll and Mr. Hyde,"Stevenson, Robert Louis",https://www.gutenberg.org/ebooks/42.txt.utf-8,836,"bank, where several thousand pounds were found to be lying to the"
42,The strange case of Dr. Jekyll and Mr. Hyde,"Stevenson, Robert Louis",https://www.gutenberg.org/ebooks/42.txt.utf-8,837,"murderer’s credit, completed his gratification."
42,The strange case of Dr. Jekyll and Mr. Hyde,"Stevenson, Robert Louis",https://www.gutenberg.org/ebooks/42.txt.utf-8,838,
42,The strange case of Dr. Jekyll and Mr. Hyde,"Stevenson, Robert Louis",https://www.gutenberg.org/ebooks/42.txt.utf-8,839,"“You may depend upon it, sir,” he told Mr. Utterson: “I have him in my"
42,The strange case of Dr. Jekyll and Mr. Hyde,"Stevenson, Robert Louis",https://www.gutenberg.org/ebooks/42.txt.utf-8,840,"hand. He must have lost his head, or he never would have left the stick"
42,The strange case of Dr. Jekyll and Mr. Hyde,"Stevenson, Robert Louis",https://www.gutenberg.org/ebooks/42.txt.utf-8,841,"or, above all, burned the cheque-book. Why, money’s life to the man. We"
42,The strange case of Dr. Jekyll and Mr. Hyde,"Stevenson, Robert Louis",https://www.gutenberg.org/ebooks/42.txt.utf-8,842,"have nothing to do but wait for him at the bank, and get out the"
42,The strange case of Dr. Jekyll and Mr. Hyde,"Stevenson, Robert Louis",https://www.gutenberg.org/ebooks/42.txt.utf-8,843,handbills.”
42,The strange case of Dr. Jekyll and Mr. Hyde,"Stevenson, Robert Louis",https://www.gutenberg.org/ebooks/42.txt.utf-8,844,
42,The strange case of Dr. Jekyll and Mr. Hyde,"Stevenson, Robert Louis",https://www.gutenberg.org/ebooks/42.txt.utf-8,845,"This last, however, was not so easy of accomplishment; for Mr. Hyde had"
42,The strange case of Dr. Jekyll and Mr. Hyde,"Stevenson, Robert Louis",https://www.gutenberg.org/ebooks/42.txt.utf-8,846,numbered few familiars—even the master of the servant-maid had only
42,The strange case of Dr. Jekyll and Mr. Hyde,"Stevenson, Robert Louis",https://www.gutenberg.org/ebooks/42.txt.utf-8,847,seen him twice; his family could nowhere be traced; he had never been
42,The strange case of Dr. Jekyll and Mr. Hyde,"Stevenson, Robert Louis",https://www.gutenberg.org/ebooks/42.txt.utf-8,848,"photographed; and the few who could describe him differed widely, as"
42,The strange case of Dr. Jekyll and Mr. Hyde,"Stevenson, Robert Louis",https://www.gutenberg.org/ebooks/42.txt.utf-8,849,"common observers will. Only on one point, were they agreed; and that"
42,The strange case of Dr. Jekyll and Mr. Hyde,"Stevenson, Robert Louis",https://www.gutenberg.org/ebooks/42.txt.utf-8,850,was the haunting sense of unexpressed deformity with which the fugitive
42,The strange case of Dr. Jekyll and Mr. Hyde,"Stevenson, Robert Louis",https://www.gutenberg.org/ebooks/42.txt.utf-8,851,impressed his beholders.
42,The strange case of Dr. Jekyll and Mr. Hyde,"Stevenson, Robert Louis",https://www.gutenberg.org/ebooks/42.txt.utf-8,852,
42,The strange case of Dr. Jekyll and Mr. Hyde,"Stevenson, Robert Louis",https://www.gutenberg.org/ebooks/42.txt.utf-8,853,
42,The strange case of Dr. Jekyll and Mr. Hyde,"Stevenson, Robert Louis",https://www.gutenberg.org/ebooks/42.txt.utf-8,854,
42,The strange case of Dr. Jekyll and Mr. Hyde,"Stevenson, Robert Louis",https://www.gutenberg.org/ebooks/42.txt.utf-8,855,
42,The strange case of Dr. Jekyll and Mr. Hyde,"Stevenson, Robert Louis",https://www.gutenberg.org/ebooks/42.txt.utf-8,856,INCIDENT OF THE LETTER
42,The strange case of Dr. Jekyll and Mr. Hyde,"Stevenson, Robert Louis",https://www.gutenberg.org/ebooks/42.txt.utf-8,857,
42,The strange case of Dr. Jekyll and Mr. Hyde,"Stevenson, Robert Louis",https://www.gutenberg.org/ebooks/42.txt.utf-8,858,
42,The strange case of Dr. Jekyll and Mr. Hyde,"Stevenson, Robert Louis",https://www.gutenberg.org/ebooks/42.txt.utf-8,859,"It was late in the afternoon, when Mr. Utterson found his way to Dr."
42,The strange case of Dr. Jekyll and Mr. Hyde,"Stevenson, Robert Louis",https://www.gutenberg.org/ebooks/42.txt.utf-8,860,"Jekyll’s door, where he was at once admitted by Poole, and carried down"
42,The strange case of Dr. Jekyll and Mr. Hyde,"Stevenson, Robert Louis",https://www.gutenberg.org/ebooks/42.txt.utf-8,861,"by the kitchen offices and across a yard which had once been a garden,"
42,The strange case of Dr. Jekyll and Mr. Hyde,"Stevenson, Robert Louis",https://www.gutenberg.org/ebooks/42.txt.utf-8,862,to the building which was indifferently known as the laboratory or the
42,The strange case of Dr. Jekyll and Mr. Hyde,"Stevenson, Robert Louis",https://www.gutenberg.org/ebooks/42.txt.utf-8,863,dissecting-rooms. The doctor had bought the house from the heirs of a
42,The strange case of Dr. Jekyll and Mr. Hyde,"Stevenson, Robert Louis",https://www.gutenberg.org/ebooks/42.txt.utf-8,864,celebrated surgeon; and his own tastes being rather chemical than
42,The strange case of Dr. Jekyll and Mr. Hyde,"Stevenson, Robert Louis",https://www.gutenberg.org/ebooks/42.txt.utf-8,865,"anatomical, had changed the destination of the block at the bottom of"
42,The strange case of Dr. Jekyll and Mr. Hyde,"Stevenson, Robert Louis",https://www.gutenberg.org/ebooks/42.txt.utf-8,866,the garden. It was the first time that the lawyer had been received in
42,The strange case of Dr. Jekyll and Mr. Hyde,"Stevenson, Robert Louis",https://www.gutenberg.org/ebooks/42.txt.utf-8,867,"that part of his friend’s quarters; and he eyed the dingy, windowless"
42,The strange case of Dr. Jekyll and Mr. Hyde,"Stevenson, Robert Louis",https://www.gutenberg.org/ebooks/42.txt.utf-8,868,"structure with curiosity, and gazed round with a distasteful sense of"
42,The strange case of Dr. Jekyll and Mr. Hyde,"Stevenson, Robert Louis",https://www.gutenberg.org/ebooks/42.txt.utf-8,869,"strangeness as he crossed the theatre, once crowded with eager students"
42,The strange case of Dr. Jekyll and Mr. Hyde,"Stevenson, Robert Louis",https://www.gutenberg.org/ebooks/42.txt.utf-8,870,"and now lying gaunt and silent, the tables laden with chemical"
42,The strange case of Dr. Jekyll and Mr. Hyde,"Stevenson, Robert Louis",https://www.gutenberg.org/ebooks/42.txt.utf-8,871,"apparatus, the floor strewn with crates and littered with packing"
42,The strange case of Dr. Jekyll and Mr. Hyde,"Stevenson, Robert Louis",https://www.gutenberg.org/ebooks/42.txt.utf-8,872,"straw, and the light falling dimly through the foggy cupola. At the"
42,The strange case of Dr. Jekyll and Mr. Hyde,"Stevenson, Robert Louis",https://www.gutenberg.org/ebooks/42.txt.utf-8,873,"further end, a flight of stairs mounted to a door covered with red"
42,The strange case of Dr. Jekyll and Mr. Hyde,"Stevenson, Robert Louis",https://www.gutenberg.org/ebooks/42.txt.utf-8,874,"baize; and through this, Mr. Utterson was at last received into the"
42,The strange case of Dr. Jekyll and Mr. Hyde,"Stevenson, Robert Louis",https://www.gutenberg.org/ebooks/42.txt.utf-8,875,"doctor’s cabinet. It was a large room, fitted round with glass presses,"
42,The strange case of Dr. Jekyll and Mr. Hyde,"Stevenson, Robert Louis",https://www.gutenberg.org/ebooks/42.txt.utf-8,876,"furnished, among other things, with a cheval-glass and a business"
42,The strange case of Dr. Jekyll and Mr. Hyde,"Stevenson, Robert Louis",https://www.gutenberg.org/ebooks/42.txt.utf-8,877,"table, and looking out upon the court by three dusty windows barred"
42,The strange case of Dr. Jekyll and Mr. Hyde,"Stevenson, Robert Louis",https://www.gutenberg.org/ebooks/42.txt.utf-8,878,with iron. A fire burned in the grate; a lamp was set lighted on the
42,The strange case of Dr. Jekyll and Mr. Hyde,"Stevenson, Robert Louis",https://www.gutenberg.org/ebooks/42.txt.utf-8,879,"chimney shelf, for even in the houses the fog began to lie thickly; and"
42,The strange case of Dr. Jekyll and Mr. Hyde,"Stevenson, Robert Louis",https://www.gutenberg.org/ebooks/42.txt.utf-8,880,"there, close up to the warmth, sat Dr. Jekyll, looking deadly sick. He"
42,The strange case of Dr. Jekyll and Mr. Hyde,"Stevenson, Robert Louis",https://www.gutenberg.org/ebooks/42.txt.utf-8,881,"did not rise to meet his visitor, but held out a cold hand and bade him"
42,The strange case of Dr. Jekyll and Mr. Hyde,"Stevenson, Robert Louis",https://www.gutenberg.org/ebooks/42.txt.utf-8,882,welcome in a changed voice.
42,The strange case of Dr. Jekyll and Mr. Hyde,"Stevenson, Robert Louis",https://www.gutenberg.org/ebooks/42.txt.utf-8,883,
42,The strange case of Dr. Jekyll and Mr. Hyde,"Stevenson, Robert Louis",https://www.gutenberg.org/ebooks/42.txt.utf-8,884,"“And now,” said Mr. Utterson, as soon as Poole had left them, “you have"
42,The strange case of Dr. Jekyll and Mr. Hyde,"Stevenson, Robert Louis",https://www.gutenberg.org/ebooks/42.txt.utf-8,885,heard the news?”
42,The strange case of Dr. Jekyll and Mr. Hyde,"Stevenson, Robert Louis",https://www.gutenberg.org/ebooks/42.txt.utf-8,886,
42,The strange case of Dr. Jekyll and Mr. Hyde,"Stevenson, Robert Louis",https://www.gutenberg.org/ebooks/42.txt.utf-8,887,"The doctor shuddered. “They were crying it in the square,” he said. “I"
42,The strange case of Dr. Jekyll and Mr. Hyde,"Stevenson, Robert Louis",https://www.gutenberg.org/ebooks/42.txt.utf-8,888,heard them in my dining-room.”
42,The strange case of Dr. Jekyll and Mr. Hyde,"Stevenson, Robert Louis",https://www.gutenberg.org/ebooks/42.txt.utf-8,889,
42,The strange case of Dr. Jekyll and Mr. Hyde,"Stevenson, Robert Louis",https://www.gutenberg.org/ebooks/42.txt.utf-8,890,"“One word,” said the lawyer. “Carew was my client, but so are you, and"
42,The strange case of Dr. Jekyll and Mr. Hyde,"Stevenson, Robert Louis",https://www.gutenberg.org/ebooks/42.txt.utf-8,891,I want to know what I am doing. You have not been mad enough to hide
42,The strange case of Dr. Jekyll and Mr. Hyde,"Stevenson, Robert Louis",https://www.gutenberg.org/ebooks/42.txt.utf-8,892,this fellow?”
42,The strange case of Dr. Jekyll and Mr. Hyde,"Stevenson, Robert Louis",https://www.gutenberg.org/ebooks/42.txt.utf-8,893,
42,The strange case of Dr. Jekyll and Mr. Hyde,"Stevenson, Robert Louis",https://www.gutenberg.org/ebooks/42.txt.utf-8,894,"“Utterson, I swear to God,” cried the doctor, “I swear to God I will"
42,The strange case of Dr. Jekyll and Mr. Hyde,"Stevenson, Robert Louis",https://www.gutenberg.org/ebooks/42.txt.utf-8,895,never set eyes on him again. I bind my honour to you that I am done
42,The strange case of Dr. Jekyll and Mr. Hyde,"Stevenson, Robert Louis",https://www.gutenberg.org/ebooks/42.txt.utf-8,896,with him in this world. It is all at an end. And indeed he does not
42,The strange case of Dr. Jekyll and Mr. Hyde,"Stevenson, Robert Louis",https://www.gutenberg.org/ebooks/42.txt.utf-8,897,"want my help; you do not know him as I do; he is safe, he is quite"
42,The strange case of Dr. Jekyll and Mr. Hyde,"Stevenson, Robert Louis",https://www.gutenberg.org/ebooks/42.txt.utf-8,898,"safe; mark my words, he will never more be heard of.”"
42,The strange case of Dr. Jekyll and Mr. Hyde,"Stevenson, Robert Louis",https://www.gutenberg.org/ebooks/42.txt.utf-8,899,
42,The strange case of Dr. Jekyll and Mr. Hyde,"Stevenson, Robert Louis",https://www.gutenberg.org/ebooks/42.txt.utf-8,900,The lawyer listened gloomily; he did not like his friend’s feverish
42,The strange case of Dr. Jekyll and Mr. Hyde,"Stevenson, Robert Louis",https://www.gutenberg.org/ebooks/42.txt.utf-8,901,"manner. “You seem pretty sure of him,” said he; “and for your sake, I"
42,The strange case of Dr. Jekyll and Mr. Hyde,"Stevenson, Robert Louis",https://www.gutenberg.org/ebooks/42.txt.utf-8,902,"hope you may be right. If it came to a trial, your name might appear.”"
42,The strange case of Dr. Jekyll and Mr. Hyde,"Stevenson, Robert Louis",https://www.gutenberg.org/ebooks/42.txt.utf-8,903,
42,The strange case of Dr. Jekyll and Mr. Hyde,"Stevenson, Robert Louis",https://www.gutenberg.org/ebooks/42.txt.utf-8,904,"“I am quite sure of him,” replied Jekyll; “I have grounds for certainty"
42,The strange case of Dr. Jekyll and Mr. Hyde,"Stevenson, Robert Louis",https://www.gutenberg.org/ebooks/42.txt.utf-8,905,that I cannot share with any one. But there is one thing on which you
42,The strange case of Dr. Jekyll and Mr. Hyde,"Stevenson, Robert Louis",https://www.gutenberg.org/ebooks/42.txt.utf-8,906,may advise me. I have—I have received a letter; and I am at a loss
42,The strange case of Dr. Jekyll and Mr. Hyde,"Stevenson, Robert Louis",https://www.gutenberg.org/ebooks/42.txt.utf-8,907,whether I should show it to the police. I should like to leave it in
42,The strange case of Dr. Jekyll and Mr. Hyde,"Stevenson, Robert Louis",https://www.gutenberg.org/ebooks/42.txt.utf-8,908,"your hands, Utterson; you would judge wisely, I am sure; I have so"
42,The strange case of Dr. Jekyll and Mr. Hyde,"Stevenson, Robert Louis",https://www.gutenberg.org/ebooks/42.txt.utf-8,909,great a trust in you.”
42,The strange case of Dr. Jekyll and Mr. Hyde,"Stevenson, Robert Louis",https://www.gutenberg.org/ebooks/42.txt.utf-8,910,
42,The strange case of Dr. Jekyll and Mr. Hyde,"Stevenson, Robert Louis",https://www.gutenberg.org/ebooks/42.txt.utf-8,911,"“You fear, I suppose, that it might lead to his detection?” asked the"
42,The strange case of Dr. Jekyll and Mr. Hyde,"Stevenson, Robert Louis",https://www.gutenberg.org/ebooks/42.txt.utf-8,912,lawyer.
42,The strange case of Dr. Jekyll and Mr. Hyde,"Stevenson, Robert Louis",https://www.gutenberg.org/ebooks/42.txt.utf-8,913,
42,The strange case of Dr. Jekyll and Mr. Hyde,"Stevenson, Robert Louis",https://www.gutenberg.org/ebooks/42.txt.utf-8,914,"“No,” said the other. “I cannot say that I care what becomes of Hyde; I"
42,The strange case of Dr. Jekyll and Mr. Hyde,"Stevenson, Robert Louis",https://www.gutenberg.org/ebooks/42.txt.utf-8,915,"am quite done with him. I was thinking of my own character, which this"
42,The strange case of Dr. Jekyll and Mr. Hyde,"Stevenson, Robert Louis",https://www.gutenberg.org/ebooks/42.txt.utf-8,916,hateful business has rather exposed.”
42,The strange case of Dr. Jekyll and Mr. Hyde,"Stevenson, Robert Louis",https://www.gutenberg.org/ebooks/42.txt.utf-8,917,
42,The strange case of Dr. Jekyll and Mr. Hyde,"Stevenson, Robert Louis",https://www.gutenberg.org/ebooks/42.txt.utf-8,918,Utterson ruminated a while; he was surprised at his friend’s
42,The strange case of Dr. Jekyll and Mr. Hyde,"Stevenson, Robert Louis",https://www.gutenberg.org/ebooks/42.txt.utf-8,919,"selfishness, and yet relieved by it. “Well,” said he, at last, “let me"
42,The strange case of Dr. Jekyll and Mr. Hyde,"Stevenson, Robert Louis",https://www.gutenberg.org/ebooks/42.txt.utf-8,920,see the letter.”
42,The strange case of Dr. Jekyll and Mr. Hyde,"Stevenson, Robert Louis",https://www.gutenberg.org/ebooks/42.txt.utf-8,921,
42,The strange case of Dr. Jekyll and Mr. Hyde,"Stevenson, Robert Louis",https://www.gutenberg.org/ebooks/42.txt.utf-8,922,"The letter was written in an odd, upright hand and signed “Edward"
42,The strange case of Dr. Jekyll and Mr. Hyde,"Stevenson, Robert Louis",https://www.gutenberg.org/ebooks/42.txt.utf-8,923,"Hyde”: and it signified, briefly enough, that the writer’s benefactor,"
42,The strange case of Dr. Jekyll and Mr. Hyde,"Stevenson, Robert Louis",https://www.gutenberg.org/ebooks/42.txt.utf-8,924,"Dr. Jekyll, whom he had long so unworthily repaid for a thousand"
42,The strange case of Dr. Jekyll and Mr. Hyde,"Stevenson, Robert Louis",https://www.gutenberg.org/ebooks/42.txt.utf-8,925,"generosities, need labour under no alarm for his safety, as he had"
42,The strange case of Dr. Jekyll and Mr. Hyde,"Stevenson, Robert Louis",https://www.gutenberg.org/ebooks/42.txt.utf-8,926,means of escape on which he placed a sure dependence. The lawyer liked
42,The strange case of Dr. Jekyll and Mr. Hyde,"Stevenson, Robert Louis",https://www.gutenberg.org/ebooks/42.txt.utf-8,927,this letter well enough; it put a better colour on the intimacy than he
42,The strange case of Dr. Jekyll and Mr. Hyde,"Stevenson, Robert Louis",https://www.gutenberg.org/ebooks/42.txt.utf-8,928,had looked for; and he blamed himself for some of his past suspicions.
42,The strange case of Dr. Jekyll and Mr. Hyde,"Stevenson, Robert Louis",https://www.gutenberg.org/ebooks/42.txt.utf-8,929,
42,The strange case of Dr. Jekyll and Mr. Hyde,"Stevenson, Robert Louis",https://www.gutenberg.org/ebooks/42.txt.utf-8,930,“Have you the envelope?” he asked.
42,The strange case of Dr. Jekyll and Mr. Hyde,"Stevenson, Robert Louis",https://www.gutenberg.org/ebooks/42.txt.utf-8,931,
42,The strange case of Dr. Jekyll and Mr. Hyde,"Stevenson, Robert Louis",https://www.gutenberg.org/ebooks/42.txt.utf-8,932,"“I burned it,” replied Jekyll, “before I thought what I was about. But"
42,The strange case of Dr. Jekyll and Mr. Hyde,"Stevenson, Robert Louis",https://www.gutenberg.org/ebooks/42.txt.utf-8,933,it bore no postmark. The note was handed in.”
42,The strange case of Dr. Jekyll and Mr. Hyde,"Stevenson, Robert Louis",https://www.gutenberg.org/ebooks/42.txt.utf-8,934,
42,The strange case of Dr. Jekyll and Mr. Hyde,"Stevenson, Robert Louis",https://www.gutenberg.org/ebooks/42.txt.utf-8,935,“Shall I keep this and sleep upon it?” asked Utterson.
42,The strange case of Dr. Jekyll and Mr. Hyde,"Stevenson, Robert Louis",https://www.gutenberg.org/ebooks/42.txt.utf-8,936,
42,The strange case of Dr. Jekyll and Mr. Hyde,"Stevenson, Robert Louis",https://www.gutenberg.org/ebooks/42.txt.utf-8,937,"“I wish you to judge for me entirely,” was the reply. “I have lost"
42,The strange case of Dr. Jekyll and Mr. Hyde,"Stevenson, Robert Louis",https://www.gutenberg.org/ebooks/42.txt.utf-8,938,confidence in myself.”
42,The strange case of Dr. Jekyll and Mr. Hyde,"Stevenson, Robert Louis",https://www.gutenberg.org/ebooks/42.txt.utf-8,939,
42,The strange case of Dr. Jekyll and Mr. Hyde,"Stevenson, Robert Louis",https://www.gutenberg.org/ebooks/42.txt.utf-8,940,"“Well, I shall consider,” returned the lawyer. “And now one word more:"
42,The strange case of Dr. Jekyll and Mr. Hyde,"Stevenson, Robert Louis",https://www.gutenberg.org/ebooks/42.txt.utf-8,941,it was Hyde who dictated the terms in your will about that
42,The strange case of Dr. Jekyll and Mr. Hyde,"Stevenson, Robert Louis",https://www.gutenberg.org/ebooks/42.txt.utf-8,942,disappearance?”
42,The strange case of Dr. Jekyll and Mr. Hyde,"Stevenson, Robert Louis",https://www.gutenberg.org/ebooks/42.txt.utf-8,943,
42,The strange case of Dr. Jekyll and Mr. Hyde,"Stevenson, Robert Louis",https://www.gutenberg.org/ebooks/42.txt.utf-8,944,The doctor seemed seized with a qualm of faintness: he shut his mouth
42,The strange case of Dr. Jekyll and Mr. Hyde,"Stevenson, Robert Louis",https://www.gutenberg.org/ebooks/42.txt.utf-8,945,tight and nodded.
42,The strange case of Dr. Jekyll and Mr. Hyde,"Stevenson, Robert Louis",https://www.gutenberg.org/ebooks/42.txt.utf-8,946,
42,The strange case of Dr. Jekyll and Mr. Hyde,"Stevenson, Robert Louis",https://www.gutenberg.org/ebooks/42.txt.utf-8,947,"“I knew it,” said Utterson. “He meant to murder you. You have had a"
42,The strange case of Dr. Jekyll and Mr. Hyde,"Stevenson, Robert Louis",https://www.gutenberg.org/ebooks/42.txt.utf-8,948,fine escape.”
42,The strange case of Dr. Jekyll and Mr. Hyde,"Stevenson, Robert Louis",https://www.gutenberg.org/ebooks/42.txt.utf-8,949,
42,The strange case of Dr. Jekyll and Mr. Hyde,"Stevenson, Robert Louis",https://www.gutenberg.org/ebooks/42.txt.utf-8,950,"“I have had what is far more to the purpose,” returned the doctor"
42,The strange case of Dr. Jekyll and Mr. Hyde,"Stevenson, Robert Louis",https://www.gutenberg.org/ebooks/42.txt.utf-8,951,"solemnly: “I have had a lesson—O God, Utterson, what a lesson I have"
42,The strange case of Dr. Jekyll and Mr. Hyde,"Stevenson, Robert Louis",https://www.gutenberg.org/ebooks/42.txt.utf-8,952,had!” And he covered his face for a moment with his hands.
42,The strange case of Dr. Jekyll and Mr. Hyde,"Stevenson, Robert Louis",https://www.gutenberg.org/ebooks/42.txt.utf-8,953,
42,The strange case of Dr. Jekyll and Mr. Hyde,"Stevenson, Robert Louis",https://www.gutenberg.org/ebooks/42.txt.utf-8,954,"On his way out, the lawyer stopped and had a word or two with Poole."
42,The strange case of Dr. Jekyll and Mr. Hyde,"Stevenson, Robert Louis",https://www.gutenberg.org/ebooks/42.txt.utf-8,955,"“By the by,” said he, “there was a letter handed in to-day: what was"
42,The strange case of Dr. Jekyll and Mr. Hyde,"Stevenson, Robert Louis",https://www.gutenberg.org/ebooks/42.txt.utf-8,956,the messenger like?” But Poole was positive nothing had come except by
42,The strange case of Dr. Jekyll and Mr. Hyde,"Stevenson, Robert Louis",https://www.gutenberg.org/ebooks/42.txt.utf-8,957,"post; “and only circulars by that,” he added."
42,The strange case of Dr. Jekyll and Mr. Hyde,"Stevenson, Robert Louis",https://www.gutenberg.org/ebooks/42.txt.utf-8,958,
42,The strange case of Dr. Jekyll and Mr. Hyde,"Stevenson, Robert Louis",https://www.gutenberg.org/ebooks/42.txt.utf-8,959,This news sent off the visitor with his fears renewed. Plainly the
42,The strange case of Dr. Jekyll and Mr. Hyde,"Stevenson, Robert Louis",https://www.gutenberg.org/ebooks/42.txt.utf-8,960,"letter had come by the laboratory door; possibly, indeed, it had been"
42,The strange case of Dr. Jekyll and Mr. Hyde,"Stevenson, Robert Louis",https://www.gutenberg.org/ebooks/42.txt.utf-8,961,"written in the cabinet; and if that were so, it must be differently"
42,The strange case of Dr. Jekyll and Mr. Hyde,"Stevenson, Robert Louis",https://www.gutenberg.org/ebooks/42.txt.utf-8,962,"judged, and handled with the more caution. The newsboys, as he went,"
42,The strange case of Dr. Jekyll and Mr. Hyde,"Stevenson, Robert Louis",https://www.gutenberg.org/ebooks/42.txt.utf-8,963,were crying themselves hoarse along the footways: “Special edition.
42,The strange case of Dr. Jekyll and Mr. Hyde,"Stevenson, Robert Louis",https://www.gutenberg.org/ebooks/42.txt.utf-8,964,Shocking murder of an M. P.” That was the funeral oration of one friend
42,The strange case of Dr. Jekyll and Mr. Hyde,"Stevenson, Robert Louis",https://www.gutenberg.org/ebooks/42.txt.utf-8,965,and client; and he could not help a certain apprehension lest the good
42,The strange case of Dr. Jekyll and Mr. Hyde,"Stevenson, Robert Louis",https://www.gutenberg.org/ebooks/42.txt.utf-8,966,name of another should be sucked down in the eddy of the scandal. It
42,The strange case of Dr. Jekyll and Mr. Hyde,"Stevenson, Robert Louis",https://www.gutenberg.org/ebooks/42.txt.utf-8,967,"was, at least, a ticklish decision that he had to make; and"
42,The strange case of Dr. Jekyll and Mr. Hyde,"Stevenson, Robert Louis",https://www.gutenberg.org/ebooks/42.txt.utf-8,968,"self-reliant as he was by habit, he began to cherish a longing for"
42,The strange case of Dr. Jekyll and Mr. Hyde,"Stevenson, Robert Louis",https://www.gutenberg.org/ebooks/42.txt.utf-8,969,"advice. It was not to be had directly; but perhaps, he thought, it"
42,The strange case of Dr. Jekyll and Mr. Hyde,"Stevenson, Robert Louis",https://www.gutenberg.org/ebooks/42.txt.utf-8,970,might be fished for.
42,The strange case of Dr. Jekyll and Mr. Hyde,"Stevenson, Robert Louis",https://www.gutenberg.org/ebooks/42.txt.utf-8,971,
42,The strange case of Dr. Jekyll and Mr. Hyde,"Stevenson, Robert Louis",https://www.gutenberg.org/ebooks/42.txt.utf-8,972,"Presently after, he sat on one side of his own hearth, with Mr. Guest,"
42,The strange case of Dr. Jekyll and Mr. Hyde,"Stevenson, Robert Louis",https://www.gutenberg.org/ebooks/42.txt.utf-8,973,"his head clerk, upon the other, and midway between, at a nicely"
42,The strange case of Dr. Jekyll and Mr. Hyde,"Stevenson, Robert Louis",https://www.gutenberg.org/ebooks/42.txt.utf-8,974,"calculated distance from the fire, a bottle of a particular old wine"
42,The strange case of Dr. Jekyll and Mr. Hyde,"Stevenson, Robert Louis",https://www.gutenberg.org/ebooks/42.txt.utf-8,975,that had long dwelt unsunned in the foundations of his house. The fog
42,The strange case of Dr. Jekyll and Mr. Hyde,"Stevenson, Robert Louis",https://www.gutenberg.org/ebooks/42.txt.utf-8,976,"still slept on the wing above the drowned city, where the lamps"
42,The strange case of Dr. Jekyll and Mr. Hyde,"Stevenson, Robert Louis",https://www.gutenberg.org/ebooks/42.txt.utf-8,977,glimmered like carbuncles; and through the muffle and smother of these
42,The strange case of Dr. Jekyll and Mr. Hyde,"Stevenson, Robert Louis",https://www.gutenberg.org/ebooks/42.txt.utf-8,978,"fallen clouds, the procession of the town’s life was still rolling in"
42,The strange case of Dr. Jekyll and Mr. Hyde,"Stevenson, Robert Louis",https://www.gutenberg.org/ebooks/42.txt.utf-8,979,through the great arteries with a sound as of a mighty wind. But the
42,The strange case of Dr. Jekyll and Mr. Hyde,"Stevenson, Robert Louis",https://www.gutenberg.org/ebooks/42.txt.utf-8,980,room was gay with firelight. In the bottle the acids were long ago
42,The strange case of Dr. Jekyll and Mr. Hyde,"Stevenson, Robert Louis",https://www.gutenberg.org/ebooks/42.txt.utf-8,981,"resolved; the imperial dye had softened with time, As the colour grows"
42,The strange case of Dr. Jekyll and Mr. Hyde,"Stevenson, Robert Louis",https://www.gutenberg.org/ebooks/42.txt.utf-8,982,richer in stained windows; and the glow of hot autumn afternoons on
42,The strange case of Dr. Jekyll and Mr. Hyde,"Stevenson, Robert Louis",https://www.gutenberg.org/ebooks/42.txt.utf-8,983,hillside vineyards was ready to be set free and to disperse the fogs of
42,The strange case of Dr. Jekyll and Mr. Hyde,"Stevenson, Robert Louis",https://www.gutenberg.org/ebooks/42.txt.utf-8,984,London. Insensibly the lawyer melted. There was no man from whom he
42,The strange case of Dr. Jekyll and Mr. Hyde,"Stevenson, Robert Louis",https://www.gutenberg.org/ebooks/42.txt.utf-8,985,kept fewer secrets than Mr. Guest; and he was not always sure that he
42,The strange case of Dr. Jekyll and Mr. Hyde,"Stevenson, Robert Louis",https://www.gutenberg.org/ebooks/42.txt.utf-8,986,kept as many as he meant. Guest had often been on business to the
42,The strange case of Dr. Jekyll and Mr. Hyde,"Stevenson, Robert Louis",https://www.gutenberg.org/ebooks/42.txt.utf-8,987,doctor’s; he knew Poole; he could scarce have failed to hear of Mr.
42,The strange case of Dr. Jekyll and Mr. Hyde,"Stevenson, Robert Louis",https://www.gutenberg.org/ebooks/42.txt.utf-8,988,Hyde’s familiarity about the house; he might draw conclusions: was it
42,The strange case of Dr. Jekyll and Mr. Hyde,"Stevenson, Robert Louis",https://www.gutenberg.org/ebooks/42.txt.utf-8,989,"not as well, then, that he should see a letter which put that mystery"
42,The strange case of Dr. Jekyll and Mr. Hyde,"Stevenson, Robert Louis",https://www.gutenberg.org/ebooks/42.txt.utf-8,990,"to rights? and above all since Guest, being a great student and critic"
42,The strange case of Dr. Jekyll and Mr. Hyde,"Stevenson, Robert Louis",https://www.gutenberg.org/ebooks/42.txt.utf-8,991,"of handwriting, would consider the step natural and obliging? The"
42,The strange case of Dr. Jekyll and Mr. Hyde,"Stevenson, Robert Louis",https://www.gutenberg.org/ebooks/42.txt.utf-8,992,"clerk, besides, was a man of counsel; he would scarce read so strange a"
42,The strange case of Dr. Jekyll and Mr. Hyde,"Stevenson, Robert Louis",https://www.gutenberg.org/ebooks/42.txt.utf-8,993,document without dropping a remark; and by that remark Mr. Utterson
42,The strange case of Dr. Jekyll and Mr. Hyde,"Stevenson, Robert Louis",https://www.gutenberg.org/ebooks/42.txt.utf-8,994,might shape his future course.
42,The strange case of Dr. Jekyll and Mr. Hyde,"Stevenson, Robert Louis",https://www.gutenberg.org/ebooks/42.txt.utf-8,995,
42,The strange case of Dr. Jekyll and Mr. Hyde,"Stevenson, Robert Louis",https://www.gutenberg.org/ebooks/42.txt.utf-8,996,"“This is a sad business about Sir Danvers,” he said."
42,The strange case of Dr. Jekyll and Mr. Hyde,"Stevenson, Robert Louis",https://www.gutenberg.org/ebooks/42.txt.utf-8,997,
42,The strange case of Dr. Jekyll and Mr. Hyde,"Stevenson, Robert Louis",https://www.gutenberg.org/ebooks/42.txt.utf-8,998,"“Yes, sir, indeed. It has elicited a great deal of public feeling,”"
42,The strange case of Dr. Jekyll and Mr. Hyde,"Stevenson, Robert Louis",https://www.gutenberg.org/ebooks/42.txt.utf-8,999,"returned Guest. “The man, of course, was mad.”"
42,The strange case of Dr. Jekyll and Mr. Hyde,"Stevenson, Robert Louis",https://www.gutenberg.org/ebooks/42.txt.utf-8,1000,
42,The strange case of Dr. Jekyll and Mr. Hyde,"Stevenson, Robert Louis",https://www.gutenberg.org/ebooks/42.txt.utf-8,1001,"“I should like to hear your views on that,” replied Utterson. “I have a"
42,The strange case of Dr. Jekyll and Mr. Hyde,"Stevenson, Robert Louis",https://www.gutenberg.org/ebooks/42.txt.utf-8,1002,"document here in his handwriting; it is between ourselves, for I scarce"
42,The strange case of Dr. Jekyll and Mr. Hyde,"Stevenson, Robert Louis",https://www.gutenberg.org/ebooks/42.txt.utf-8,1003,know what to do about it; it is an ugly business at the best. But there
42,The strange case of Dr. Jekyll and Mr. Hyde,"Stevenson, Robert Louis",https://www.gutenberg.org/ebooks/42.txt.utf-8,1004,it is; quite in your way a murderer’s autograph.”
42,The strange case of Dr. Jekyll and Mr. Hyde,"Stevenson, Robert Louis",https://www.gutenberg.org/ebooks/42.txt.utf-8,1005,
42,The strange case of Dr. Jekyll and Mr. Hyde,"Stevenson, Robert Louis",https://www.gutenberg.org/ebooks/42.txt.utf-8,1006,"Guest’s eyes brightened, and he sat down at once and studied it with"
42,The strange case of Dr. Jekyll and Mr. Hyde,"Stevenson, Robert Louis",https://www.gutenberg.org/ebooks/42.txt.utf-8,1007,"passion. “No, sir,” he said: “not mad; but it is an odd hand.”"
42,The strange case of Dr. Jekyll and Mr. Hyde,"Stevenson, Robert Louis",https://www.gutenberg.org/ebooks/42.txt.utf-8,1008,
42,The strange case of Dr. Jekyll and Mr. Hyde,"Stevenson, Robert Louis",https://www.gutenberg.org/ebooks/42.txt.utf-8,1009,"“And by all accounts a very odd writer,” added the lawyer."
42,The strange case of Dr. Jekyll and Mr. Hyde,"Stevenson, Robert Louis",https://www.gutenberg.org/ebooks/42.txt.utf-8,1010,
42,The strange case of Dr. Jekyll and Mr. Hyde,"Stevenson, Robert Louis",https://www.gutenberg.org/ebooks/42.txt.utf-8,1011,Just then the servant entered with a note.
42,The strange case of Dr. Jekyll and Mr. Hyde,"Stevenson, Robert Louis",https://www.gutenberg.org/ebooks/42.txt.utf-8,1012,
42,The strange case of Dr. Jekyll and Mr. Hyde,"Stevenson, Robert Louis",https://www.gutenberg.org/ebooks/42.txt.utf-8,1013,"“Is that from Dr. Jekyll, sir?” inquired the clerk. “I thought I knew"
42,The strange case of Dr. Jekyll and Mr. Hyde,"Stevenson, Robert Louis",https://www.gutenberg.org/ebooks/42.txt.utf-8,1014,"the writing. Anything private, Mr. Utterson?”"
42,The strange case of Dr. Jekyll and Mr. Hyde,"Stevenson, Robert Louis",https://www.gutenberg.org/ebooks/42.txt.utf-8,1015,
42,The strange case of Dr. Jekyll and Mr. Hyde,"Stevenson, Robert Louis",https://www.gutenberg.org/ebooks/42.txt.utf-8,1016,“Only an invitation to dinner. Why? Do you want to see it?”
42,The strange case of Dr. Jekyll and Mr. Hyde,"Stevenson, Robert Louis",https://www.gutenberg.org/ebooks/42.txt.utf-8,1017,
42,The strange case of Dr. Jekyll and Mr. Hyde,"Stevenson, Robert Louis",https://www.gutenberg.org/ebooks/42.txt.utf-8,1018,"“One moment. I thank you, sir”; and the clerk laid the two sheets of"
42,The strange case of Dr. Jekyll and Mr. Hyde,"Stevenson, Robert Louis",https://www.gutenberg.org/ebooks/42.txt.utf-8,1019,"paper alongside and sedulously compared their contents. “Thank you,"
42,The strange case of Dr. Jekyll and Mr. Hyde,"Stevenson, Robert Louis",https://www.gutenberg.org/ebooks/42.txt.utf-8,1020,"sir,” he said at last, returning both; “it’s a very interesting"
42,The strange case of Dr. Jekyll and Mr. Hyde,"Stevenson, Robert Louis",https://www.gutenberg.org/ebooks/42.txt.utf-8,1021,autograph.”
42,The strange case of Dr. Jekyll and Mr. Hyde,"Stevenson, Robert Louis",https://www.gutenberg.org/ebooks/42.txt.utf-8,1022,
42,The strange case of Dr. Jekyll and Mr. Hyde,"Stevenson, Robert Louis",https://www.gutenberg.org/ebooks/42.txt.utf-8,1023,"There was a pause, during which Mr. Utterson struggled with himself."
42,The strange case of Dr. Jekyll and Mr. Hyde,"Stevenson, Robert Louis",https://www.gutenberg.org/ebooks/42.txt.utf-8,1024,"“Why did you compare them, Guest?” he inquired suddenly."
42,The strange case of Dr. Jekyll and Mr. Hyde,"Stevenson, Robert Louis",https://www.gutenberg.org/ebooks/42.txt.utf-8,1025,
42,The strange case of Dr. Jekyll and Mr. Hyde,"Stevenson, Robert Louis",https://www.gutenberg.org/ebooks/42.txt.utf-8,1026,"“Well, sir,” returned the clerk, “there’s a rather singular"
42,The strange case of Dr. Jekyll and Mr. Hyde,"Stevenson, Robert Louis",https://www.gutenberg.org/ebooks/42.txt.utf-8,1027,resemblance; the two hands are in many points identical: only
42,The strange case of Dr. Jekyll and Mr. Hyde,"Stevenson, Robert Louis",https://www.gutenberg.org/ebooks/42.txt.utf-8,1028,differently sloped.”
42,The strange case of Dr. Jekyll and Mr. Hyde,"Stevenson, Robert Louis",https://www.gutenberg.org/ebooks/42.txt.utf-8,1029,
42,The strange case of Dr. Jekyll and Mr. Hyde,"Stevenson, Robert Louis",https://www.gutenberg.org/ebooks/42.txt.utf-8,1030,"“Rather quaint,” said Utterson."
42,The strange case of Dr. Jekyll and Mr. Hyde,"Stevenson, Robert Louis",https://www.gutenberg.org/ebooks/42.txt.utf-8,1031,
42,The strange case of Dr. Jekyll and Mr. Hyde,"Stevenson, Robert Louis",https://www.gutenberg.org/ebooks/42.txt.utf-8,1032,"“It is, as you say, rather quaint,” returned Guest."
42,The strange case of Dr. Jekyll and Mr. Hyde,"Stevenson, Robert Louis",https://www.gutenberg.org/ebooks/42.txt.utf-8,1033,
42,The strange case of Dr. Jekyll and Mr. Hyde,"Stevenson, Robert Louis",https://www.gutenberg.org/ebooks/42.txt.utf-8,1034,"“I wouldn’t speak of this note, you know,” said the master."
42,The strange case of Dr. Jekyll and Mr. Hyde,"Stevenson, Robert Louis",https://www.gutenberg.org/ebooks/42.txt.utf-8,1035,
42,The strange case of Dr. Jekyll and Mr. Hyde,"Stevenson, Robert Louis",https://www.gutenberg.org/ebooks/42.txt.utf-8,1036,"“No, sir,” said the clerk. “I understand.”"
42,The strange case of Dr. Jekyll and Mr. Hyde,"Stevenson, Robert Louis",https://www.gutenberg.org/ebooks/42.txt.utf-8,1037,
42,The strange case of Dr. Jekyll and Mr. Hyde,"Stevenson, Robert Louis",https://www.gutenberg.org/ebooks/42.txt.utf-8,1038,But no sooner was Mr. Utterson alone that night than he locked the note
42,The strange case of Dr. Jekyll and Mr. Hyde,"Stevenson, Robert Louis",https://www.gutenberg.org/ebooks/42.txt.utf-8,1039,"into his safe, where it reposed from that time forward. “What!” he"
42,The strange case of Dr. Jekyll and Mr. Hyde,"Stevenson, Robert Louis",https://www.gutenberg.org/ebooks/42.txt.utf-8,1040,thought. “Henry Jekyll forge for a murderer!” And his blood ran cold in
42,The strange case of Dr. Jekyll and Mr. Hyde,"Stevenson, Robert Louis",https://www.gutenberg.org/ebooks/42.txt.utf-8,1041,his veins.
42,The strange case of Dr. Jekyll and Mr. Hyde,"Stevenson, Robert Louis",https://www.gutenberg.org/ebooks/42.txt.utf-8,1042,
42,The strange case of Dr. Jekyll and Mr. Hyde,"Stevenson, Robert Louis",https://www.gutenberg.org/ebooks/42.txt.utf-8,1043,
42,The strange case of Dr. Jekyll and Mr. Hyde,"Stevenson, Robert Louis",https://www.gutenberg.org/ebooks/42.txt.utf-8,1044,
42,The strange case of Dr. Jekyll and Mr. Hyde,"Stevenson, Robert Louis",https://www.gutenberg.org/ebooks/42.txt.utf-8,1045,
42,The strange case of Dr. Jekyll and Mr. Hyde,"Stevenson, Robert Louis",https://www.gutenberg.org/ebooks/42.txt.utf-8,1046,REMARKABLE INCIDENT OF DR. LANYON
42,The strange case of Dr. Jekyll and Mr. Hyde,"Stevenson, Robert Louis",https://www.gutenberg.org/ebooks/42.txt.utf-8,1047,
42,The strange case of Dr. Jekyll and Mr. Hyde,"Stevenson, Robert Louis",https://www.gutenberg.org/ebooks/42.txt.utf-8,1048,
42,The strange case of Dr. Jekyll and Mr. Hyde,"Stevenson, Robert Louis",https://www.gutenberg.org/ebooks/42.txt.utf-8,1049,"Time ran on; thousands of pounds were offered in reward, for the death"
42,The strange case of Dr. Jekyll and Mr. Hyde,"Stevenson, Robert Louis",https://www.gutenberg.org/ebooks/42.txt.utf-8,1050,of Sir Danvers was resented as a public injury; but Mr. Hyde had
42,The strange case of Dr. Jekyll and Mr. Hyde,"Stevenson, Robert Louis",https://www.gutenberg.org/ebooks/42.txt.utf-8,1051,disappeared out of the ken of the police as though he had never
42,The strange case of Dr. Jekyll and Mr. Hyde,"Stevenson, Robert Louis",https://www.gutenberg.org/ebooks/42.txt.utf-8,1052,"existed. Much of his past was unearthed, indeed, and all disreputable:"
42,The strange case of Dr. Jekyll and Mr. Hyde,"Stevenson, Robert Louis",https://www.gutenberg.org/ebooks/42.txt.utf-8,1053,"tales came out of the man’s cruelty, at once so callous and violent; of"
42,The strange case of Dr. Jekyll and Mr. Hyde,"Stevenson, Robert Louis",https://www.gutenberg.org/ebooks/42.txt.utf-8,1054,"his vile life, of his strange associates, of the hatred that seemed to"
42,The strange case of Dr. Jekyll and Mr. Hyde,"Stevenson, Robert Louis",https://www.gutenberg.org/ebooks/42.txt.utf-8,1055,"have surrounded his career; but of his present whereabouts, not a"
42,The strange case of Dr. Jekyll and Mr. Hyde,"Stevenson, Robert Louis",https://www.gutenberg.org/ebooks/42.txt.utf-8,1056,whisper. From the time he had left the house in Soho on the morning of
42,The strange case of Dr. Jekyll and Mr. Hyde,"Stevenson, Robert Louis",https://www.gutenberg.org/ebooks/42.txt.utf-8,1057,"the murder, he was simply blotted out; and gradually, as time drew on,"
42,The strange case of Dr. Jekyll and Mr. Hyde,"Stevenson, Robert Louis",https://www.gutenberg.org/ebooks/42.txt.utf-8,1058,"Mr. Utterson began to recover from the hotness of his alarm, and to"
42,The strange case of Dr. Jekyll and Mr. Hyde,"Stevenson, Robert Louis",https://www.gutenberg.org/ebooks/42.txt.utf-8,1059,"grow more at quiet with himself. The death of Sir Danvers was, to his"
42,The strange case of Dr. Jekyll and Mr. Hyde,"Stevenson, Robert Louis",https://www.gutenberg.org/ebooks/42.txt.utf-8,1060,"way of thinking, more than paid for by the disappearance of Mr. Hyde."
42,The strange case of Dr. Jekyll and Mr. Hyde,"Stevenson, Robert Louis",https://www.gutenberg.org/ebooks/42.txt.utf-8,1061,"Now that that evil influence had been withdrawn, a new life began for"
42,The strange case of Dr. Jekyll and Mr. Hyde,"Stevenson, Robert Louis",https://www.gutenberg.org/ebooks/42.txt.utf-8,1062,"Dr. Jekyll. He came out of his seclusion, renewed relations with his"
42,The strange case of Dr. Jekyll and Mr. Hyde,"Stevenson, Robert Louis",https://www.gutenberg.org/ebooks/42.txt.utf-8,1063,"friends, became once more their familiar guest and entertainer; and"
42,The strange case of Dr. Jekyll and Mr. Hyde,"Stevenson, Robert Louis",https://www.gutenberg.org/ebooks/42.txt.utf-8,1064,"whilst he had always been known for charities, he was now no less"
42,The strange case of Dr. Jekyll and Mr. Hyde,"Stevenson, Robert Louis",https://www.gutenberg.org/ebooks/42.txt.utf-8,1065,"distinguished for religion. He was busy, he was much in the open air,"
42,The strange case of Dr. Jekyll and Mr. Hyde,"Stevenson, Robert Louis",https://www.gutenberg.org/ebooks/42.txt.utf-8,1066,"he did good; his face seemed to open and brighten, as if with an inward"
42,The strange case of Dr. Jekyll and Mr. Hyde,"Stevenson, Robert Louis",https://www.gutenberg.org/ebooks/42.txt.utf-8,1067,"consciousness of service; and for more than two months, the doctor was"
42,The strange case of Dr. Jekyll and Mr. Hyde,"Stevenson, Robert Louis",https://www.gutenberg.org/ebooks/42.txt.utf-8,1068,at peace.
42,The strange case of Dr. Jekyll and Mr. Hyde,"Stevenson, Robert Louis",https://www.gutenberg.org/ebooks/42.txt.utf-8,1069,
42,The strange case of Dr. Jekyll and Mr. Hyde,"Stevenson, Robert Louis",https://www.gutenberg.org/ebooks/42.txt.utf-8,1070,On the 8th of January Utterson had dined at the doctor’s with a small
42,The strange case of Dr. Jekyll and Mr. Hyde,"Stevenson, Robert Louis",https://www.gutenberg.org/ebooks/42.txt.utf-8,1071,party; Lanyon had been there; and the face of the host had looked from
42,The strange case of Dr. Jekyll and Mr. Hyde,"Stevenson, Robert Louis",https://www.gutenberg.org/ebooks/42.txt.utf-8,1072,one to the other as in the old days when the trio were inseparable
42,The strange case of Dr. Jekyll and Mr. Hyde,"Stevenson, Robert Louis",https://www.gutenberg.org/ebooks/42.txt.utf-8,1073,"friends. On the 12th, and again on the 14th, the door was shut against"
42,The strange case of Dr. Jekyll and Mr. Hyde,"Stevenson, Robert Louis",https://www.gutenberg.org/ebooks/42.txt.utf-8,1074,"the lawyer. “The doctor was confined to the house,” Poole said, “and"
42,The strange case of Dr. Jekyll and Mr. Hyde,"Stevenson, Robert Louis",https://www.gutenberg.org/ebooks/42.txt.utf-8,1075,"saw no one.” On the 15th, he tried again, and was again refused; and"
42,The strange case of Dr. Jekyll and Mr. Hyde,"Stevenson, Robert Louis",https://www.gutenberg.org/ebooks/42.txt.utf-8,1076,having now been used for the last two months to see his friend almost
42,The strange case of Dr. Jekyll and Mr. Hyde,"Stevenson, Robert Louis",https://www.gutenberg.org/ebooks/42.txt.utf-8,1077,"daily, he found this return of solitude to weigh upon his spirits. The"
42,The strange case of Dr. Jekyll and Mr. Hyde,"Stevenson, Robert Louis",https://www.gutenberg.org/ebooks/42.txt.utf-8,1078,fifth night he had in Guest to dine with him; and the sixth he betook
42,The strange case of Dr. Jekyll and Mr. Hyde,"Stevenson, Robert Louis",https://www.gutenberg.org/ebooks/42.txt.utf-8,1079,himself to Dr. Lanyon’s.
42,The strange case of Dr. Jekyll and Mr. Hyde,"Stevenson, Robert Louis",https://www.gutenberg.org/ebooks/42.txt.utf-8,1080,
42,The strange case of Dr. Jekyll and Mr. Hyde,"Stevenson, Robert Louis",https://www.gutenberg.org/ebooks/42.txt.utf-8,1081,"There at least he was not denied admittance; but when he came in, he"
42,The strange case of Dr. Jekyll and Mr. Hyde,"Stevenson, Robert Louis",https://www.gutenberg.org/ebooks/42.txt.utf-8,1082,was shocked at the change which had taken place in the doctor’s
42,The strange case of Dr. Jekyll and Mr. Hyde,"Stevenson, Robert Louis",https://www.gutenberg.org/ebooks/42.txt.utf-8,1083,appearance. He had his death-warrant written legibly upon his face. The
42,The strange case of Dr. Jekyll and Mr. Hyde,"Stevenson, Robert Louis",https://www.gutenberg.org/ebooks/42.txt.utf-8,1084,rosy man had grown pale; his flesh had fallen away; he was visibly
42,The strange case of Dr. Jekyll and Mr. Hyde,"Stevenson, Robert Louis",https://www.gutenberg.org/ebooks/42.txt.utf-8,1085,"balder and older; and yet it was not so much, these tokens of a swift"
42,The strange case of Dr. Jekyll and Mr. Hyde,"Stevenson, Robert Louis",https://www.gutenberg.org/ebooks/42.txt.utf-8,1086,"physical decay that arrested the lawyer’s notice, as a look in the eye"
42,The strange case of Dr. Jekyll and Mr. Hyde,"Stevenson, Robert Louis",https://www.gutenberg.org/ebooks/42.txt.utf-8,1087,and quality of manner that seemed to testify to some deep-seated terror
42,The strange case of Dr. Jekyll and Mr. Hyde,"Stevenson, Robert Louis",https://www.gutenberg.org/ebooks/42.txt.utf-8,1088,of the mind. It was unlikely that the doctor should fear death; and yet
42,The strange case of Dr. Jekyll and Mr. Hyde,"Stevenson, Robert Louis",https://www.gutenberg.org/ebooks/42.txt.utf-8,1089,"that was what Utterson was tempted to suspect. “Yes,” he thought; “he"
42,The strange case of Dr. Jekyll and Mr. Hyde,"Stevenson, Robert Louis",https://www.gutenberg.org/ebooks/42.txt.utf-8,1090,"is a doctor, he must know his own state and that his days are counted;"
42,The strange case of Dr. Jekyll and Mr. Hyde,"Stevenson, Robert Louis",https://www.gutenberg.org/ebooks/42.txt.utf-8,1091,and the knowledge is more than he can bear.” And yet when Utterson
42,The strange case of Dr. Jekyll and Mr. Hyde,"Stevenson, Robert Louis",https://www.gutenberg.org/ebooks/42.txt.utf-8,1092,"remarked on his ill-looks, it was with an air of greatness that Lanyon"
42,The strange case of Dr. Jekyll and Mr. Hyde,"Stevenson, Robert Louis",https://www.gutenberg.org/ebooks/42.txt.utf-8,1093,declared himself a doomed man.
42,The strange case of Dr. Jekyll and Mr. Hyde,"Stevenson, Robert Louis",https://www.gutenberg.org/ebooks/42.txt.utf-8,1094,
42,The strange case of Dr. Jekyll and Mr. Hyde,"Stevenson, Robert Louis",https://www.gutenberg.org/ebooks/42.txt.utf-8,1095,"“I have had a shock,” he said, “and I shall never recover. It is a"
42,The strange case of Dr. Jekyll and Mr. Hyde,"Stevenson, Robert Louis",https://www.gutenberg.org/ebooks/42.txt.utf-8,1096,"question of weeks. Well, life has been pleasant; I liked it; yes, sir,"
42,The strange case of Dr. Jekyll and Mr. Hyde,"Stevenson, Robert Louis",https://www.gutenberg.org/ebooks/42.txt.utf-8,1097,"I used to like it. I sometimes think if we knew all, we should be more"
42,The strange case of Dr. Jekyll and Mr. Hyde,"Stevenson, Robert Louis",https://www.gutenberg.org/ebooks/42.txt.utf-8,1098,glad to get away.”
42,The strange case of Dr. Jekyll and Mr. Hyde,"Stevenson, Robert Louis",https://www.gutenberg.org/ebooks/42.txt.utf-8,1099,
42,The strange case of Dr. Jekyll and Mr. Hyde,"Stevenson, Robert Louis",https://www.gutenberg.org/ebooks/42.txt.utf-8,1100,"“Jekyll is ill, too,” observed Utterson. “Have you seen him?”"
42,The strange case of Dr. Jekyll and Mr. Hyde,"Stevenson, Robert Louis",https://www.gutenberg.org/ebooks/42.txt.utf-8,1101,
42,The strange case of Dr. Jekyll and Mr. Hyde,"Stevenson, Robert Louis",https://www.gutenberg.org/ebooks/42.txt.utf-8,1102,"But Lanyon’s face changed, and he held up a trembling hand. “I wish to"
42,The strange case of Dr. Jekyll and Mr. Hyde,"Stevenson, Robert Louis",https://www.gutenberg.org/ebooks/42.txt.utf-8,1103,"see or hear no more of Dr. Jekyll,” he said in a loud, unsteady voice."
42,The strange case of Dr. Jekyll and Mr. Hyde,"Stevenson, Robert Louis",https://www.gutenberg.org/ebooks/42.txt.utf-8,1104,“I am quite done with that person; and I beg that you will spare me any
42,The strange case of Dr. Jekyll and Mr. Hyde,"Stevenson, Robert Louis",https://www.gutenberg.org/ebooks/42.txt.utf-8,1105,allusion to one whom I regard as dead.”
42,The strange case of Dr. Jekyll and Mr. Hyde,"Stevenson, Robert Louis",https://www.gutenberg.org/ebooks/42.txt.utf-8,1106,
42,The strange case of Dr. Jekyll and Mr. Hyde,"Stevenson, Robert Louis",https://www.gutenberg.org/ebooks/42.txt.utf-8,1107,"“Tut-tut,” said Mr. Utterson; and then after a considerable pause,"
42,The strange case of Dr. Jekyll and Mr. Hyde,"Stevenson, Robert Louis",https://www.gutenberg.org/ebooks/42.txt.utf-8,1108,"“Can’t I do anything?” he inquired. “We are three very old friends,"
42,The strange case of Dr. Jekyll and Mr. Hyde,"Stevenson, Robert Louis",https://www.gutenberg.org/ebooks/42.txt.utf-8,1109,Lanyon; we shall not live to make others.”
42,The strange case of Dr. Jekyll and Mr. Hyde,"Stevenson, Robert Louis",https://www.gutenberg.org/ebooks/42.txt.utf-8,1110,
42,The strange case of Dr. Jekyll and Mr. Hyde,"Stevenson, Robert Louis",https://www.gutenberg.org/ebooks/42.txt.utf-8,1111,"“Nothing can be done,” returned Lanyon; “ask himself.”"
42,The strange case of Dr. Jekyll and Mr. Hyde,"Stevenson, Robert Louis",https://www.gutenberg.org/ebooks/42.txt.utf-8,1112,
42,The strange case of Dr. Jekyll and Mr. Hyde,"Stevenson, Robert Louis",https://www.gutenberg.org/ebooks/42.txt.utf-8,1113,"“He will not see me,” said the lawyer."
42,The strange case of Dr. Jekyll and Mr. Hyde,"Stevenson, Robert Louis",https://www.gutenberg.org/ebooks/42.txt.utf-8,1114,
42,The strange case of Dr. Jekyll and Mr. Hyde,"Stevenson, Robert Louis",https://www.gutenberg.org/ebooks/42.txt.utf-8,1115,"“I am not surprised at that,” was the reply. “Some day, Utterson, after"
42,The strange case of Dr. Jekyll and Mr. Hyde,"Stevenson, Robert Louis",https://www.gutenberg.org/ebooks/42.txt.utf-8,1116,"I am dead, you may perhaps come to learn the right and wrong of this. I"
42,The strange case of Dr. Jekyll and Mr. Hyde,"Stevenson, Robert Louis",https://www.gutenberg.org/ebooks/42.txt.utf-8,1117,"cannot tell you. And in the meantime, if you can sit and talk with me"
42,The strange case of Dr. Jekyll and Mr. Hyde,"Stevenson, Robert Louis",https://www.gutenberg.org/ebooks/42.txt.utf-8,1118,"of other things, for God’s sake, stay and do so; but if you cannot keep"
42,The strange case of Dr. Jekyll and Mr. Hyde,"Stevenson, Robert Louis",https://www.gutenberg.org/ebooks/42.txt.utf-8,1119,"clear of this accursed topic, then, in God’s name, go, for I cannot"
42,The strange case of Dr. Jekyll and Mr. Hyde,"Stevenson, Robert Louis",https://www.gutenberg.org/ebooks/42.txt.utf-8,1120,bear it.”
42,The strange case of Dr. Jekyll and Mr. Hyde,"Stevenson, Robert Louis",https://www.gutenberg.org/ebooks/42.txt.utf-8,1121,
42,The strange case of Dr. Jekyll and Mr. Hyde,"Stevenson, Robert Louis",https://www.gutenberg.org/ebooks/42.txt.utf-8,1122,"As soon as he got home, Utterson sat down and wrote to Jekyll,"
42,The strange case of Dr. Jekyll and Mr. Hyde,"Stevenson, Robert Louis",https://www.gutenberg.org/ebooks/42.txt.utf-8,1123,"complaining of his exclusion from the house, and asking the cause of"
42,The strange case of Dr. Jekyll and Mr. Hyde,"Stevenson, Robert Louis",https://www.gutenberg.org/ebooks/42.txt.utf-8,1124,this unhappy break with Lanyon; and the next day brought him a long
42,The strange case of Dr. Jekyll and Mr. Hyde,"Stevenson, Robert Louis",https://www.gutenberg.org/ebooks/42.txt.utf-8,1125,"answer, often very pathetically worded, and sometimes darkly mysterious"
42,The strange case of Dr. Jekyll and Mr. Hyde,"Stevenson, Robert Louis",https://www.gutenberg.org/ebooks/42.txt.utf-8,1126,in drift. The quarrel with Lanyon was incurable. “I do not blame our
42,The strange case of Dr. Jekyll and Mr. Hyde,"Stevenson, Robert Louis",https://www.gutenberg.org/ebooks/42.txt.utf-8,1127,"old friend,” Jekyll wrote, “but I share his view that we must never"
42,The strange case of Dr. Jekyll and Mr. Hyde,"Stevenson, Robert Louis",https://www.gutenberg.org/ebooks/42.txt.utf-8,1128,meet. I mean from henceforth to lead a life of extreme seclusion; you
42,The strange case of Dr. Jekyll and Mr. Hyde,"Stevenson, Robert Louis",https://www.gutenberg.org/ebooks/42.txt.utf-8,1129,"must not be surprised, nor must you doubt my friendship, if my door is"
42,The strange case of Dr. Jekyll and Mr. Hyde,"Stevenson, Robert Louis",https://www.gutenberg.org/ebooks/42.txt.utf-8,1130,often shut even to you. You must suffer me to go my own dark way. I
42,The strange case of Dr. Jekyll and Mr. Hyde,"Stevenson, Robert Louis",https://www.gutenberg.org/ebooks/42.txt.utf-8,1131,have brought on myself a punishment and a danger that I cannot name. If
42,The strange case of Dr. Jekyll and Mr. Hyde,"Stevenson, Robert Louis",https://www.gutenberg.org/ebooks/42.txt.utf-8,1132,"I am the chief of sinners, I am the chief of sufferers also. I could"
42,The strange case of Dr. Jekyll and Mr. Hyde,"Stevenson, Robert Louis",https://www.gutenberg.org/ebooks/42.txt.utf-8,1133,not think that this earth contained a place for sufferings and terrors
42,The strange case of Dr. Jekyll and Mr. Hyde,"Stevenson, Robert Louis",https://www.gutenberg.org/ebooks/42.txt.utf-8,1134,"so unmanning; and you can do but one thing, Utterson, to lighten this"
42,The strange case of Dr. Jekyll and Mr. Hyde,"Stevenson, Robert Louis",https://www.gutenberg.org/ebooks/42.txt.utf-8,1135,"destiny, and that is to respect my silence.” Utterson was amazed; the"
42,The strange case of Dr. Jekyll and Mr. Hyde,"Stevenson, Robert Louis",https://www.gutenberg.org/ebooks/42.txt.utf-8,1136,"dark influence of Hyde had been withdrawn, the doctor had returned to"
42,The strange case of Dr. Jekyll and Mr. Hyde,"Stevenson, Robert Louis",https://www.gutenberg.org/ebooks/42.txt.utf-8,1137,"his old tasks and amities; a week ago, the prospect had smiled with"
42,The strange case of Dr. Jekyll and Mr. Hyde,"Stevenson, Robert Louis",https://www.gutenberg.org/ebooks/42.txt.utf-8,1138,"every promise of a cheerful and an honoured age; and now in a moment,"
42,The strange case of Dr. Jekyll and Mr. Hyde,"Stevenson, Robert Louis",https://www.gutenberg.org/ebooks/42.txt.utf-8,1139,"friendship, and peace of mind, and the whole tenor of his life were"
42,The strange case of Dr. Jekyll and Mr. Hyde,"Stevenson, Robert Louis",https://www.gutenberg.org/ebooks/42.txt.utf-8,1140,wrecked. So great and unprepared a change pointed to madness; but in
42,The strange case of Dr. Jekyll and Mr. Hyde,"Stevenson, Robert Louis",https://www.gutenberg.org/ebooks/42.txt.utf-8,1141,"view of Lanyon’s manner and words, there must lie for it some deeper"
42,The strange case of Dr. Jekyll and Mr. Hyde,"Stevenson, Robert Louis",https://www.gutenberg.org/ebooks/42.txt.utf-8,1142,ground.
42,The strange case of Dr. Jekyll and Mr. Hyde,"Stevenson, Robert Louis",https://www.gutenberg.org/ebooks/42.txt.utf-8,1143,
42,The strange case of Dr. Jekyll and Mr. Hyde,"Stevenson, Robert Louis",https://www.gutenberg.org/ebooks/42.txt.utf-8,1144,"A week afterwards Dr. Lanyon took to his bed, and in something less"
42,The strange case of Dr. Jekyll and Mr. Hyde,"Stevenson, Robert Louis",https://www.gutenberg.org/ebooks/42.txt.utf-8,1145,"than a fortnight he was dead. The night after the funeral, at which he"
42,The strange case of Dr. Jekyll and Mr. Hyde,"Stevenson, Robert Louis",https://www.gutenberg.org/ebooks/42.txt.utf-8,1146,"had been sadly affected, Utterson locked the door of his business room,"
42,The strange case of Dr. Jekyll and Mr. Hyde,"Stevenson, Robert Louis",https://www.gutenberg.org/ebooks/42.txt.utf-8,1147,"and sitting there by the light of a melancholy candle, drew out and set"
42,The strange case of Dr. Jekyll and Mr. Hyde,"Stevenson, Robert Louis",https://www.gutenberg.org/ebooks/42.txt.utf-8,1148,before him an envelope addressed by the hand and sealed with the seal
42,The strange case of Dr. Jekyll and Mr. Hyde,"Stevenson, Robert Louis",https://www.gutenberg.org/ebooks/42.txt.utf-8,1149,of his dead friend. “PRIVATE: for the hands of G. J. Utterson ALONE and
42,The strange case of Dr. Jekyll and Mr. Hyde,"Stevenson, Robert Louis",https://www.gutenberg.org/ebooks/42.txt.utf-8,1150,"in case of his predecease _to be destroyed unread_,” so it was"
42,The strange case of Dr. Jekyll and Mr. Hyde,"Stevenson, Robert Louis",https://www.gutenberg.org/ebooks/42.txt.utf-8,1151,emphatically superscribed; and the lawyer dreaded to behold the
42,The strange case of Dr. Jekyll and Mr. Hyde,"Stevenson, Robert Louis",https://www.gutenberg.org/ebooks/42.txt.utf-8,1152,"contents. “I have buried one friend to-day,” he thought: “what if this"
42,The strange case of Dr. Jekyll and Mr. Hyde,"Stevenson, Robert Louis",https://www.gutenberg.org/ebooks/42.txt.utf-8,1153,should cost me another?” And then he condemned the fear as a
42,The strange case of Dr. Jekyll and Mr. Hyde,"Stevenson, Robert Louis",https://www.gutenberg.org/ebooks/42.txt.utf-8,1154,"disloyalty, and broke the seal. Within there was another enclosure,"
42,The strange case of Dr. Jekyll and Mr. Hyde,"Stevenson, Robert Louis",https://www.gutenberg.org/ebooks/42.txt.utf-8,1155,"likewise sealed, and marked upon the cover as “not to be opened till"
42,The strange case of Dr. Jekyll and Mr. Hyde,"Stevenson, Robert Louis",https://www.gutenberg.org/ebooks/42.txt.utf-8,1156,the death or disappearance of Dr. Henry Jekyll.” Utterson could not
42,The strange case of Dr. Jekyll and Mr. Hyde,"Stevenson, Robert Louis",https://www.gutenberg.org/ebooks/42.txt.utf-8,1157,"trust his eyes. Yes, it was disappearance; here again, as in the mad"
42,The strange case of Dr. Jekyll and Mr. Hyde,"Stevenson, Robert Louis",https://www.gutenberg.org/ebooks/42.txt.utf-8,1158,"will which he had long ago restored to its author, here again were the"
42,The strange case of Dr. Jekyll and Mr. Hyde,"Stevenson, Robert Louis",https://www.gutenberg.org/ebooks/42.txt.utf-8,1159,idea of a disappearance and the name of Henry Jekyll bracketed. But in
42,The strange case of Dr. Jekyll and Mr. Hyde,"Stevenson, Robert Louis",https://www.gutenberg.org/ebooks/42.txt.utf-8,1160,"the will, that idea had sprung from the sinister suggestion of the man"
42,The strange case of Dr. Jekyll and Mr. Hyde,"Stevenson, Robert Louis",https://www.gutenberg.org/ebooks/42.txt.utf-8,1161,Hyde; it was set there with a purpose all too plain and horrible.
42,The strange case of Dr. Jekyll and Mr. Hyde,"Stevenson, Robert Louis",https://www.gutenberg.org/ebooks/42.txt.utf-8,1162,"Written by the hand of Lanyon, what should it mean? A great curiosity"
42,The strange case of Dr. Jekyll and Mr. Hyde,"Stevenson, Robert Louis",https://www.gutenberg.org/ebooks/42.txt.utf-8,1163,"came on the trustee, to disregard the prohibition and dive at once to"
42,The strange case of Dr. Jekyll and Mr. Hyde,"Stevenson, Robert Louis",https://www.gutenberg.org/ebooks/42.txt.utf-8,1164,the bottom of these mysteries; but professional honour and faith to his
42,The strange case of Dr. Jekyll and Mr. Hyde,"Stevenson, Robert Louis",https://www.gutenberg.org/ebooks/42.txt.utf-8,1165,dead friend were stringent obligations; and the packet slept in the
42,The strange case of Dr. Jekyll and Mr. Hyde,"Stevenson, Robert Louis",https://www.gutenberg.org/ebooks/42.txt.utf-8,1166,inmost corner of his private safe.
42,The strange case of Dr. Jekyll and Mr. Hyde,"Stevenson, Robert Louis",https://www.gutenberg.org/ebooks/42.txt.utf-8,1167,
42,The strange case of Dr. Jekyll and Mr. Hyde,"Stevenson, Robert Louis",https://www.gutenberg.org/ebooks/42.txt.utf-8,1168,"It is one thing to mortify curiosity, another to conquer it; and it may"
42,The strange case of Dr. Jekyll and Mr. Hyde,"Stevenson, Robert Louis",https://www.gutenberg.org/ebooks/42.txt.utf-8,1169,"be doubted if, from that day forth, Utterson desired the society of his"
42,The strange case of Dr. Jekyll and Mr. Hyde,"Stevenson, Robert Louis",https://www.gutenberg.org/ebooks/42.txt.utf-8,1170,surviving friend with the same eagerness. He thought of him kindly; but
42,The strange case of Dr. Jekyll and Mr. Hyde,"Stevenson, Robert Louis",https://www.gutenberg.org/ebooks/42.txt.utf-8,1171,his thoughts were disquieted and fearful. He went to call indeed; but
42,The strange case of Dr. Jekyll and Mr. Hyde,"Stevenson, Robert Louis",https://www.gutenberg.org/ebooks/42.txt.utf-8,1172,"he was perhaps relieved to be denied admittance; perhaps, in his heart,"
42,The strange case of Dr. Jekyll and Mr. Hyde,"Stevenson, Robert Louis",https://www.gutenberg.org/ebooks/42.txt.utf-8,1173,he preferred to speak with Poole upon the doorstep and surrounded by
42,The strange case of Dr. Jekyll and Mr. Hyde,"Stevenson, Robert Louis",https://www.gutenberg.org/ebooks/42.txt.utf-8,1174,"the air and sounds of the open city, rather than to be admitted into"
42,The strange case of Dr. Jekyll and Mr. Hyde,"Stevenson, Robert Louis",https://www.gutenberg.org/ebooks/42.txt.utf-8,1175,"that house of voluntary bondage, and to sit and speak with its"
42,The strange case of Dr. Jekyll and Mr. Hyde,"Stevenson, Robert Louis",https://www.gutenberg.org/ebooks/42.txt.utf-8,1176,"inscrutable recluse. Poole had, indeed, no very pleasant news to"
42,The strange case of Dr. Jekyll and Mr. Hyde,"Stevenson, Robert Louis",https://www.gutenberg.org/ebooks/42.txt.utf-8,1177,"communicate. The doctor, it appeared, now more than ever confined"
42,The strange case of Dr. Jekyll and Mr. Hyde,"Stevenson, Robert Louis",https://www.gutenberg.org/ebooks/42.txt.utf-8,1178,"himself to the cabinet over the laboratory, where he would sometimes"
42,The strange case of Dr. Jekyll and Mr. Hyde,"Stevenson, Robert Louis",https://www.gutenberg.org/ebooks/42.txt.utf-8,1179,"even sleep; he was out of spirits, he had grown very silent, he did not"
42,The strange case of Dr. Jekyll and Mr. Hyde,"Stevenson, Robert Louis",https://www.gutenberg.org/ebooks/42.txt.utf-8,1180,read; it seemed as if he had something on his mind. Utterson became so
42,The strange case of Dr. Jekyll and Mr. Hyde,"Stevenson, Robert Louis",https://www.gutenberg.org/ebooks/42.txt.utf-8,1181,"used to the unvarying character of these reports, that he fell off"
42,The strange case of Dr. Jekyll and Mr. Hyde,"Stevenson, Robert Louis",https://www.gutenberg.org/ebooks/42.txt.utf-8,1182,little by little in the frequency of his visits.
42,The strange case of Dr. Jekyll and Mr. Hyde,"Stevenson, Robert Louis",https://www.gutenberg.org/ebooks/42.txt.utf-8,1183,
42,The strange case of Dr. Jekyll and Mr. Hyde,"Stevenson, Robert Louis",https://www.gutenberg.org/ebooks/42.txt.utf-8,1184,
42,The strange case of Dr. Jekyll and Mr. Hyde,"Stevenson, Robert Louis",https://www.gutenberg.org/ebooks/42.txt.utf-8,1185,
42,The strange case of Dr. Jekyll and Mr. Hyde,"Stevenson, Robert Louis",https://www.gutenberg.org/ebooks/42.txt.utf-8,1186,
42,The strange case of Dr. Jekyll and Mr. Hyde,"Stevenson, Robert Louis",https://www.gutenberg.org/ebooks/42.txt.utf-8,1187,INCIDENT AT THE WINDOW
42,The strange case of Dr. Jekyll and Mr. Hyde,"Stevenson, Robert Louis",https://www.gutenberg.org/ebooks/42.txt.utf-8,1188,
42,The strange case of Dr. Jekyll and Mr. Hyde,"Stevenson, Robert Louis",https://www.gutenberg.org/ebooks/42.txt.utf-8,1189,
42,The strange case of Dr. Jekyll and Mr. Hyde,"Stevenson, Robert Louis",https://www.gutenberg.org/ebooks/42.txt.utf-8,1190,"It chanced on Sunday, when Mr. Utterson was on his usual walk with Mr."
42,The strange case of Dr. Jekyll and Mr. Hyde,"Stevenson, Robert Louis",https://www.gutenberg.org/ebooks/42.txt.utf-8,1191,"Enfield, that their way lay once again through the by-street; and that"
42,The strange case of Dr. Jekyll and Mr. Hyde,"Stevenson, Robert Louis",https://www.gutenberg.org/ebooks/42.txt.utf-8,1192,"when they came in front of the door, both stopped to gaze on it."
42,The strange case of Dr. Jekyll and Mr. Hyde,"Stevenson, Robert Louis",https://www.gutenberg.org/ebooks/42.txt.utf-8,1193,
42,The strange case of Dr. Jekyll and Mr. Hyde,"Stevenson, Robert Louis",https://www.gutenberg.org/ebooks/42.txt.utf-8,1194,"“Well,” said Enfield, “that story’s at an end at least. We shall never"
42,The strange case of Dr. Jekyll and Mr. Hyde,"Stevenson, Robert Louis",https://www.gutenberg.org/ebooks/42.txt.utf-8,1195,see more of Mr. Hyde.”
42,The strange case of Dr. Jekyll and Mr. Hyde,"Stevenson, Robert Louis",https://www.gutenberg.org/ebooks/42.txt.utf-8,1196,
42,The strange case of Dr. Jekyll and Mr. Hyde,"Stevenson, Robert Louis",https://www.gutenberg.org/ebooks/42.txt.utf-8,1197,"“I hope not,” said Utterson. “Did I ever tell you that I once saw him,"
42,The strange case of Dr. Jekyll and Mr. Hyde,"Stevenson, Robert Louis",https://www.gutenberg.org/ebooks/42.txt.utf-8,1198,and shared your feeling of repulsion?”
42,The strange case of Dr. Jekyll and Mr. Hyde,"Stevenson, Robert Louis",https://www.gutenberg.org/ebooks/42.txt.utf-8,1199,
42,The strange case of Dr. Jekyll and Mr. Hyde,"Stevenson, Robert Louis",https://www.gutenberg.org/ebooks/42.txt.utf-8,1200,"“It was impossible to do the one without the other,” returned Enfield."
42,The strange case of Dr. Jekyll and Mr. Hyde,"Stevenson, Robert Louis",https://www.gutenberg.org/ebooks/42.txt.utf-8,1201,"“And by the way, what an ass you must have thought me, not to know that"
42,The strange case of Dr. Jekyll and Mr. Hyde,"Stevenson, Robert Louis",https://www.gutenberg.org/ebooks/42.txt.utf-8,1202,this was a back way to Dr. Jekyll’s! It was partly your own fault that
42,The strange case of Dr. Jekyll and Mr. Hyde,"Stevenson, Robert Louis",https://www.gutenberg.org/ebooks/42.txt.utf-8,1203,"I found it out, even when I did.”"
42,The strange case of Dr. Jekyll and Mr. Hyde,"Stevenson, Robert Louis",https://www.gutenberg.org/ebooks/42.txt.utf-8,1204,
42,The strange case of Dr. Jekyll and Mr. Hyde,"Stevenson, Robert Louis",https://www.gutenberg.org/ebooks/42.txt.utf-8,1205,"“So you found it out, did you?” said Utterson. “But if that be so, we"
42,The strange case of Dr. Jekyll and Mr. Hyde,"Stevenson, Robert Louis",https://www.gutenberg.org/ebooks/42.txt.utf-8,1206,may step into the court and take a look at the windows. To tell you the
42,The strange case of Dr. Jekyll and Mr. Hyde,"Stevenson, Robert Louis",https://www.gutenberg.org/ebooks/42.txt.utf-8,1207,"truth, I am uneasy about poor Jekyll; and even outside, I feel as if"
42,The strange case of Dr. Jekyll and Mr. Hyde,"Stevenson, Robert Louis",https://www.gutenberg.org/ebooks/42.txt.utf-8,1208,the presence of a friend might do him good.”
42,The strange case of Dr. Jekyll and Mr. Hyde,"Stevenson, Robert Louis",https://www.gutenberg.org/ebooks/42.txt.utf-8,1209,
42,The strange case of Dr. Jekyll and Mr. Hyde,"Stevenson, Robert Louis",https://www.gutenberg.org/ebooks/42.txt.utf-8,1210,"The court was very cool and a little damp, and full of premature"
42,The strange case of Dr. Jekyll and Mr. Hyde,"Stevenson, Robert Louis",https://www.gutenberg.org/ebooks/42.txt.utf-8,1211,"twilight, although the sky, high up overhead, was still bright with"
42,The strange case of Dr. Jekyll and Mr. Hyde,"Stevenson, Robert Louis",https://www.gutenberg.org/ebooks/42.txt.utf-8,1212,sunset. The middle one of the three windows was half-way open; and
42,The strange case of Dr. Jekyll and Mr. Hyde,"Stevenson, Robert Louis",https://www.gutenberg.org/ebooks/42.txt.utf-8,1213,"sitting close beside it, taking the air with an infinite sadness of"
42,The strange case of Dr. Jekyll and Mr. Hyde,"Stevenson, Robert Louis",https://www.gutenberg.org/ebooks/42.txt.utf-8,1214,"mien, like some disconsolate prisoner, Utterson saw Dr. Jekyll."
42,The strange case of Dr. Jekyll and Mr. Hyde,"Stevenson, Robert Louis",https://www.gutenberg.org/ebooks/42.txt.utf-8,1215,
42,The strange case of Dr. Jekyll and Mr. Hyde,"Stevenson, Robert Louis",https://www.gutenberg.org/ebooks/42.txt.utf-8,1216,“What! Jekyll!” he cried. “I trust you are better.”
42,The strange case of Dr. Jekyll and Mr. Hyde,"Stevenson, Robert Louis",https://www.gutenberg.org/ebooks/42.txt.utf-8,1217,
42,The strange case of Dr. Jekyll and Mr. Hyde,"Stevenson, Robert Louis",https://www.gutenberg.org/ebooks/42.txt.utf-8,1218,"“I am very low, Utterson,” replied the doctor, drearily, “very low. It"
42,The strange case of Dr. Jekyll and Mr. Hyde,"Stevenson, Robert Louis",https://www.gutenberg.org/ebooks/42.txt.utf-8,1219,"will not last long, thank God.”"
42,The strange case of Dr. Jekyll and Mr. Hyde,"Stevenson, Robert Louis",https://www.gutenberg.org/ebooks/42.txt.utf-8,1220,
42,The strange case of Dr. Jekyll and Mr. Hyde,"Stevenson, Robert Louis",https://www.gutenberg.org/ebooks/42.txt.utf-8,1221,"“You stay too much indoors,” said the lawyer. “You should be out,"
42,The strange case of Dr. Jekyll and Mr. Hyde,"Stevenson, Robert Louis",https://www.gutenberg.org/ebooks/42.txt.utf-8,1222,whipping up the circulation like Mr. Enfield and me. (This is my
42,The strange case of Dr. Jekyll and Mr. Hyde,"Stevenson, Robert Louis",https://www.gutenberg.org/ebooks/42.txt.utf-8,1223,"cousin—Mr. Enfield—Dr. Jekyll.) Come, now; get your hat and take a"
42,The strange case of Dr. Jekyll and Mr. Hyde,"Stevenson, Robert Louis",https://www.gutenberg.org/ebooks/42.txt.utf-8,1224,quick turn with us.”
42,The strange case of Dr. Jekyll and Mr. Hyde,"Stevenson, Robert Louis",https://www.gutenberg.org/ebooks/42.txt.utf-8,1225,
42,The strange case of Dr. Jekyll and Mr. Hyde,"Stevenson, Robert Louis",https://www.gutenberg.org/ebooks/42.txt.utf-8,1226,"“You are very good,” sighed the other. “I should like to very much; but"
42,The strange case of Dr. Jekyll and Mr. Hyde,"Stevenson, Robert Louis",https://www.gutenberg.org/ebooks/42.txt.utf-8,1227,"no, no, no, it is quite impossible; I dare not. But indeed, Utterson, I"
42,The strange case of Dr. Jekyll and Mr. Hyde,"Stevenson, Robert Louis",https://www.gutenberg.org/ebooks/42.txt.utf-8,1228,am very glad to see you; this is really a great pleasure; I would ask
42,The strange case of Dr. Jekyll and Mr. Hyde,"Stevenson, Robert Louis",https://www.gutenberg.org/ebooks/42.txt.utf-8,1229,"you and Mr. Enfield up, but the place is really not fit.”"
42,The strange case of Dr. Jekyll and Mr. Hyde,"Stevenson, Robert Louis",https://www.gutenberg.org/ebooks/42.txt.utf-8,1230,
42,The strange case of Dr. Jekyll and Mr. Hyde,"Stevenson, Robert Louis",https://www.gutenberg.org/ebooks/42.txt.utf-8,1231,"“Why then,” said the lawyer, good-naturedly, “the best thing we can do"
42,The strange case of Dr. Jekyll and Mr. Hyde,"Stevenson, Robert Louis",https://www.gutenberg.org/ebooks/42.txt.utf-8,1232,is to stay down here and speak with you from where we are.”
42,The strange case of Dr. Jekyll and Mr. Hyde,"Stevenson, Robert Louis",https://www.gutenberg.org/ebooks/42.txt.utf-8,1233,
42,The strange case of Dr. Jekyll and Mr. Hyde,"Stevenson, Robert Louis",https://www.gutenberg.org/ebooks/42.txt.utf-8,1234,"“That is just what I was about to venture to propose,” returned the"
42,The strange case of Dr. Jekyll and Mr. Hyde,"Stevenson, Robert Louis",https://www.gutenberg.org/ebooks/42.txt.utf-8,1235,"doctor with a smile. But the words were hardly uttered, before the"
42,The strange case of Dr. Jekyll and Mr. Hyde,"Stevenson, Robert Louis",https://www.gutenberg.org/ebooks/42.txt.utf-8,1236,smile was struck out of his face and succeeded by an expression of such
42,The strange case of Dr. Jekyll and Mr. Hyde,"Stevenson, Robert Louis",https://www.gutenberg.org/ebooks/42.txt.utf-8,1237,"abject terror and despair, as froze the very blood of the two gentlemen"
42,The strange case of Dr. Jekyll and Mr. Hyde,"Stevenson, Robert Louis",https://www.gutenberg.org/ebooks/42.txt.utf-8,1238,"below. They saw it but for a glimpse, for the window was instantly"
42,The strange case of Dr. Jekyll and Mr. Hyde,"Stevenson, Robert Louis",https://www.gutenberg.org/ebooks/42.txt.utf-8,1239,"thrust down; but that glimpse had been sufficient, and they turned and"
42,The strange case of Dr. Jekyll and Mr. Hyde,"Stevenson, Robert Louis",https://www.gutenberg.org/ebooks/42.txt.utf-8,1240,"left the court without a word. In silence, too, they traversed the"
42,The strange case of Dr. Jekyll and Mr. Hyde,"Stevenson, Robert Louis",https://www.gutenberg.org/ebooks/42.txt.utf-8,1241,by-street; and it was not until they had come into a neighbouring
42,The strange case of Dr. Jekyll and Mr. Hyde,"Stevenson, Robert Louis",https://www.gutenberg.org/ebooks/42.txt.utf-8,1242,"thoroughfare, where even upon a Sunday there were still some stirrings"
42,The strange case of Dr. Jekyll and Mr. Hyde,"Stevenson, Robert Louis",https://www.gutenberg.org/ebooks/42.txt.utf-8,1243,"of life, that Mr. Utterson at last turned and looked at his companion."
42,The strange case of Dr. Jekyll and Mr. Hyde,"Stevenson, Robert Louis",https://www.gutenberg.org/ebooks/42.txt.utf-8,1244,They were both pale; and there was an answering horror in their eyes.
42,The strange case of Dr. Jekyll and Mr. Hyde,"Stevenson, Robert Louis",https://www.gutenberg.org/ebooks/42.txt.utf-8,1245,
42,The strange case of Dr. Jekyll and Mr. Hyde,"Stevenson, Robert Louis",https://www.gutenberg.org/ebooks/42.txt.utf-8,1246,"“God forgive us, God forgive us,” said Mr. Utterson."
42,The strange case of Dr. Jekyll and Mr. Hyde,"Stevenson, Robert Louis",https://www.gutenberg.org/ebooks/42.txt.utf-8,1247,
42,The strange case of Dr. Jekyll and Mr. Hyde,"Stevenson, Robert Louis",https://www.gutenberg.org/ebooks/42.txt.utf-8,1248,But Mr. Enfield only nodded his head very seriously and walked on once
42,The strange case of Dr. Jekyll and Mr. Hyde,"Stevenson, Robert Louis",https://www.gutenberg.org/ebooks/42.txt.utf-8,1249,more in silence.
42,The strange case of Dr. Jekyll and Mr. Hyde,"Stevenson, Robert Louis",https://www.gutenberg.org/ebooks/42.txt.utf-8,1250,
42,The strange case of Dr. Jekyll and Mr. Hyde,"Stevenson, Robert Louis",https://www.gutenberg.org/ebooks/42.txt.utf-8,1251,
42,The strange case of Dr. Jekyll and Mr. Hyde,"Stevenson, Robert Louis",https://www.gutenberg.org/ebooks/42.txt.utf-8,1252,
42,The strange case of Dr. Jekyll and Mr. Hyde,"Stevenson, Robert Louis",https://www.gutenberg.org/ebooks/42.txt.utf-8,1253,
42,The strange case of Dr. Jekyll and Mr. Hyde,"Stevenson, Robert Louis",https://www.gutenberg.org/ebooks/42.txt.utf-8,1254,THE LAST NIGHT
42,The strange case of Dr. Jekyll and Mr. Hyde,"Stevenson, Robert Louis",https://www.gutenberg.org/ebooks/42.txt.utf-8,1255,
42,The strange case of Dr. Jekyll and Mr. Hyde,"Stevenson, Robert Louis",https://www.gutenberg.org/ebooks/42.txt.utf-8,1256,
42,The strange case of Dr. Jekyll and Mr. Hyde,"Stevenson, Robert Louis",https://www.gutenberg.org/ebooks/42.txt.utf-8,1257,"Mr. Utterson was sitting by his fireside one evening after dinner, when"
42,The strange case of Dr. Jekyll and Mr. Hyde,"Stevenson, Robert Louis",https://www.gutenberg.org/ebooks/42.txt.utf-8,1258,he was surprised to receive a visit from Poole.
42,The strange case of Dr. Jekyll and Mr. Hyde,"Stevenson, Robert Louis",https://www.gutenberg.org/ebooks/42.txt.utf-8,1259,
42,The strange case of Dr. Jekyll and Mr. Hyde,"Stevenson, Robert Louis",https://www.gutenberg.org/ebooks/42.txt.utf-8,1260,"“Bless me, Poole, what brings you here?” he cried; and then taking a"
42,The strange case of Dr. Jekyll and Mr. Hyde,"Stevenson, Robert Louis",https://www.gutenberg.org/ebooks/42.txt.utf-8,1261,"second look at him, “What ails you?” he added; “is the doctor ill?”"
42,The strange case of Dr. Jekyll and Mr. Hyde,"Stevenson, Robert Louis",https://www.gutenberg.org/ebooks/42.txt.utf-8,1262,
42,The strange case of Dr. Jekyll and Mr. Hyde,"Stevenson, Robert Louis",https://www.gutenberg.org/ebooks/42.txt.utf-8,1263,"“Mr. Utterson,” said the man, “there is something wrong.”"
42,The strange case of Dr. Jekyll and Mr. Hyde,"Stevenson, Robert Louis",https://www.gutenberg.org/ebooks/42.txt.utf-8,1264,
42,The strange case of Dr. Jekyll and Mr. Hyde,"Stevenson, Robert Louis",https://www.gutenberg.org/ebooks/42.txt.utf-8,1265,"“Take a seat, and here is a glass of wine for you,” said the lawyer."
42,The strange case of Dr. Jekyll and Mr. Hyde,"Stevenson, Robert Louis",https://www.gutenberg.org/ebooks/42.txt.utf-8,1266,"“Now, take your time, and tell me plainly what you want.”"
42,The strange case of Dr. Jekyll and Mr. Hyde,"Stevenson, Robert Louis",https://www.gutenberg.org/ebooks/42.txt.utf-8,1267,
42,The strange case of Dr. Jekyll and Mr. Hyde,"Stevenson, Robert Louis",https://www.gutenberg.org/ebooks/42.txt.utf-8,1268,"“You know the doctor’s ways, sir,” replied Poole, “and how he shuts"
42,The strange case of Dr. Jekyll and Mr. Hyde,"Stevenson, Robert Louis",https://www.gutenberg.org/ebooks/42.txt.utf-8,1269,"himself up. Well, he’s shut up again in the cabinet; and I don’t like"
42,The strange case of Dr. Jekyll and Mr. Hyde,"Stevenson, Robert Louis",https://www.gutenberg.org/ebooks/42.txt.utf-8,1270,"it, sir—I wish I may die if I like it. Mr. Utterson, sir, I’m afraid.”"
42,The strange case of Dr. Jekyll and Mr. Hyde,"Stevenson, Robert Louis",https://www.gutenberg.org/ebooks/42.txt.utf-8,1271,
42,The strange case of Dr. Jekyll and Mr. Hyde,"Stevenson, Robert Louis",https://www.gutenberg.org/ebooks/42.txt.utf-8,1272,"“Now, my good man,” said the lawyer, “be explicit. What are you afraid"
42,The strange case of Dr. Jekyll and Mr. Hyde,"Stevenson, Robert Louis",https://www.gutenberg.org/ebooks/42.txt.utf-8,1273,of?”
42,The strange case of Dr. Jekyll and Mr. Hyde,"Stevenson, Robert Louis",https://www.gutenberg.org/ebooks/42.txt.utf-8,1274,
42,The strange case of Dr. Jekyll and Mr. Hyde,"Stevenson, Robert Louis",https://www.gutenberg.org/ebooks/42.txt.utf-8,1275,"“I’ve been afraid for about a week,” returned Poole, doggedly"
42,The strange case of Dr. Jekyll and Mr. Hyde,"Stevenson, Robert Louis",https://www.gutenberg.org/ebooks/42.txt.utf-8,1276,"disregarding the question, “and I can bear it no more.”"
42,The strange case of Dr. Jekyll and Mr. Hyde,"Stevenson, Robert Louis",https://www.gutenberg.org/ebooks/42.txt.utf-8,1277,
42,The strange case of Dr. Jekyll and Mr. Hyde,"Stevenson, Robert Louis",https://www.gutenberg.org/ebooks/42.txt.utf-8,1278,The man’s appearance amply bore out his words; his manner was altered
42,The strange case of Dr. Jekyll and Mr. Hyde,"Stevenson, Robert Louis",https://www.gutenberg.org/ebooks/42.txt.utf-8,1279,for the worse; and except for the moment when he had first announced
42,The strange case of Dr. Jekyll and Mr. Hyde,"Stevenson, Robert Louis",https://www.gutenberg.org/ebooks/42.txt.utf-8,1280,"his terror, he had not once looked the lawyer in the face. Even now, he"
42,The strange case of Dr. Jekyll and Mr. Hyde,"Stevenson, Robert Louis",https://www.gutenberg.org/ebooks/42.txt.utf-8,1281,"sat with the glass of wine untasted on his knee, and his eyes directed"
42,The strange case of Dr. Jekyll and Mr. Hyde,"Stevenson, Robert Louis",https://www.gutenberg.org/ebooks/42.txt.utf-8,1282,"to a corner of the floor. “I can bear it no more,” he repeated."
42,The strange case of Dr. Jekyll and Mr. Hyde,"Stevenson, Robert Louis",https://www.gutenberg.org/ebooks/42.txt.utf-8,1283,
42,The strange case of Dr. Jekyll and Mr. Hyde,"Stevenson, Robert Louis",https://www.gutenberg.org/ebooks/42.txt.utf-8,1284,"“Come,” said the lawyer, “I see you have some good reason, Poole; I see"
42,The strange case of Dr. Jekyll and Mr. Hyde,"Stevenson, Robert Louis",https://www.gutenberg.org/ebooks/42.txt.utf-8,1285,there is something seriously amiss. Try to tell me what it is.”
42,The strange case of Dr. Jekyll and Mr. Hyde,"Stevenson, Robert Louis",https://www.gutenberg.org/ebooks/42.txt.utf-8,1286,
42,The strange case of Dr. Jekyll and Mr. Hyde,"Stevenson, Robert Louis",https://www.gutenberg.org/ebooks/42.txt.utf-8,1287,"“I think there’s been foul play,” said Poole, hoarsely."
42,The strange case of Dr. Jekyll and Mr. Hyde,"Stevenson, Robert Louis",https://www.gutenberg.org/ebooks/42.txt.utf-8,1288,
42,The strange case of Dr. Jekyll and Mr. Hyde,"Stevenson, Robert Louis",https://www.gutenberg.org/ebooks/42.txt.utf-8,1289,"“Foul play!” cried the lawyer, a good deal frightened and rather"
42,The strange case of Dr. Jekyll and Mr. Hyde,"Stevenson, Robert Louis",https://www.gutenberg.org/ebooks/42.txt.utf-8,1290,inclined to be irritated in consequence. “What foul play? What does the
42,The strange case of Dr. Jekyll and Mr. Hyde,"Stevenson, Robert Louis",https://www.gutenberg.org/ebooks/42.txt.utf-8,1291,man mean?”
42,The strange case of Dr. Jekyll and Mr. Hyde,"Stevenson, Robert Louis",https://www.gutenberg.org/ebooks/42.txt.utf-8,1292,
42,The strange case of Dr. Jekyll and Mr. Hyde,"Stevenson, Robert Louis",https://www.gutenberg.org/ebooks/42.txt.utf-8,1293,"“I daren’t say, sir,” was the answer; “but will you come along with me"
42,The strange case of Dr. Jekyll and Mr. Hyde,"Stevenson, Robert Louis",https://www.gutenberg.org/ebooks/42.txt.utf-8,1294,and see for yourself?”
42,The strange case of Dr. Jekyll and Mr. Hyde,"Stevenson, Robert Louis",https://www.gutenberg.org/ebooks/42.txt.utf-8,1295,
42,The strange case of Dr. Jekyll and Mr. Hyde,"Stevenson, Robert Louis",https://www.gutenberg.org/ebooks/42.txt.utf-8,1296,Mr. Utterson’s only answer was to rise and get his hat and great-coat;
42,The strange case of Dr. Jekyll and Mr. Hyde,"Stevenson, Robert Louis",https://www.gutenberg.org/ebooks/42.txt.utf-8,1297,but he observed with wonder the greatness of the relief that appeared
42,The strange case of Dr. Jekyll and Mr. Hyde,"Stevenson, Robert Louis",https://www.gutenberg.org/ebooks/42.txt.utf-8,1298,"upon the butler’s face, and perhaps with no less, that the wine was"
42,The strange case of Dr. Jekyll and Mr. Hyde,"Stevenson, Robert Louis",https://www.gutenberg.org/ebooks/42.txt.utf-8,1299,still untasted when he set it down to follow.
42,The strange case of Dr. Jekyll and Mr. Hyde,"Stevenson, Robert Louis",https://www.gutenberg.org/ebooks/42.txt.utf-8,1300,
42,The strange case of Dr. Jekyll and Mr. Hyde,"Stevenson, Robert Louis",https://www.gutenberg.org/ebooks/42.txt.utf-8,1301,"It was a wild, cold, seasonable night of March, with a pale moon, lying"
42,The strange case of Dr. Jekyll and Mr. Hyde,"Stevenson, Robert Louis",https://www.gutenberg.org/ebooks/42.txt.utf-8,1302,"on her back as though the wind had tilted her, and a flying wrack of"
42,The strange case of Dr. Jekyll and Mr. Hyde,"Stevenson, Robert Louis",https://www.gutenberg.org/ebooks/42.txt.utf-8,1303,"the most diaphanous and lawny texture. The wind made talking difficult,"
42,The strange case of Dr. Jekyll and Mr. Hyde,"Stevenson, Robert Louis",https://www.gutenberg.org/ebooks/42.txt.utf-8,1304,and flecked the blood into the face. It seemed to have swept the
42,The strange case of Dr. Jekyll and Mr. Hyde,"Stevenson, Robert Louis",https://www.gutenberg.org/ebooks/42.txt.utf-8,1305,"streets unusually bare of passengers, besides; for Mr. Utterson thought"
42,The strange case of Dr. Jekyll and Mr. Hyde,"Stevenson, Robert Louis",https://www.gutenberg.org/ebooks/42.txt.utf-8,1306,he had never seen that part of London so deserted. He could have wished
42,The strange case of Dr. Jekyll and Mr. Hyde,"Stevenson, Robert Louis",https://www.gutenberg.org/ebooks/42.txt.utf-8,1307,it otherwise; never in his life had he been conscious of so sharp a
42,The strange case of Dr. Jekyll and Mr. Hyde,"Stevenson, Robert Louis",https://www.gutenberg.org/ebooks/42.txt.utf-8,1308,"wish to see and touch his fellow-creatures; for struggle as he might,"
42,The strange case of Dr. Jekyll and Mr. Hyde,"Stevenson, Robert Louis",https://www.gutenberg.org/ebooks/42.txt.utf-8,1309,there was borne in upon his mind a crushing anticipation of calamity.
42,The strange case of Dr. Jekyll and Mr. Hyde,"Stevenson, Robert Louis",https://www.gutenberg.org/ebooks/42.txt.utf-8,1310,"The square, when they got there, was all full of wind and dust, and the"
42,The strange case of Dr. Jekyll and Mr. Hyde,"Stevenson, Robert Louis",https://www.gutenberg.org/ebooks/42.txt.utf-8,1311,thin trees in the garden were lashing themselves along the railing.
42,The strange case of Dr. Jekyll and Mr. Hyde,"Stevenson, Robert Louis",https://www.gutenberg.org/ebooks/42.txt.utf-8,1312,"Poole, who had kept all the way a pace or two ahead, now pulled up in"
42,The strange case of Dr. Jekyll and Mr. Hyde,"Stevenson, Robert Louis",https://www.gutenberg.org/ebooks/42.txt.utf-8,1313,"the middle of the pavement, and in spite of the biting weather, took"
42,The strange case of Dr. Jekyll and Mr. Hyde,"Stevenson, Robert Louis",https://www.gutenberg.org/ebooks/42.txt.utf-8,1314,off his hat and mopped his brow with a red pocket-handkerchief. But for
42,The strange case of Dr. Jekyll and Mr. Hyde,"Stevenson, Robert Louis",https://www.gutenberg.org/ebooks/42.txt.utf-8,1315,"all the hurry of his coming, these were not the dews of exertion that"
42,The strange case of Dr. Jekyll and Mr. Hyde,"Stevenson, Robert Louis",https://www.gutenberg.org/ebooks/42.txt.utf-8,1316,"he wiped away, but the moisture of some strangling anguish; for his"
42,The strange case of Dr. Jekyll and Mr. Hyde,"Stevenson, Robert Louis",https://www.gutenberg.org/ebooks/42.txt.utf-8,1317,"face was white and his voice, when he spoke, harsh and broken."
42,The strange case of Dr. Jekyll and Mr. Hyde,"Stevenson, Robert Louis",https://www.gutenberg.org/ebooks/42.txt.utf-8,1318,
42,The strange case of Dr. Jekyll and Mr. Hyde,"Stevenson, Robert Louis",https://www.gutenberg.org/ebooks/42.txt.utf-8,1319,"“Well, sir,” he said, “here we are, and God grant there be nothing"
42,The strange case of Dr. Jekyll and Mr. Hyde,"Stevenson, Robert Louis",https://www.gutenberg.org/ebooks/42.txt.utf-8,1320,wrong.”
42,The strange case of Dr. Jekyll and Mr. Hyde,"Stevenson, Robert Louis",https://www.gutenberg.org/ebooks/42.txt.utf-8,1321,
42,The strange case of Dr. Jekyll and Mr. Hyde,"Stevenson, Robert Louis",https://www.gutenberg.org/ebooks/42.txt.utf-8,1322,"“Amen, Poole,” said the lawyer."
42,The strange case of Dr. Jekyll and Mr. Hyde,"Stevenson, Robert Louis",https://www.gutenberg.org/ebooks/42.txt.utf-8,1323,
42,The strange case of Dr. Jekyll and Mr. Hyde,"Stevenson, Robert Louis",https://www.gutenberg.org/ebooks/42.txt.utf-8,1324,Thereupon the servant knocked in a very guarded manner; the door was
42,The strange case of Dr. Jekyll and Mr. Hyde,"Stevenson, Robert Louis",https://www.gutenberg.org/ebooks/42.txt.utf-8,1325,"opened on the chain; and a voice asked from within, “Is that you,"
42,The strange case of Dr. Jekyll and Mr. Hyde,"Stevenson, Robert Louis",https://www.gutenberg.org/ebooks/42.txt.utf-8,1326,Poole?”
42,The strange case of Dr. Jekyll and Mr. Hyde,"Stevenson, Robert Louis",https://www.gutenberg.org/ebooks/42.txt.utf-8,1327,
42,The strange case of Dr. Jekyll and Mr. Hyde,"Stevenson, Robert Louis",https://www.gutenberg.org/ebooks/42.txt.utf-8,1328,"“It’s all right,” said Poole. “Open the door.”"
42,The strange case of Dr. Jekyll and Mr. Hyde,"Stevenson, Robert Louis",https://www.gutenberg.org/ebooks/42.txt.utf-8,1329,
42,The strange case of Dr. Jekyll and Mr. Hyde,"Stevenson, Robert Louis",https://www.gutenberg.org/ebooks/42.txt.utf-8,1330,"The hall, when they entered it, was brightly lighted up; the fire was"
42,The strange case of Dr. Jekyll and Mr. Hyde,"Stevenson, Robert Louis",https://www.gutenberg.org/ebooks/42.txt.utf-8,1331,"built high; and about the hearth the whole of the servants, men and"
42,The strange case of Dr. Jekyll and Mr. Hyde,"Stevenson, Robert Louis",https://www.gutenberg.org/ebooks/42.txt.utf-8,1332,"women, stood huddled together like a flock of sheep. At the sight of"
42,The strange case of Dr. Jekyll and Mr. Hyde,"Stevenson, Robert Louis",https://www.gutenberg.org/ebooks/42.txt.utf-8,1333,"Mr. Utterson, the housemaid broke into hysterical whimpering; and the"
42,The strange case of Dr. Jekyll and Mr. Hyde,"Stevenson, Robert Louis",https://www.gutenberg.org/ebooks/42.txt.utf-8,1334,"cook, crying out, “Bless God! it’s Mr. Utterson,” ran forward as if to"
42,The strange case of Dr. Jekyll and Mr. Hyde,"Stevenson, Robert Louis",https://www.gutenberg.org/ebooks/42.txt.utf-8,1335,take him in her arms.
42,The strange case of Dr. Jekyll and Mr. Hyde,"Stevenson, Robert Louis",https://www.gutenberg.org/ebooks/42.txt.utf-8,1336,
42,The strange case of Dr. Jekyll and Mr. Hyde,"Stevenson, Robert Louis",https://www.gutenberg.org/ebooks/42.txt.utf-8,1337,"“What, what? Are you all here?” said the lawyer peevishly. “Very"
42,The strange case of Dr. Jekyll and Mr. Hyde,"Stevenson, Robert Louis",https://www.gutenberg.org/ebooks/42.txt.utf-8,1338,"irregular, very unseemly; your master would be far from pleased.”"
42,The strange case of Dr. Jekyll and Mr. Hyde,"Stevenson, Robert Louis",https://www.gutenberg.org/ebooks/42.txt.utf-8,1339,
42,The strange case of Dr. Jekyll and Mr. Hyde,"Stevenson, Robert Louis",https://www.gutenberg.org/ebooks/42.txt.utf-8,1340,"“They’re all afraid,” said Poole."
42,The strange case of Dr. Jekyll and Mr. Hyde,"Stevenson, Robert Louis",https://www.gutenberg.org/ebooks/42.txt.utf-8,1341,
42,The strange case of Dr. Jekyll and Mr. Hyde,"Stevenson, Robert Louis",https://www.gutenberg.org/ebooks/42.txt.utf-8,1342,"Blank silence followed, no one protesting; only the maid lifted up her"
42,The strange case of Dr. Jekyll and Mr. Hyde,"Stevenson, Robert Louis",https://www.gutenberg.org/ebooks/42.txt.utf-8,1343,voice and now wept loudly.
42,The strange case of Dr. Jekyll and Mr. Hyde,"Stevenson, Robert Louis",https://www.gutenberg.org/ebooks/42.txt.utf-8,1344,
42,The strange case of Dr. Jekyll and Mr. Hyde,"Stevenson, Robert Louis",https://www.gutenberg.org/ebooks/42.txt.utf-8,1345,"“Hold your tongue!” Poole said to her, with a ferocity of accent that"
42,The strange case of Dr. Jekyll and Mr. Hyde,"Stevenson, Robert Louis",https://www.gutenberg.org/ebooks/42.txt.utf-8,1346,"testified to his own jangled nerves; and indeed, when the girl had so"
42,The strange case of Dr. Jekyll and Mr. Hyde,"Stevenson, Robert Louis",https://www.gutenberg.org/ebooks/42.txt.utf-8,1347,"suddenly raised the note of her lamentation, they had all started and"
42,The strange case of Dr. Jekyll and Mr. Hyde,"Stevenson, Robert Louis",https://www.gutenberg.org/ebooks/42.txt.utf-8,1348,turned toward the inner door with faces of dreadful expectation. “And
42,The strange case of Dr. Jekyll and Mr. Hyde,"Stevenson, Robert Louis",https://www.gutenberg.org/ebooks/42.txt.utf-8,1349,"now,” continued the butler, addressing the knife-boy, “reach me a"
42,The strange case of Dr. Jekyll and Mr. Hyde,"Stevenson, Robert Louis",https://www.gutenberg.org/ebooks/42.txt.utf-8,1350,"candle, and we’ll get this through hands at once.” And then he begged"
42,The strange case of Dr. Jekyll and Mr. Hyde,"Stevenson, Robert Louis",https://www.gutenberg.org/ebooks/42.txt.utf-8,1351,"Mr. Utterson to follow him, and led the way to the back-garden."
42,The strange case of Dr. Jekyll and Mr. Hyde,"Stevenson, Robert Louis",https://www.gutenberg.org/ebooks/42.txt.utf-8,1352,
42,The strange case of Dr. Jekyll and Mr. Hyde,"Stevenson, Robert Louis",https://www.gutenberg.org/ebooks/42.txt.utf-8,1353,"“Now, sir,” said he, “you come as gently as you can. I want you to"
42,The strange case of Dr. Jekyll and Mr. Hyde,"Stevenson, Robert Louis",https://www.gutenberg.org/ebooks/42.txt.utf-8,1354,"hear, and I don’t want you to be heard. And see here, sir, if by any"
42,The strange case of Dr. Jekyll and Mr. Hyde,"Stevenson, Robert Louis",https://www.gutenberg.org/ebooks/42.txt.utf-8,1355,"chance he was to ask you in, don’t go.”"
42,The strange case of Dr. Jekyll and Mr. Hyde,"Stevenson, Robert Louis",https://www.gutenberg.org/ebooks/42.txt.utf-8,1356,
42,The strange case of Dr. Jekyll and Mr. Hyde,"Stevenson, Robert Louis",https://www.gutenberg.org/ebooks/42.txt.utf-8,1357,"Mr. Utterson’s nerves, at this unlooked-for termination, gave a jerk"
42,The strange case of Dr. Jekyll and Mr. Hyde,"Stevenson, Robert Louis",https://www.gutenberg.org/ebooks/42.txt.utf-8,1358,that nearly threw him from his balance; but he re-collected his courage
42,The strange case of Dr. Jekyll and Mr. Hyde,"Stevenson, Robert Louis",https://www.gutenberg.org/ebooks/42.txt.utf-8,1359,and followed the butler into the laboratory building and through the
42,The strange case of Dr. Jekyll and Mr. Hyde,"Stevenson, Robert Louis",https://www.gutenberg.org/ebooks/42.txt.utf-8,1360,"surgical theatre, with its lumber of crates and bottles, to the foot of"
42,The strange case of Dr. Jekyll and Mr. Hyde,"Stevenson, Robert Louis",https://www.gutenberg.org/ebooks/42.txt.utf-8,1361,the stair. Here Poole motioned him to stand on one side and listen;
42,The strange case of Dr. Jekyll and Mr. Hyde,"Stevenson, Robert Louis",https://www.gutenberg.org/ebooks/42.txt.utf-8,1362,"while he himself, setting down the candle and making a great and"
42,The strange case of Dr. Jekyll and Mr. Hyde,"Stevenson, Robert Louis",https://www.gutenberg.org/ebooks/42.txt.utf-8,1363,"obvious call on his resolution, mounted the steps and knocked with a"
42,The strange case of Dr. Jekyll and Mr. Hyde,"Stevenson, Robert Louis",https://www.gutenberg.org/ebooks/42.txt.utf-8,1364,somewhat uncertain hand on the red baize of the cabinet door.
42,The strange case of Dr. Jekyll and Mr. Hyde,"Stevenson, Robert Louis",https://www.gutenberg.org/ebooks/42.txt.utf-8,1365,
42,The strange case of Dr. Jekyll and Mr. Hyde,"Stevenson, Robert Louis",https://www.gutenberg.org/ebooks/42.txt.utf-8,1366,"“Mr. Utterson, sir, asking to see you,” he called; and even as he did"
42,The strange case of Dr. Jekyll and Mr. Hyde,"Stevenson, Robert Louis",https://www.gutenberg.org/ebooks/42.txt.utf-8,1367,"so, once more violently signed to the lawyer to give ear."
42,The strange case of Dr. Jekyll and Mr. Hyde,"Stevenson, Robert Louis",https://www.gutenberg.org/ebooks/42.txt.utf-8,1368,
42,The strange case of Dr. Jekyll and Mr. Hyde,"Stevenson, Robert Louis",https://www.gutenberg.org/ebooks/42.txt.utf-8,1369,"A voice answered from within: “Tell him I cannot see any one,” it said"
42,The strange case of Dr. Jekyll and Mr. Hyde,"Stevenson, Robert Louis",https://www.gutenberg.org/ebooks/42.txt.utf-8,1370,complainingly.
42,The strange case of Dr. Jekyll and Mr. Hyde,"Stevenson, Robert Louis",https://www.gutenberg.org/ebooks/42.txt.utf-8,1371,
42,The strange case of Dr. Jekyll and Mr. Hyde,"Stevenson, Robert Louis",https://www.gutenberg.org/ebooks/42.txt.utf-8,1372,"“Thank you, sir,” said Poole, with a note of something like triumph in"
42,The strange case of Dr. Jekyll and Mr. Hyde,"Stevenson, Robert Louis",https://www.gutenberg.org/ebooks/42.txt.utf-8,1373,"his voice; and taking up his candle, he led Mr. Utterson back across"
42,The strange case of Dr. Jekyll and Mr. Hyde,"Stevenson, Robert Louis",https://www.gutenberg.org/ebooks/42.txt.utf-8,1374,"the yard and into the great kitchen, where the fire was out and the"
42,The strange case of Dr. Jekyll and Mr. Hyde,"Stevenson, Robert Louis",https://www.gutenberg.org/ebooks/42.txt.utf-8,1375,beetles were leaping on the floor.
42,The strange case of Dr. Jekyll and Mr. Hyde,"Stevenson, Robert Louis",https://www.gutenberg.org/ebooks/42.txt.utf-8,1376,
42,The strange case of Dr. Jekyll and Mr. Hyde,"Stevenson, Robert Louis",https://www.gutenberg.org/ebooks/42.txt.utf-8,1377,"“Sir,” he said, looking Mr. Utterson in the eyes, “was that my master’s"
42,The strange case of Dr. Jekyll and Mr. Hyde,"Stevenson, Robert Louis",https://www.gutenberg.org/ebooks/42.txt.utf-8,1378,voice?”
42,The strange case of Dr. Jekyll and Mr. Hyde,"Stevenson, Robert Louis",https://www.gutenberg.org/ebooks/42.txt.utf-8,1379,
42,The strange case of Dr. Jekyll and Mr. Hyde,"Stevenson, Robert Louis",https://www.gutenberg.org/ebooks/42.txt.utf-8,1380,"“It seems much changed,” replied the lawyer, very pale, but giving look"
42,The strange case of Dr. Jekyll and Mr. Hyde,"Stevenson, Robert Louis",https://www.gutenberg.org/ebooks/42.txt.utf-8,1381,for look.
42,The strange case of Dr. Jekyll and Mr. Hyde,"Stevenson, Robert Louis",https://www.gutenberg.org/ebooks/42.txt.utf-8,1382,
42,The strange case of Dr. Jekyll and Mr. Hyde,"Stevenson, Robert Louis",https://www.gutenberg.org/ebooks/42.txt.utf-8,1383,"“Changed? Well, yes, I think so,” said the butler. “Have I been twenty"
42,The strange case of Dr. Jekyll and Mr. Hyde,"Stevenson, Robert Louis",https://www.gutenberg.org/ebooks/42.txt.utf-8,1384,"years in this man’s house, to be deceived about his voice? No, sir;"
42,The strange case of Dr. Jekyll and Mr. Hyde,"Stevenson, Robert Louis",https://www.gutenberg.org/ebooks/42.txt.utf-8,1385,"master’s made away with; he was made, away with eight days ago, when we"
42,The strange case of Dr. Jekyll and Mr. Hyde,"Stevenson, Robert Louis",https://www.gutenberg.org/ebooks/42.txt.utf-8,1386,heard him cry out upon the name of God; and _who’s_ in there instead of
42,The strange case of Dr. Jekyll and Mr. Hyde,"Stevenson, Robert Louis",https://www.gutenberg.org/ebooks/42.txt.utf-8,1387,"him, and _why_ it stays there, is a thing that cries to Heaven, Mr."
42,The strange case of Dr. Jekyll and Mr. Hyde,"Stevenson, Robert Louis",https://www.gutenberg.org/ebooks/42.txt.utf-8,1388,Utterson!”
42,The strange case of Dr. Jekyll and Mr. Hyde,"Stevenson, Robert Louis",https://www.gutenberg.org/ebooks/42.txt.utf-8,1389,
42,The strange case of Dr. Jekyll and Mr. Hyde,"Stevenson, Robert Louis",https://www.gutenberg.org/ebooks/42.txt.utf-8,1390,"“This is a very strange tale, Poole; this is rather a wild tale, my"
42,The strange case of Dr. Jekyll and Mr. Hyde,"Stevenson, Robert Louis",https://www.gutenberg.org/ebooks/42.txt.utf-8,1391,"man,” said Mr. Utterson, biting his finger. “Suppose it were as you"
42,The strange case of Dr. Jekyll and Mr. Hyde,"Stevenson, Robert Louis",https://www.gutenberg.org/ebooks/42.txt.utf-8,1392,"suppose, supposing Dr. Jekyll to have been—well, murdered, what could"
42,The strange case of Dr. Jekyll and Mr. Hyde,"Stevenson, Robert Louis",https://www.gutenberg.org/ebooks/42.txt.utf-8,1393,induce the murderer to stay? That won’t hold water; it doesn’t commend
42,The strange case of Dr. Jekyll and Mr. Hyde,"Stevenson, Robert Louis",https://www.gutenberg.org/ebooks/42.txt.utf-8,1394,itself to reason.”
42,The strange case of Dr. Jekyll and Mr. Hyde,"Stevenson, Robert Louis",https://www.gutenberg.org/ebooks/42.txt.utf-8,1395,
42,The strange case of Dr. Jekyll and Mr. Hyde,"Stevenson, Robert Louis",https://www.gutenberg.org/ebooks/42.txt.utf-8,1396,"“Well, Mr. Utterson, you are a hard man to satisfy, but I’ll do it"
42,The strange case of Dr. Jekyll and Mr. Hyde,"Stevenson, Robert Louis",https://www.gutenberg.org/ebooks/42.txt.utf-8,1397,"yet,” said Poole. “All this last week (you must know) him, or it, or"
42,The strange case of Dr. Jekyll and Mr. Hyde,"Stevenson, Robert Louis",https://www.gutenberg.org/ebooks/42.txt.utf-8,1398,"whatever it is that lives in that cabinet, has been crying night and"
42,The strange case of Dr. Jekyll and Mr. Hyde,"Stevenson, Robert Louis",https://www.gutenberg.org/ebooks/42.txt.utf-8,1399,day for some sort of medicine and cannot get it to his mind. It was
42,The strange case of Dr. Jekyll and Mr. Hyde,"Stevenson, Robert Louis",https://www.gutenberg.org/ebooks/42.txt.utf-8,1400,"sometimes his way—the master’s, that is—to write his orders on a sheet"
42,The strange case of Dr. Jekyll and Mr. Hyde,"Stevenson, Robert Louis",https://www.gutenberg.org/ebooks/42.txt.utf-8,1401,of paper and throw it on the stair. We’ve had nothing else this week
42,The strange case of Dr. Jekyll and Mr. Hyde,"Stevenson, Robert Louis",https://www.gutenberg.org/ebooks/42.txt.utf-8,1402,"back; nothing but papers, and a closed door, and the very meals left"
42,The strange case of Dr. Jekyll and Mr. Hyde,"Stevenson, Robert Louis",https://www.gutenberg.org/ebooks/42.txt.utf-8,1403,"there to be smuggled in when nobody was looking. Well, sir, every day,"
42,The strange case of Dr. Jekyll and Mr. Hyde,"Stevenson, Robert Louis",https://www.gutenberg.org/ebooks/42.txt.utf-8,1404,"ay, and twice and thrice in the same day, there have been orders and"
42,The strange case of Dr. Jekyll and Mr. Hyde,"Stevenson, Robert Louis",https://www.gutenberg.org/ebooks/42.txt.utf-8,1405,"complaints, and I have been sent flying to all the wholesale chemists"
42,The strange case of Dr. Jekyll and Mr. Hyde,"Stevenson, Robert Louis",https://www.gutenberg.org/ebooks/42.txt.utf-8,1406,"in town. Every time I brought the stuff back, there would be another"
42,The strange case of Dr. Jekyll and Mr. Hyde,"Stevenson, Robert Louis",https://www.gutenberg.org/ebooks/42.txt.utf-8,1407,"paper telling me to return it, because it was not pure, and another"
42,The strange case of Dr. Jekyll and Mr. Hyde,"Stevenson, Robert Louis",https://www.gutenberg.org/ebooks/42.txt.utf-8,1408,"order to a different firm. This drug is wanted bitter bad, sir,"
42,The strange case of Dr. Jekyll and Mr. Hyde,"Stevenson, Robert Louis",https://www.gutenberg.org/ebooks/42.txt.utf-8,1409,whatever for.”
42,The strange case of Dr. Jekyll and Mr. Hyde,"Stevenson, Robert Louis",https://www.gutenberg.org/ebooks/42.txt.utf-8,1410,
42,The strange case of Dr. Jekyll and Mr. Hyde,"Stevenson, Robert Louis",https://www.gutenberg.org/ebooks/42.txt.utf-8,1411,“Have you any of these papers?” asked Mr. Utterson.
42,The strange case of Dr. Jekyll and Mr. Hyde,"Stevenson, Robert Louis",https://www.gutenberg.org/ebooks/42.txt.utf-8,1412,
42,The strange case of Dr. Jekyll and Mr. Hyde,"Stevenson, Robert Louis",https://www.gutenberg.org/ebooks/42.txt.utf-8,1413,"Poole felt in his pocket and handed out a crumpled note, which the"
42,The strange case of Dr. Jekyll and Mr. Hyde,"Stevenson, Robert Louis",https://www.gutenberg.org/ebooks/42.txt.utf-8,1414,"lawyer, bending nearer to the candle, carefully examined. Its contents"
42,The strange case of Dr. Jekyll and Mr. Hyde,"Stevenson, Robert Louis",https://www.gutenberg.org/ebooks/42.txt.utf-8,1415,ran thus: “Dr. Jekyll presents his compliments to Messrs. Maw. He
42,The strange case of Dr. Jekyll and Mr. Hyde,"Stevenson, Robert Louis",https://www.gutenberg.org/ebooks/42.txt.utf-8,1416,assures them that their last sample is impure and quite useless for his
42,The strange case of Dr. Jekyll and Mr. Hyde,"Stevenson, Robert Louis",https://www.gutenberg.org/ebooks/42.txt.utf-8,1417,"present purpose. In the year 18——, Dr. J. purchased a somewhat large"
42,The strange case of Dr. Jekyll and Mr. Hyde,"Stevenson, Robert Louis",https://www.gutenberg.org/ebooks/42.txt.utf-8,1418,quantity from Messrs. M. He now begs them to search with the most
42,The strange case of Dr. Jekyll and Mr. Hyde,"Stevenson, Robert Louis",https://www.gutenberg.org/ebooks/42.txt.utf-8,1419,"sedulous care, and should any of the same quality be left, to forward"
42,The strange case of Dr. Jekyll and Mr. Hyde,"Stevenson, Robert Louis",https://www.gutenberg.org/ebooks/42.txt.utf-8,1420,it to him at once. Expense is no consideration. The importance of this
42,The strange case of Dr. Jekyll and Mr. Hyde,"Stevenson, Robert Louis",https://www.gutenberg.org/ebooks/42.txt.utf-8,1421,to Dr. J. can hardly be exaggerated.” So far the letter had run
42,The strange case of Dr. Jekyll and Mr. Hyde,"Stevenson, Robert Louis",https://www.gutenberg.org/ebooks/42.txt.utf-8,1422,"composedly enough, but here with a sudden splutter of the pen, the"
42,The strange case of Dr. Jekyll and Mr. Hyde,"Stevenson, Robert Louis",https://www.gutenberg.org/ebooks/42.txt.utf-8,1423,"writer’s emotion had broken loose. “For God’s sake,” he had added,"
42,The strange case of Dr. Jekyll and Mr. Hyde,"Stevenson, Robert Louis",https://www.gutenberg.org/ebooks/42.txt.utf-8,1424,“find me some of the old.”
42,The strange case of Dr. Jekyll and Mr. Hyde,"Stevenson, Robert Louis",https://www.gutenberg.org/ebooks/42.txt.utf-8,1425,
42,The strange case of Dr. Jekyll and Mr. Hyde,"Stevenson, Robert Louis",https://www.gutenberg.org/ebooks/42.txt.utf-8,1426,"“This is a strange note,” said Mr. Utterson; and then sharply, “How do"
42,The strange case of Dr. Jekyll and Mr. Hyde,"Stevenson, Robert Louis",https://www.gutenberg.org/ebooks/42.txt.utf-8,1427,you come to have it open?”
42,The strange case of Dr. Jekyll and Mr. Hyde,"Stevenson, Robert Louis",https://www.gutenberg.org/ebooks/42.txt.utf-8,1428,
42,The strange case of Dr. Jekyll and Mr. Hyde,"Stevenson, Robert Louis",https://www.gutenberg.org/ebooks/42.txt.utf-8,1429,"“The man at Maw’s was main angry, sir, and he threw it back to me like"
42,The strange case of Dr. Jekyll and Mr. Hyde,"Stevenson, Robert Louis",https://www.gutenberg.org/ebooks/42.txt.utf-8,1430,"so much dirt,” returned Poole."
42,The strange case of Dr. Jekyll and Mr. Hyde,"Stevenson, Robert Louis",https://www.gutenberg.org/ebooks/42.txt.utf-8,1431,
42,The strange case of Dr. Jekyll and Mr. Hyde,"Stevenson, Robert Louis",https://www.gutenberg.org/ebooks/42.txt.utf-8,1432,"“This is unquestionably the doctor’s hand, do you know?” resumed the"
42,The strange case of Dr. Jekyll and Mr. Hyde,"Stevenson, Robert Louis",https://www.gutenberg.org/ebooks/42.txt.utf-8,1433,lawyer.
42,The strange case of Dr. Jekyll and Mr. Hyde,"Stevenson, Robert Louis",https://www.gutenberg.org/ebooks/42.txt.utf-8,1434,
42,The strange case of Dr. Jekyll and Mr. Hyde,"Stevenson, Robert Louis",https://www.gutenberg.org/ebooks/42.txt.utf-8,1435,"“I thought it looked like it,” said the servant rather sulkily; and"
42,The strange case of Dr. Jekyll and Mr. Hyde,"Stevenson, Robert Louis",https://www.gutenberg.org/ebooks/42.txt.utf-8,1436,"then, with another voice, “But what matters hand-of-write?” he said."
42,The strange case of Dr. Jekyll and Mr. Hyde,"Stevenson, Robert Louis",https://www.gutenberg.org/ebooks/42.txt.utf-8,1437,“I’ve seen him!”
42,The strange case of Dr. Jekyll and Mr. Hyde,"Stevenson, Robert Louis",https://www.gutenberg.org/ebooks/42.txt.utf-8,1438,
42,The strange case of Dr. Jekyll and Mr. Hyde,"Stevenson, Robert Louis",https://www.gutenberg.org/ebooks/42.txt.utf-8,1439,“Seen him?” repeated Mr. Utterson. “Well?”
42,The strange case of Dr. Jekyll and Mr. Hyde,"Stevenson, Robert Louis",https://www.gutenberg.org/ebooks/42.txt.utf-8,1440,
42,The strange case of Dr. Jekyll and Mr. Hyde,"Stevenson, Robert Louis",https://www.gutenberg.org/ebooks/42.txt.utf-8,1441,“That’s it!” said Poole. “It was this way. I came suddenly into the
42,The strange case of Dr. Jekyll and Mr. Hyde,"Stevenson, Robert Louis",https://www.gutenberg.org/ebooks/42.txt.utf-8,1442,theatre from the garden. It seems he had slipped out to look for this
42,The strange case of Dr. Jekyll and Mr. Hyde,"Stevenson, Robert Louis",https://www.gutenberg.org/ebooks/42.txt.utf-8,1443,"drug or whatever it is; for the cabinet door was open, and there he was"
42,The strange case of Dr. Jekyll and Mr. Hyde,"Stevenson, Robert Louis",https://www.gutenberg.org/ebooks/42.txt.utf-8,1444,at the far end of the room digging among the crates. He looked up when
42,The strange case of Dr. Jekyll and Mr. Hyde,"Stevenson, Robert Louis",https://www.gutenberg.org/ebooks/42.txt.utf-8,1445,"I came in, gave a kind of cry, and whipped up-stairs into the cabinet."
42,The strange case of Dr. Jekyll and Mr. Hyde,"Stevenson, Robert Louis",https://www.gutenberg.org/ebooks/42.txt.utf-8,1446,"It was but for one minute that I saw him, but the hair stood upon my"
42,The strange case of Dr. Jekyll and Mr. Hyde,"Stevenson, Robert Louis",https://www.gutenberg.org/ebooks/42.txt.utf-8,1447,"head like quills. Sir, if that was my master, why had he a mask upon"
42,The strange case of Dr. Jekyll and Mr. Hyde,"Stevenson, Robert Louis",https://www.gutenberg.org/ebooks/42.txt.utf-8,1448,"his face? If it was my master, why did he cry out like a rat, and run"
42,The strange case of Dr. Jekyll and Mr. Hyde,"Stevenson, Robert Louis",https://www.gutenberg.org/ebooks/42.txt.utf-8,1449,from me? I have served him long enough. And then…” The man paused and
42,The strange case of Dr. Jekyll and Mr. Hyde,"Stevenson, Robert Louis",https://www.gutenberg.org/ebooks/42.txt.utf-8,1450,passed his hand over his face.
42,The strange case of Dr. Jekyll and Mr. Hyde,"Stevenson, Robert Louis",https://www.gutenberg.org/ebooks/42.txt.utf-8,1451,
42,The strange case of Dr. Jekyll and Mr. Hyde,"Stevenson, Robert Louis",https://www.gutenberg.org/ebooks/42.txt.utf-8,1452,"“These are all very strange circumstances,” said Mr. Utterson, “but I"
42,The strange case of Dr. Jekyll and Mr. Hyde,"Stevenson, Robert Louis",https://www.gutenberg.org/ebooks/42.txt.utf-8,1453,"think I begin to see daylight. Your master, Poole, is plainly seized"
42,The strange case of Dr. Jekyll and Mr. Hyde,"Stevenson, Robert Louis",https://www.gutenberg.org/ebooks/42.txt.utf-8,1454,with one of those maladies that both torture and deform the sufferer;
42,The strange case of Dr. Jekyll and Mr. Hyde,"Stevenson, Robert Louis",https://www.gutenberg.org/ebooks/42.txt.utf-8,1455,"hence, for aught I know, the alteration of his voice; hence the mask"
42,The strange case of Dr. Jekyll and Mr. Hyde,"Stevenson, Robert Louis",https://www.gutenberg.org/ebooks/42.txt.utf-8,1456,and the avoidance of his friends; hence his eagerness to find this
42,The strange case of Dr. Jekyll and Mr. Hyde,"Stevenson, Robert Louis",https://www.gutenberg.org/ebooks/42.txt.utf-8,1457,"drug, by means of which the poor soul retains some hope of ultimate"
42,The strange case of Dr. Jekyll and Mr. Hyde,"Stevenson, Robert Louis",https://www.gutenberg.org/ebooks/42.txt.utf-8,1458,recovery—God grant that he be not deceived! There is my explanation; it
42,The strange case of Dr. Jekyll and Mr. Hyde,"Stevenson, Robert Louis",https://www.gutenberg.org/ebooks/42.txt.utf-8,1459,"is sad enough, Poole, ay, and appalling to consider; but it is plain"
42,The strange case of Dr. Jekyll and Mr. Hyde,"Stevenson, Robert Louis",https://www.gutenberg.org/ebooks/42.txt.utf-8,1460,"and natural, hangs well together, and delivers us from all exorbitant"
42,The strange case of Dr. Jekyll and Mr. Hyde,"Stevenson, Robert Louis",https://www.gutenberg.org/ebooks/42.txt.utf-8,1461,alarms.”
42,The strange case of Dr. Jekyll and Mr. Hyde,"Stevenson, Robert Louis",https://www.gutenberg.org/ebooks/42.txt.utf-8,1462,
42,The strange case of Dr. Jekyll and Mr. Hyde,"Stevenson, Robert Louis",https://www.gutenberg.org/ebooks/42.txt.utf-8,1463,"“Sir,” said the butler, turning to a sort of mottled pallor, “that"
42,The strange case of Dr. Jekyll and Mr. Hyde,"Stevenson, Robert Louis",https://www.gutenberg.org/ebooks/42.txt.utf-8,1464,"thing was not my master, and there’s the truth. My master”—here he"
42,The strange case of Dr. Jekyll and Mr. Hyde,"Stevenson, Robert Louis",https://www.gutenberg.org/ebooks/42.txt.utf-8,1465,"looked round him and began to whisper—“is a tall, fine build of a man,"
42,The strange case of Dr. Jekyll and Mr. Hyde,"Stevenson, Robert Louis",https://www.gutenberg.org/ebooks/42.txt.utf-8,1466,"and this was more of a dwarf.” Utterson attempted to protest. “O, sir,”"
42,The strange case of Dr. Jekyll and Mr. Hyde,"Stevenson, Robert Louis",https://www.gutenberg.org/ebooks/42.txt.utf-8,1467,"cried Poole, “do you think I do not know my master after twenty years?"
42,The strange case of Dr. Jekyll and Mr. Hyde,"Stevenson, Robert Louis",https://www.gutenberg.org/ebooks/42.txt.utf-8,1468,"Do you think I do not know where his head comes to in the cabinet door,"
42,The strange case of Dr. Jekyll and Mr. Hyde,"Stevenson, Robert Louis",https://www.gutenberg.org/ebooks/42.txt.utf-8,1469,"where I saw him every morning of my life? No, Sir, that thing in the"
42,The strange case of Dr. Jekyll and Mr. Hyde,"Stevenson, Robert Louis",https://www.gutenberg.org/ebooks/42.txt.utf-8,1470,"mask was never Dr. Jekyll—God knows what it was, but it was never Dr."
42,The strange case of Dr. Jekyll and Mr. Hyde,"Stevenson, Robert Louis",https://www.gutenberg.org/ebooks/42.txt.utf-8,1471,Jekyll; and it is the belief of my heart that there was murder done.”
42,The strange case of Dr. Jekyll and Mr. Hyde,"Stevenson, Robert Louis",https://www.gutenberg.org/ebooks/42.txt.utf-8,1472,
42,The strange case of Dr. Jekyll and Mr. Hyde,"Stevenson, Robert Louis",https://www.gutenberg.org/ebooks/42.txt.utf-8,1473,"“Poole,” replied the lawyer, “if you say that, it will become my duty"
42,The strange case of Dr. Jekyll and Mr. Hyde,"Stevenson, Robert Louis",https://www.gutenberg.org/ebooks/42.txt.utf-8,1474,"to make certain. Much as I desire to spare your master’s feelings, much"
42,The strange case of Dr. Jekyll and Mr. Hyde,"Stevenson, Robert Louis",https://www.gutenberg.org/ebooks/42.txt.utf-8,1475,as I am puzzled by this note which seems to prove him to be still
42,The strange case of Dr. Jekyll and Mr. Hyde,"Stevenson, Robert Louis",https://www.gutenberg.org/ebooks/42.txt.utf-8,1476,"alive, I shall consider it my duty to break in that door.”"
42,The strange case of Dr. Jekyll and Mr. Hyde,"Stevenson, Robert Louis",https://www.gutenberg.org/ebooks/42.txt.utf-8,1477,
42,The strange case of Dr. Jekyll and Mr. Hyde,"Stevenson, Robert Louis",https://www.gutenberg.org/ebooks/42.txt.utf-8,1478,"“Ah Mr. Utterson, that’s talking!” cried the butler."
42,The strange case of Dr. Jekyll and Mr. Hyde,"Stevenson, Robert Louis",https://www.gutenberg.org/ebooks/42.txt.utf-8,1479,
42,The strange case of Dr. Jekyll and Mr. Hyde,"Stevenson, Robert Louis",https://www.gutenberg.org/ebooks/42.txt.utf-8,1480,"“And now comes the second question,” resumed Utterson: “Who is going to"
42,The strange case of Dr. Jekyll and Mr. Hyde,"Stevenson, Robert Louis",https://www.gutenberg.org/ebooks/42.txt.utf-8,1481,do it?”
42,The strange case of Dr. Jekyll and Mr. Hyde,"Stevenson, Robert Louis",https://www.gutenberg.org/ebooks/42.txt.utf-8,1482,
42,The strange case of Dr. Jekyll and Mr. Hyde,"Stevenson, Robert Louis",https://www.gutenberg.org/ebooks/42.txt.utf-8,1483,"“Why, you and me,” was the undaunted reply."
42,The strange case of Dr. Jekyll and Mr. Hyde,"Stevenson, Robert Louis",https://www.gutenberg.org/ebooks/42.txt.utf-8,1484,
42,The strange case of Dr. Jekyll and Mr. Hyde,"Stevenson, Robert Louis",https://www.gutenberg.org/ebooks/42.txt.utf-8,1485,"“That’s very well said,” returned the lawyer; “and whatever comes of"
42,The strange case of Dr. Jekyll and Mr. Hyde,"Stevenson, Robert Louis",https://www.gutenberg.org/ebooks/42.txt.utf-8,1486,"it, I shall make it my business to see you are no loser.”"
42,The strange case of Dr. Jekyll and Mr. Hyde,"Stevenson, Robert Louis",https://www.gutenberg.org/ebooks/42.txt.utf-8,1487,
42,The strange case of Dr. Jekyll and Mr. Hyde,"Stevenson, Robert Louis",https://www.gutenberg.org/ebooks/42.txt.utf-8,1488,"“There is an axe in the theatre,” continued Poole; “and you might take"
42,The strange case of Dr. Jekyll and Mr. Hyde,"Stevenson, Robert Louis",https://www.gutenberg.org/ebooks/42.txt.utf-8,1489,the kitchen poker for yourself.”
42,The strange case of Dr. Jekyll and Mr. Hyde,"Stevenson, Robert Louis",https://www.gutenberg.org/ebooks/42.txt.utf-8,1490,
42,The strange case of Dr. Jekyll and Mr. Hyde,"Stevenson, Robert Louis",https://www.gutenberg.org/ebooks/42.txt.utf-8,1491,"The lawyer took that rude but weighty instrument into his hand, and"
42,The strange case of Dr. Jekyll and Mr. Hyde,"Stevenson, Robert Louis",https://www.gutenberg.org/ebooks/42.txt.utf-8,1492,"balanced it. “Do you know, Poole,” he said, looking up, “that you and I"
42,The strange case of Dr. Jekyll and Mr. Hyde,"Stevenson, Robert Louis",https://www.gutenberg.org/ebooks/42.txt.utf-8,1493,are about to place ourselves in a position of some peril?”
42,The strange case of Dr. Jekyll and Mr. Hyde,"Stevenson, Robert Louis",https://www.gutenberg.org/ebooks/42.txt.utf-8,1494,
42,The strange case of Dr. Jekyll and Mr. Hyde,"Stevenson, Robert Louis",https://www.gutenberg.org/ebooks/42.txt.utf-8,1495,"“You may say so, sir, indeed,” returned the butler."
42,The strange case of Dr. Jekyll and Mr. Hyde,"Stevenson, Robert Louis",https://www.gutenberg.org/ebooks/42.txt.utf-8,1496,
42,The strange case of Dr. Jekyll and Mr. Hyde,"Stevenson, Robert Louis",https://www.gutenberg.org/ebooks/42.txt.utf-8,1497,"“It is well, then, that we should be frank,” said the other. “We both"
42,The strange case of Dr. Jekyll and Mr. Hyde,"Stevenson, Robert Louis",https://www.gutenberg.org/ebooks/42.txt.utf-8,1498,think more than we have said; let us make a clean breast. This masked
42,The strange case of Dr. Jekyll and Mr. Hyde,"Stevenson, Robert Louis",https://www.gutenberg.org/ebooks/42.txt.utf-8,1499,"figure that you saw, did you recognise it?”"
42,The strange case of Dr. Jekyll and Mr. Hyde,"Stevenson, Robert Louis",https://www.gutenberg.org/ebooks/42.txt.utf-8,1500,
42,The strange case of Dr. Jekyll and Mr. Hyde,"Stevenson, Robert Louis",https://www.gutenberg.org/ebooks/42.txt.utf-8,1501,"“Well, sir, it went so quick, and the creature was so doubled up, that"
42,The strange case of Dr. Jekyll and Mr. Hyde,"Stevenson, Robert Louis",https://www.gutenberg.org/ebooks/42.txt.utf-8,1502,"I could hardly swear to that,” was the answer. “But if you mean, was it"
42,The strange case of Dr. Jekyll and Mr. Hyde,"Stevenson, Robert Louis",https://www.gutenberg.org/ebooks/42.txt.utf-8,1503,"Mr. Hyde?—why, yes, I think it was! You see, it was much of the same"
42,The strange case of Dr. Jekyll and Mr. Hyde,"Stevenson, Robert Louis",https://www.gutenberg.org/ebooks/42.txt.utf-8,1504,"bigness; and it had the same quick, light way with it; and then who"
42,The strange case of Dr. Jekyll and Mr. Hyde,"Stevenson, Robert Louis",https://www.gutenberg.org/ebooks/42.txt.utf-8,1505,"else could have got in by the laboratory door? You have not forgot, sir"
42,The strange case of Dr. Jekyll and Mr. Hyde,"Stevenson, Robert Louis",https://www.gutenberg.org/ebooks/42.txt.utf-8,1506,that at the time of the murder he had still the key with him? But
42,The strange case of Dr. Jekyll and Mr. Hyde,"Stevenson, Robert Louis",https://www.gutenberg.org/ebooks/42.txt.utf-8,1507,"that’s not all. I don’t know, Mr. Utterson, if ever you met this Mr."
42,The strange case of Dr. Jekyll and Mr. Hyde,"Stevenson, Robert Louis",https://www.gutenberg.org/ebooks/42.txt.utf-8,1508,Hyde?”
42,The strange case of Dr. Jekyll and Mr. Hyde,"Stevenson, Robert Louis",https://www.gutenberg.org/ebooks/42.txt.utf-8,1509,
42,The strange case of Dr. Jekyll and Mr. Hyde,"Stevenson, Robert Louis",https://www.gutenberg.org/ebooks/42.txt.utf-8,1510,"“Yes,” said the lawyer, “I once spoke with him.”"
42,The strange case of Dr. Jekyll and Mr. Hyde,"Stevenson, Robert Louis",https://www.gutenberg.org/ebooks/42.txt.utf-8,1511,
42,The strange case of Dr. Jekyll and Mr. Hyde,"Stevenson, Robert Louis",https://www.gutenberg.org/ebooks/42.txt.utf-8,1512,“Then you must know as well as the rest of us that there was something
42,The strange case of Dr. Jekyll and Mr. Hyde,"Stevenson, Robert Louis",https://www.gutenberg.org/ebooks/42.txt.utf-8,1513,queer about that gentleman—something that gave a man a turn—I don’t
42,The strange case of Dr. Jekyll and Mr. Hyde,"Stevenson, Robert Louis",https://www.gutenberg.org/ebooks/42.txt.utf-8,1514,"know rightly how to say it, sir, beyond this: that you felt it in your"
42,The strange case of Dr. Jekyll and Mr. Hyde,"Stevenson, Robert Louis",https://www.gutenberg.org/ebooks/42.txt.utf-8,1515,marrow kind of cold and thin.”
42,The strange case of Dr. Jekyll and Mr. Hyde,"Stevenson, Robert Louis",https://www.gutenberg.org/ebooks/42.txt.utf-8,1516,
42,The strange case of Dr. Jekyll and Mr. Hyde,"Stevenson, Robert Louis",https://www.gutenberg.org/ebooks/42.txt.utf-8,1517,"“I own I felt something of what you describe,” said Mr. Utterson."
42,The strange case of Dr. Jekyll and Mr. Hyde,"Stevenson, Robert Louis",https://www.gutenberg.org/ebooks/42.txt.utf-8,1518,
42,The strange case of Dr. Jekyll and Mr. Hyde,"Stevenson, Robert Louis",https://www.gutenberg.org/ebooks/42.txt.utf-8,1519,"“Quite so, sir,” returned Poole. “Well, when that masked thing like a"
42,The strange case of Dr. Jekyll and Mr. Hyde,"Stevenson, Robert Louis",https://www.gutenberg.org/ebooks/42.txt.utf-8,1520,"monkey jumped from among the chemicals and whipped into the cabinet, it"
42,The strange case of Dr. Jekyll and Mr. Hyde,"Stevenson, Robert Louis",https://www.gutenberg.org/ebooks/42.txt.utf-8,1521,"went down my spine like ice. Oh, I know it’s not evidence, Mr."
42,The strange case of Dr. Jekyll and Mr. Hyde,"Stevenson, Robert Louis",https://www.gutenberg.org/ebooks/42.txt.utf-8,1522,"Utterson. I’m book-learned enough for that; but a man has his feelings,"
42,The strange case of Dr. Jekyll and Mr. Hyde,"Stevenson, Robert Louis",https://www.gutenberg.org/ebooks/42.txt.utf-8,1523,and I give you my bible-word it was Mr. Hyde!”
42,The strange case of Dr. Jekyll and Mr. Hyde,"Stevenson, Robert Louis",https://www.gutenberg.org/ebooks/42.txt.utf-8,1524,
42,The strange case of Dr. Jekyll and Mr. Hyde,"Stevenson, Robert Louis",https://www.gutenberg.org/ebooks/42.txt.utf-8,1525,"“Ay, ay,” said the lawyer. “My fears incline to the same point. Evil, I"
42,The strange case of Dr. Jekyll and Mr. Hyde,"Stevenson, Robert Louis",https://www.gutenberg.org/ebooks/42.txt.utf-8,1526,"fear, founded—evil was sure to come—of that connection. Ay, truly, I"
42,The strange case of Dr. Jekyll and Mr. Hyde,"Stevenson, Robert Louis",https://www.gutenberg.org/ebooks/42.txt.utf-8,1527,believe you; I believe poor Harry is killed; and I believe his murderer
42,The strange case of Dr. Jekyll and Mr. Hyde,"Stevenson, Robert Louis",https://www.gutenberg.org/ebooks/42.txt.utf-8,1528,"(for what purpose, God alone can tell) is still lurking in his victim’s"
42,The strange case of Dr. Jekyll and Mr. Hyde,"Stevenson, Robert Louis",https://www.gutenberg.org/ebooks/42.txt.utf-8,1529,"room. Well, let our name be vengeance. Call Bradshaw.”"
42,The strange case of Dr. Jekyll and Mr. Hyde,"Stevenson, Robert Louis",https://www.gutenberg.org/ebooks/42.txt.utf-8,1530,
42,The strange case of Dr. Jekyll and Mr. Hyde,"Stevenson, Robert Louis",https://www.gutenberg.org/ebooks/42.txt.utf-8,1531,"The footman came at the summons, very white and nervous."
42,The strange case of Dr. Jekyll and Mr. Hyde,"Stevenson, Robert Louis",https://www.gutenberg.org/ebooks/42.txt.utf-8,1532,
42,The strange case of Dr. Jekyll and Mr. Hyde,"Stevenson, Robert Louis",https://www.gutenberg.org/ebooks/42.txt.utf-8,1533,"“Pull yourself together, Bradshaw,” said the lawyer. “This suspense, I"
42,The strange case of Dr. Jekyll and Mr. Hyde,"Stevenson, Robert Louis",https://www.gutenberg.org/ebooks/42.txt.utf-8,1534,"know, is telling upon all of you; but it is now our intention to make"
42,The strange case of Dr. Jekyll and Mr. Hyde,"Stevenson, Robert Louis",https://www.gutenberg.org/ebooks/42.txt.utf-8,1535,"an end of it. Poole, here, and I are going to force our way into the"
42,The strange case of Dr. Jekyll and Mr. Hyde,"Stevenson, Robert Louis",https://www.gutenberg.org/ebooks/42.txt.utf-8,1536,"cabinet. If all is well, my shoulders are broad enough to bear the"
42,The strange case of Dr. Jekyll and Mr. Hyde,"Stevenson, Robert Louis",https://www.gutenberg.org/ebooks/42.txt.utf-8,1537,"blame. Meanwhile, lest anything should really be amiss, or any"
42,The strange case of Dr. Jekyll and Mr. Hyde,"Stevenson, Robert Louis",https://www.gutenberg.org/ebooks/42.txt.utf-8,1538,"malefactor seek to escape by the back, you and the boy must go round"
42,The strange case of Dr. Jekyll and Mr. Hyde,"Stevenson, Robert Louis",https://www.gutenberg.org/ebooks/42.txt.utf-8,1539,the corner with a pair of good sticks and take your post at the
42,The strange case of Dr. Jekyll and Mr. Hyde,"Stevenson, Robert Louis",https://www.gutenberg.org/ebooks/42.txt.utf-8,1540,laboratory door. We give you ten minutes to get to your stations.”
42,The strange case of Dr. Jekyll and Mr. Hyde,"Stevenson, Robert Louis",https://www.gutenberg.org/ebooks/42.txt.utf-8,1541,
42,The strange case of Dr. Jekyll and Mr. Hyde,"Stevenson, Robert Louis",https://www.gutenberg.org/ebooks/42.txt.utf-8,1542,"As Bradshaw left, the lawyer looked at his watch. “And now, Poole, let"
42,The strange case of Dr. Jekyll and Mr. Hyde,"Stevenson, Robert Louis",https://www.gutenberg.org/ebooks/42.txt.utf-8,1543,"us get to ours,” he said; and taking the poker under his arm, led the"
42,The strange case of Dr. Jekyll and Mr. Hyde,"Stevenson, Robert Louis",https://www.gutenberg.org/ebooks/42.txt.utf-8,1544,"way into the yard. The scud had banked over the moon, and it was now"
42,The strange case of Dr. Jekyll and Mr. Hyde,"Stevenson, Robert Louis",https://www.gutenberg.org/ebooks/42.txt.utf-8,1545,"quite dark. The wind, which only broke in puffs and draughts into that"
42,The strange case of Dr. Jekyll and Mr. Hyde,"Stevenson, Robert Louis",https://www.gutenberg.org/ebooks/42.txt.utf-8,1546,"deep well of building, tossed the light of the candle to and fro about"
42,The strange case of Dr. Jekyll and Mr. Hyde,"Stevenson, Robert Louis",https://www.gutenberg.org/ebooks/42.txt.utf-8,1547,"their steps, until they came into the shelter of the theatre, where"
42,The strange case of Dr. Jekyll and Mr. Hyde,"Stevenson, Robert Louis",https://www.gutenberg.org/ebooks/42.txt.utf-8,1548,they sat down silently to wait. London hummed solemnly all around; but
42,The strange case of Dr. Jekyll and Mr. Hyde,"Stevenson, Robert Louis",https://www.gutenberg.org/ebooks/42.txt.utf-8,1549,"nearer at hand, the stillness was only broken by the sounds of a"
42,The strange case of Dr. Jekyll and Mr. Hyde,"Stevenson, Robert Louis",https://www.gutenberg.org/ebooks/42.txt.utf-8,1550,footfall moving to and fro along the cabinet floor.
42,The strange case of Dr. Jekyll and Mr. Hyde,"Stevenson, Robert Louis",https://www.gutenberg.org/ebooks/42.txt.utf-8,1551,
42,The strange case of Dr. Jekyll and Mr. Hyde,"Stevenson, Robert Louis",https://www.gutenberg.org/ebooks/42.txt.utf-8,1552,"“So it will walk all day, sir,” whispered Poole; “ay, and the better"
42,The strange case of Dr. Jekyll and Mr. Hyde,"Stevenson, Robert Louis",https://www.gutenberg.org/ebooks/42.txt.utf-8,1553,"part of the night. Only when a new sample comes from the chemist,"
42,The strange case of Dr. Jekyll and Mr. Hyde,"Stevenson, Robert Louis",https://www.gutenberg.org/ebooks/42.txt.utf-8,1554,"there’s a bit of a break. Ah, it’s an ill conscience that’s such an"
42,The strange case of Dr. Jekyll and Mr. Hyde,"Stevenson, Robert Louis",https://www.gutenberg.org/ebooks/42.txt.utf-8,1555,"enemy to rest! Ah, sir, there’s blood foully shed in every step of it!"
42,The strange case of Dr. Jekyll and Mr. Hyde,"Stevenson, Robert Louis",https://www.gutenberg.org/ebooks/42.txt.utf-8,1556,"But hark again, a little closer—put your heart in your ears, Mr."
42,The strange case of Dr. Jekyll and Mr. Hyde,"Stevenson, Robert Louis",https://www.gutenberg.org/ebooks/42.txt.utf-8,1557,"Utterson, and tell me, is that the doctor’s foot?”"
42,The strange case of Dr. Jekyll and Mr. Hyde,"Stevenson, Robert Louis",https://www.gutenberg.org/ebooks/42.txt.utf-8,1558,
42,The strange case of Dr. Jekyll and Mr. Hyde,"Stevenson, Robert Louis",https://www.gutenberg.org/ebooks/42.txt.utf-8,1559,"The steps fell lightly and oddly, with a certain swing, for all they"
42,The strange case of Dr. Jekyll and Mr. Hyde,"Stevenson, Robert Louis",https://www.gutenberg.org/ebooks/42.txt.utf-8,1560,went so slowly; it was different indeed from the heavy creaking tread
42,The strange case of Dr. Jekyll and Mr. Hyde,"Stevenson, Robert Louis",https://www.gutenberg.org/ebooks/42.txt.utf-8,1561,of Henry Jekyll. Utterson sighed. “Is there never anything else?” he
42,The strange case of Dr. Jekyll and Mr. Hyde,"Stevenson, Robert Louis",https://www.gutenberg.org/ebooks/42.txt.utf-8,1562,asked.
42,The strange case of Dr. Jekyll and Mr. Hyde,"Stevenson, Robert Louis",https://www.gutenberg.org/ebooks/42.txt.utf-8,1563,
42,The strange case of Dr. Jekyll and Mr. Hyde,"Stevenson, Robert Louis",https://www.gutenberg.org/ebooks/42.txt.utf-8,1564,"Poole nodded. “Once,” he said. “Once I heard it weeping!”"
42,The strange case of Dr. Jekyll and Mr. Hyde,"Stevenson, Robert Louis",https://www.gutenberg.org/ebooks/42.txt.utf-8,1565,
42,The strange case of Dr. Jekyll and Mr. Hyde,"Stevenson, Robert Louis",https://www.gutenberg.org/ebooks/42.txt.utf-8,1566,"“Weeping? how that?” said the lawyer, conscious of a sudden chill of"
42,The strange case of Dr. Jekyll and Mr. Hyde,"Stevenson, Robert Louis",https://www.gutenberg.org/ebooks/42.txt.utf-8,1567,horror.
42,The strange case of Dr. Jekyll and Mr. Hyde,"Stevenson, Robert Louis",https://www.gutenberg.org/ebooks/42.txt.utf-8,1568,
42,The strange case of Dr. Jekyll and Mr. Hyde,"Stevenson, Robert Louis",https://www.gutenberg.org/ebooks/42.txt.utf-8,1569,"“Weeping like a woman or a lost soul,” said the butler. “I came away"
42,The strange case of Dr. Jekyll and Mr. Hyde,"Stevenson, Robert Louis",https://www.gutenberg.org/ebooks/42.txt.utf-8,1570,"with that upon my heart, that I could have wept too.”"
42,The strange case of Dr. Jekyll and Mr. Hyde,"Stevenson, Robert Louis",https://www.gutenberg.org/ebooks/42.txt.utf-8,1571,
42,The strange case of Dr. Jekyll and Mr. Hyde,"Stevenson, Robert Louis",https://www.gutenberg.org/ebooks/42.txt.utf-8,1572,But now the ten minutes drew to an end. Poole disinterred the axe from
42,The strange case of Dr. Jekyll and Mr. Hyde,"Stevenson, Robert Louis",https://www.gutenberg.org/ebooks/42.txt.utf-8,1573,under a stack of packing straw; the candle was set upon the nearest
42,The strange case of Dr. Jekyll and Mr. Hyde,"Stevenson, Robert Louis",https://www.gutenberg.org/ebooks/42.txt.utf-8,1574,table to light them to the attack; and they drew near with bated breath
42,The strange case of Dr. Jekyll and Mr. Hyde,"Stevenson, Robert Louis",https://www.gutenberg.org/ebooks/42.txt.utf-8,1575,"to where that patient foot was still going up and down, up and down, in"
42,The strange case of Dr. Jekyll and Mr. Hyde,"Stevenson, Robert Louis",https://www.gutenberg.org/ebooks/42.txt.utf-8,1576,the quiet of the night.
42,The strange case of Dr. Jekyll and Mr. Hyde,"Stevenson, Robert Louis",https://www.gutenberg.org/ebooks/42.txt.utf-8,1577,
42,The strange case of Dr. Jekyll and Mr. Hyde,"Stevenson, Robert Louis",https://www.gutenberg.org/ebooks/42.txt.utf-8,1578,"“Jekyll,” cried Utterson, with a loud voice, “I demand to see you.” He"
42,The strange case of Dr. Jekyll and Mr. Hyde,"Stevenson, Robert Louis",https://www.gutenberg.org/ebooks/42.txt.utf-8,1579,"paused a moment, but there came no reply. “I give you fair warning, our"
42,The strange case of Dr. Jekyll and Mr. Hyde,"Stevenson, Robert Louis",https://www.gutenberg.org/ebooks/42.txt.utf-8,1580,"suspicions are aroused, and I must and shall see you,” he resumed; “if"
42,The strange case of Dr. Jekyll and Mr. Hyde,"Stevenson, Robert Louis",https://www.gutenberg.org/ebooks/42.txt.utf-8,1581,"not by fair means, then by foul! if not of your consent, then by brute"
42,The strange case of Dr. Jekyll and Mr. Hyde,"Stevenson, Robert Louis",https://www.gutenberg.org/ebooks/42.txt.utf-8,1582,force!”
42,The strange case of Dr. Jekyll and Mr. Hyde,"Stevenson, Robert Louis",https://www.gutenberg.org/ebooks/42.txt.utf-8,1583,
42,The strange case of Dr. Jekyll and Mr. Hyde,"Stevenson, Robert Louis",https://www.gutenberg.org/ebooks/42.txt.utf-8,1584,"“Utterson,” said the voice, “for God’s sake, have mercy!”"
42,The strange case of Dr. Jekyll and Mr. Hyde,"Stevenson, Robert Louis",https://www.gutenberg.org/ebooks/42.txt.utf-8,1585,
42,The strange case of Dr. Jekyll and Mr. Hyde,"Stevenson, Robert Louis",https://www.gutenberg.org/ebooks/42.txt.utf-8,1586,"“Ah, that’s not Jekyll’s voice—it’s Hyde’s!” cried Utterson. “Down with"
42,The strange case of Dr. Jekyll and Mr. Hyde,"Stevenson, Robert Louis",https://www.gutenberg.org/ebooks/42.txt.utf-8,1587,"the door, Poole!”"
42,The strange case of Dr. Jekyll and Mr. Hyde,"Stevenson, Robert Louis",https://www.gutenberg.org/ebooks/42.txt.utf-8,1588,
42,The strange case of Dr. Jekyll and Mr. Hyde,"Stevenson, Robert Louis",https://www.gutenberg.org/ebooks/42.txt.utf-8,1589,"Poole swung the axe over his shoulder; the blow shook the building, and"
42,The strange case of Dr. Jekyll and Mr. Hyde,"Stevenson, Robert Louis",https://www.gutenberg.org/ebooks/42.txt.utf-8,1590,the red baize door leaped against the lock and hinges. A dismal
42,The strange case of Dr. Jekyll and Mr. Hyde,"Stevenson, Robert Louis",https://www.gutenberg.org/ebooks/42.txt.utf-8,1591,"screech, as of mere animal terror, rang from the cabinet. Up went the"
42,The strange case of Dr. Jekyll and Mr. Hyde,"Stevenson, Robert Louis",https://www.gutenberg.org/ebooks/42.txt.utf-8,1592,"axe again, and again the panels crashed and the frame bounded; four"
42,The strange case of Dr. Jekyll and Mr. Hyde,"Stevenson, Robert Louis",https://www.gutenberg.org/ebooks/42.txt.utf-8,1593,times the blow fell; but the wood was tough and the fittings were of
42,The strange case of Dr. Jekyll and Mr. Hyde,"Stevenson, Robert Louis",https://www.gutenberg.org/ebooks/42.txt.utf-8,1594,"excellent workmanship; and it was not until the fifth, that the lock"
42,The strange case of Dr. Jekyll and Mr. Hyde,"Stevenson, Robert Louis",https://www.gutenberg.org/ebooks/42.txt.utf-8,1595,burst in sunder and the wreck of the door fell inwards on the carpet.
42,The strange case of Dr. Jekyll and Mr. Hyde,"Stevenson, Robert Louis",https://www.gutenberg.org/ebooks/42.txt.utf-8,1596,
42,The strange case of Dr. Jekyll and Mr. Hyde,"Stevenson, Robert Louis",https://www.gutenberg.org/ebooks/42.txt.utf-8,1597,"The besiegers, appalled by their own riot and the stillness that had"
42,The strange case of Dr. Jekyll and Mr. Hyde,"Stevenson, Robert Louis",https://www.gutenberg.org/ebooks/42.txt.utf-8,1598,"succeeded, stood back a little and peered in. There lay the cabinet"
42,The strange case of Dr. Jekyll and Mr. Hyde,"Stevenson, Robert Louis",https://www.gutenberg.org/ebooks/42.txt.utf-8,1599,"before their eyes in the quiet lamplight, a good fire glowing and"
42,The strange case of Dr. Jekyll and Mr. Hyde,"Stevenson, Robert Louis",https://www.gutenberg.org/ebooks/42.txt.utf-8,1600,"chattering on the hearth, the kettle singing its thin strain, a drawer"
42,The strange case of Dr. Jekyll and Mr. Hyde,"Stevenson, Robert Louis",https://www.gutenberg.org/ebooks/42.txt.utf-8,1601,"or two open, papers neatly set forth on the business-table, and nearer"
42,The strange case of Dr. Jekyll and Mr. Hyde,"Stevenson, Robert Louis",https://www.gutenberg.org/ebooks/42.txt.utf-8,1602,"the fire, the things laid out for tea: the quietest room, you would"
42,The strange case of Dr. Jekyll and Mr. Hyde,"Stevenson, Robert Louis",https://www.gutenberg.org/ebooks/42.txt.utf-8,1603,"have said, and, but for the glazed presses full of chemicals, the most"
42,The strange case of Dr. Jekyll and Mr. Hyde,"Stevenson, Robert Louis",https://www.gutenberg.org/ebooks/42.txt.utf-8,1604,commonplace that night in London.
42,The strange case of Dr. Jekyll and Mr. Hyde,"Stevenson, Robert Louis",https://www.gutenberg.org/ebooks/42.txt.utf-8,1605,
42,The strange case of Dr. Jekyll and Mr. Hyde,"Stevenson, Robert Louis",https://www.gutenberg.org/ebooks/42.txt.utf-8,1606,Right in the midst there lay the body of a man sorely contorted and
42,The strange case of Dr. Jekyll and Mr. Hyde,"Stevenson, Robert Louis",https://www.gutenberg.org/ebooks/42.txt.utf-8,1607,"still twitching. They drew near on tiptoe, turned it on its back and"
42,The strange case of Dr. Jekyll and Mr. Hyde,"Stevenson, Robert Louis",https://www.gutenberg.org/ebooks/42.txt.utf-8,1608,beheld the face of Edward Hyde. He was dressed in clothes far too large
42,The strange case of Dr. Jekyll and Mr. Hyde,"Stevenson, Robert Louis",https://www.gutenberg.org/ebooks/42.txt.utf-8,1609,"for him, clothes of the doctor’s bigness; the cords of his face still"
42,The strange case of Dr. Jekyll and Mr. Hyde,"Stevenson, Robert Louis",https://www.gutenberg.org/ebooks/42.txt.utf-8,1610,"moved with a semblance of life, but life was quite gone; and by the"
42,The strange case of Dr. Jekyll and Mr. Hyde,"Stevenson, Robert Louis",https://www.gutenberg.org/ebooks/42.txt.utf-8,1611,crushed phial in the hand and the strong smell of kernels that hung
42,The strange case of Dr. Jekyll and Mr. Hyde,"Stevenson, Robert Louis",https://www.gutenberg.org/ebooks/42.txt.utf-8,1612,"upon the air, Utterson knew that he was looking on the body of a"
42,The strange case of Dr. Jekyll and Mr. Hyde,"Stevenson, Robert Louis",https://www.gutenberg.org/ebooks/42.txt.utf-8,1613,self-destroyer.
42,The strange case of Dr. Jekyll and Mr. Hyde,"Stevenson, Robert Louis",https://www.gutenberg.org/ebooks/42.txt.utf-8,1614,
42,The strange case of Dr. Jekyll and Mr. Hyde,"Stevenson, Robert Louis",https://www.gutenberg.org/ebooks/42.txt.utf-8,1615,"“We have come too late,” he said sternly, “whether to save or punish."
42,The strange case of Dr. Jekyll and Mr. Hyde,"Stevenson, Robert Louis",https://www.gutenberg.org/ebooks/42.txt.utf-8,1616,Hyde is gone to his account; and it only remains for us to find the
42,The strange case of Dr. Jekyll and Mr. Hyde,"Stevenson, Robert Louis",https://www.gutenberg.org/ebooks/42.txt.utf-8,1617,body of your master.”
42,The strange case of Dr. Jekyll and Mr. Hyde,"Stevenson, Robert Louis",https://www.gutenberg.org/ebooks/42.txt.utf-8,1618,
42,The strange case of Dr. Jekyll and Mr. Hyde,"Stevenson, Robert Louis",https://www.gutenberg.org/ebooks/42.txt.utf-8,1619,"The far greater proportion of the building was occupied by the theatre,"
42,The strange case of Dr. Jekyll and Mr. Hyde,"Stevenson, Robert Louis",https://www.gutenberg.org/ebooks/42.txt.utf-8,1620,"which filled almost the whole ground story and was lighted from above,"
42,The strange case of Dr. Jekyll and Mr. Hyde,"Stevenson, Robert Louis",https://www.gutenberg.org/ebooks/42.txt.utf-8,1621,"and by the cabinet, which formed an upper story at one end and looked"
42,The strange case of Dr. Jekyll and Mr. Hyde,"Stevenson, Robert Louis",https://www.gutenberg.org/ebooks/42.txt.utf-8,1622,upon the court. A corridor joined the theatre to the door on the
42,The strange case of Dr. Jekyll and Mr. Hyde,"Stevenson, Robert Louis",https://www.gutenberg.org/ebooks/42.txt.utf-8,1623,by-street; and with this the cabinet communicated separately by a
42,The strange case of Dr. Jekyll and Mr. Hyde,"Stevenson, Robert Louis",https://www.gutenberg.org/ebooks/42.txt.utf-8,1624,second flight of stairs. There were besides a few dark closets and a
42,The strange case of Dr. Jekyll and Mr. Hyde,"Stevenson, Robert Louis",https://www.gutenberg.org/ebooks/42.txt.utf-8,1625,spacious cellar. All these they now thoroughly examined. Each closet
42,The strange case of Dr. Jekyll and Mr. Hyde,"Stevenson, Robert Louis",https://www.gutenberg.org/ebooks/42.txt.utf-8,1626,"needed but a glance, for all were empty, and all, by the dust that fell"
42,The strange case of Dr. Jekyll and Mr. Hyde,"Stevenson, Robert Louis",https://www.gutenberg.org/ebooks/42.txt.utf-8,1627,"from their doors, had stood long unopened. The cellar, indeed, was"
42,The strange case of Dr. Jekyll and Mr. Hyde,"Stevenson, Robert Louis",https://www.gutenberg.org/ebooks/42.txt.utf-8,1628,"filled with crazy lumber, mostly dating from the times of the surgeon"
42,The strange case of Dr. Jekyll and Mr. Hyde,"Stevenson, Robert Louis",https://www.gutenberg.org/ebooks/42.txt.utf-8,1629,who was Jekyll’s predecessor; but even as they opened the door they
42,The strange case of Dr. Jekyll and Mr. Hyde,"Stevenson, Robert Louis",https://www.gutenberg.org/ebooks/42.txt.utf-8,1630,"were advertised of the uselessness of further search, by the fall of a"
42,The strange case of Dr. Jekyll and Mr. Hyde,"Stevenson, Robert Louis",https://www.gutenberg.org/ebooks/42.txt.utf-8,1631,perfect mat of cobweb which had for years sealed up the entrance.
42,The strange case of Dr. Jekyll and Mr. Hyde,"Stevenson, Robert Louis",https://www.gutenberg.org/ebooks/42.txt.utf-8,1632,"Nowhere was there any trace of Henry Jekyll, dead or alive."
42,The strange case of Dr. Jekyll and Mr. Hyde,"Stevenson, Robert Louis",https://www.gutenberg.org/ebooks/42.txt.utf-8,1633,
42,The strange case of Dr. Jekyll and Mr. Hyde,"Stevenson, Robert Louis",https://www.gutenberg.org/ebooks/42.txt.utf-8,1634,"Poole stamped on the flags of the corridor. “He must be buried here,”"
42,The strange case of Dr. Jekyll and Mr. Hyde,"Stevenson, Robert Louis",https://www.gutenberg.org/ebooks/42.txt.utf-8,1635,"he said, hearkening to the sound."
42,The strange case of Dr. Jekyll and Mr. Hyde,"Stevenson, Robert Louis",https://www.gutenberg.org/ebooks/42.txt.utf-8,1636,
42,The strange case of Dr. Jekyll and Mr. Hyde,"Stevenson, Robert Louis",https://www.gutenberg.org/ebooks/42.txt.utf-8,1637,"“Or he may have fled,” said Utterson, and he turned to examine the door"
42,The strange case of Dr. Jekyll and Mr. Hyde,"Stevenson, Robert Louis",https://www.gutenberg.org/ebooks/42.txt.utf-8,1638,"in the by-street. It was locked; and lying near by on the flags, they"
42,The strange case of Dr. Jekyll and Mr. Hyde,"Stevenson, Robert Louis",https://www.gutenberg.org/ebooks/42.txt.utf-8,1639,"found the key, already stained with rust."
42,The strange case of Dr. Jekyll and Mr. Hyde,"Stevenson, Robert Louis",https://www.gutenberg.org/ebooks/42.txt.utf-8,1640,
42,The strange case of Dr. Jekyll and Mr. Hyde,"Stevenson, Robert Louis",https://www.gutenberg.org/ebooks/42.txt.utf-8,1641,"“This does not look like use,” observed the lawyer."
42,The strange case of Dr. Jekyll and Mr. Hyde,"Stevenson, Robert Louis",https://www.gutenberg.org/ebooks/42.txt.utf-8,1642,
42,The strange case of Dr. Jekyll and Mr. Hyde,"Stevenson, Robert Louis",https://www.gutenberg.org/ebooks/42.txt.utf-8,1643,"“Use!” echoed Poole. “Do you not see, sir, it is broken? much as if a"
42,The strange case of Dr. Jekyll and Mr. Hyde,"Stevenson, Robert Louis",https://www.gutenberg.org/ebooks/42.txt.utf-8,1644,man had stamped on it.”
42,The strange case of Dr. Jekyll and Mr. Hyde,"Stevenson, Robert Louis",https://www.gutenberg.org/ebooks/42.txt.utf-8,1645,
42,The strange case of Dr. Jekyll and Mr. Hyde,"Stevenson, Robert Louis",https://www.gutenberg.org/ebooks/42.txt.utf-8,1646,"“Ay,” continued Utterson, “and the fractures, too, are rusty.” The two"
42,The strange case of Dr. Jekyll and Mr. Hyde,"Stevenson, Robert Louis",https://www.gutenberg.org/ebooks/42.txt.utf-8,1647,"men looked at each other with a scare. “This is beyond me, Poole,” said"
42,The strange case of Dr. Jekyll and Mr. Hyde,"Stevenson, Robert Louis",https://www.gutenberg.org/ebooks/42.txt.utf-8,1648,the lawyer. “Let us go back to the cabinet.”
42,The strange case of Dr. Jekyll and Mr. Hyde,"Stevenson, Robert Louis",https://www.gutenberg.org/ebooks/42.txt.utf-8,1649,
42,The strange case of Dr. Jekyll and Mr. Hyde,"Stevenson, Robert Louis",https://www.gutenberg.org/ebooks/42.txt.utf-8,1650,"They mounted the stair in silence, and still with an occasional"
42,The strange case of Dr. Jekyll and Mr. Hyde,"Stevenson, Robert Louis",https://www.gutenberg.org/ebooks/42.txt.utf-8,1651,"awe-struck glance at the dead body, proceeded more thoroughly to"
42,The strange case of Dr. Jekyll and Mr. Hyde,"Stevenson, Robert Louis",https://www.gutenberg.org/ebooks/42.txt.utf-8,1652,"examine the contents of the cabinet. At one table, there were traces of"
42,The strange case of Dr. Jekyll and Mr. Hyde,"Stevenson, Robert Louis",https://www.gutenberg.org/ebooks/42.txt.utf-8,1653,"chemical work, various measured heaps of some white salt being laid on"
42,The strange case of Dr. Jekyll and Mr. Hyde,"Stevenson, Robert Louis",https://www.gutenberg.org/ebooks/42.txt.utf-8,1654,"glass saucers, as though for an experiment in which the unhappy man had"
42,The strange case of Dr. Jekyll and Mr. Hyde,"Stevenson, Robert Louis",https://www.gutenberg.org/ebooks/42.txt.utf-8,1655,been prevented.
42,The strange case of Dr. Jekyll and Mr. Hyde,"Stevenson, Robert Louis",https://www.gutenberg.org/ebooks/42.txt.utf-8,1656,
42,The strange case of Dr. Jekyll and Mr. Hyde,"Stevenson, Robert Louis",https://www.gutenberg.org/ebooks/42.txt.utf-8,1657,"“That is the same drug that I was always bringing him,” said Poole; and"
42,The strange case of Dr. Jekyll and Mr. Hyde,"Stevenson, Robert Louis",https://www.gutenberg.org/ebooks/42.txt.utf-8,1658,"even as he spoke, the kettle with a startling noise boiled over."
42,The strange case of Dr. Jekyll and Mr. Hyde,"Stevenson, Robert Louis",https://www.gutenberg.org/ebooks/42.txt.utf-8,1659,
42,The strange case of Dr. Jekyll and Mr. Hyde,"Stevenson, Robert Louis",https://www.gutenberg.org/ebooks/42.txt.utf-8,1660,"This brought them to the fireside, where the easy-chair was drawn"
42,The strange case of Dr. Jekyll and Mr. Hyde,"Stevenson, Robert Louis",https://www.gutenberg.org/ebooks/42.txt.utf-8,1661,"cosily up, and the tea-things stood ready to the sitter’s elbow, the"
42,The strange case of Dr. Jekyll and Mr. Hyde,"Stevenson, Robert Louis",https://www.gutenberg.org/ebooks/42.txt.utf-8,1662,very sugar in the cup. There were several books on a shelf; one lay
42,The strange case of Dr. Jekyll and Mr. Hyde,"Stevenson, Robert Louis",https://www.gutenberg.org/ebooks/42.txt.utf-8,1663,"beside the tea-things open, and Utterson was amazed to find it a copy"
42,The strange case of Dr. Jekyll and Mr. Hyde,"Stevenson, Robert Louis",https://www.gutenberg.org/ebooks/42.txt.utf-8,1664,"of a pious work, for which Jekyll had several times expressed a great"
42,The strange case of Dr. Jekyll and Mr. Hyde,"Stevenson, Robert Louis",https://www.gutenberg.org/ebooks/42.txt.utf-8,1665,"esteem, annotated, in his own hand, with startling blasphemies."
42,The strange case of Dr. Jekyll and Mr. Hyde,"Stevenson, Robert Louis",https://www.gutenberg.org/ebooks/42.txt.utf-8,1666,
42,The strange case of Dr. Jekyll and Mr. Hyde,"Stevenson, Robert Louis",https://www.gutenberg.org/ebooks/42.txt.utf-8,1667,"Next, in the course of their review of the chamber, the searchers came"
42,The strange case of Dr. Jekyll and Mr. Hyde,"Stevenson, Robert Louis",https://www.gutenberg.org/ebooks/42.txt.utf-8,1668,"to the cheval glass, into whose depths they looked with an involuntary"
42,The strange case of Dr. Jekyll and Mr. Hyde,"Stevenson, Robert Louis",https://www.gutenberg.org/ebooks/42.txt.utf-8,1669,horror. But it was so turned as to show them nothing but the rosy glow
42,The strange case of Dr. Jekyll and Mr. Hyde,"Stevenson, Robert Louis",https://www.gutenberg.org/ebooks/42.txt.utf-8,1670,"playing on the roof, the fire sparkling in a hundred repetitions along"
42,The strange case of Dr. Jekyll and Mr. Hyde,"Stevenson, Robert Louis",https://www.gutenberg.org/ebooks/42.txt.utf-8,1671,"the glazed front of the presses, and their own pale and fearful"
42,The strange case of Dr. Jekyll and Mr. Hyde,"Stevenson, Robert Louis",https://www.gutenberg.org/ebooks/42.txt.utf-8,1672,countenances stooping to look in.
42,The strange case of Dr. Jekyll and Mr. Hyde,"Stevenson, Robert Louis",https://www.gutenberg.org/ebooks/42.txt.utf-8,1673,
42,The strange case of Dr. Jekyll and Mr. Hyde,"Stevenson, Robert Louis",https://www.gutenberg.org/ebooks/42.txt.utf-8,1674,"“This glass have seen some strange things, sir,” whispered Poole."
42,The strange case of Dr. Jekyll and Mr. Hyde,"Stevenson, Robert Louis",https://www.gutenberg.org/ebooks/42.txt.utf-8,1675,
42,The strange case of Dr. Jekyll and Mr. Hyde,"Stevenson, Robert Louis",https://www.gutenberg.org/ebooks/42.txt.utf-8,1676,"“And surely none stranger than itself,” echoed the lawyer in the same"
42,The strange case of Dr. Jekyll and Mr. Hyde,"Stevenson, Robert Louis",https://www.gutenberg.org/ebooks/42.txt.utf-8,1677,tones. “For what did Jekyll”—he caught himself up at the word with a
42,The strange case of Dr. Jekyll and Mr. Hyde,"Stevenson, Robert Louis",https://www.gutenberg.org/ebooks/42.txt.utf-8,1678,"start, and then conquering the weakness—“what could Jekyll want with"
42,The strange case of Dr. Jekyll and Mr. Hyde,"Stevenson, Robert Louis",https://www.gutenberg.org/ebooks/42.txt.utf-8,1679,it?” he said.
42,The strange case of Dr. Jekyll and Mr. Hyde,"Stevenson, Robert Louis",https://www.gutenberg.org/ebooks/42.txt.utf-8,1680,
42,The strange case of Dr. Jekyll and Mr. Hyde,"Stevenson, Robert Louis",https://www.gutenberg.org/ebooks/42.txt.utf-8,1681,“You may say that!” said Poole. Next they turned to the business-table.
42,The strange case of Dr. Jekyll and Mr. Hyde,"Stevenson, Robert Louis",https://www.gutenberg.org/ebooks/42.txt.utf-8,1682,"On the desk among the neat array of papers, a large envelope was"
42,The strange case of Dr. Jekyll and Mr. Hyde,"Stevenson, Robert Louis",https://www.gutenberg.org/ebooks/42.txt.utf-8,1683,"uppermost, and bore, in the doctor’s hand, the name of Mr. Utterson."
42,The strange case of Dr. Jekyll and Mr. Hyde,"Stevenson, Robert Louis",https://www.gutenberg.org/ebooks/42.txt.utf-8,1684,"The lawyer unsealed it, and several enclosures fell to the floor. The"
42,The strange case of Dr. Jekyll and Mr. Hyde,"Stevenson, Robert Louis",https://www.gutenberg.org/ebooks/42.txt.utf-8,1685,"first was a will, drawn in the same eccentric terms as the one which he"
42,The strange case of Dr. Jekyll and Mr. Hyde,"Stevenson, Robert Louis",https://www.gutenberg.org/ebooks/42.txt.utf-8,1686,"had returned six months before, to serve as a testament in case of"
42,The strange case of Dr. Jekyll and Mr. Hyde,"Stevenson, Robert Louis",https://www.gutenberg.org/ebooks/42.txt.utf-8,1687,"death and as a deed of gift in case of disappearance; but, in place of"
42,The strange case of Dr. Jekyll and Mr. Hyde,"Stevenson, Robert Louis",https://www.gutenberg.org/ebooks/42.txt.utf-8,1688,"the name of Edward Hyde, the lawyer, with indescribable amazement, read"
42,The strange case of Dr. Jekyll and Mr. Hyde,"Stevenson, Robert Louis",https://www.gutenberg.org/ebooks/42.txt.utf-8,1689,"the name of Gabriel John Utterson. He looked at Poole, and then back at"
42,The strange case of Dr. Jekyll and Mr. Hyde,"Stevenson, Robert Louis",https://www.gutenberg.org/ebooks/42.txt.utf-8,1690,"the paper, and last of all at the dead malefactor stretched upon the"
42,The strange case of Dr. Jekyll and Mr. Hyde,"Stevenson, Robert Louis",https://www.gutenberg.org/ebooks/42.txt.utf-8,1691,carpet.
42,The strange case of Dr. Jekyll and Mr. Hyde,"Stevenson, Robert Louis",https://www.gutenberg.org/ebooks/42.txt.utf-8,1692,
42,The strange case of Dr. Jekyll and Mr. Hyde,"Stevenson, Robert Louis",https://www.gutenberg.org/ebooks/42.txt.utf-8,1693,"“My head goes round,” he said. “He has been all these days in"
42,The strange case of Dr. Jekyll and Mr. Hyde,"Stevenson, Robert Louis",https://www.gutenberg.org/ebooks/42.txt.utf-8,1694,possession; he had no cause to like me; he must have raged to see
42,The strange case of Dr. Jekyll and Mr. Hyde,"Stevenson, Robert Louis",https://www.gutenberg.org/ebooks/42.txt.utf-8,1695,himself displaced; and he has not destroyed this document.”
42,The strange case of Dr. Jekyll and Mr. Hyde,"Stevenson, Robert Louis",https://www.gutenberg.org/ebooks/42.txt.utf-8,1696,
42,The strange case of Dr. Jekyll and Mr. Hyde,"Stevenson, Robert Louis",https://www.gutenberg.org/ebooks/42.txt.utf-8,1697,He caught up the next paper; it was a brief note in the doctor’s hand
42,The strange case of Dr. Jekyll and Mr. Hyde,"Stevenson, Robert Louis",https://www.gutenberg.org/ebooks/42.txt.utf-8,1698,"and dated at the top. “O Poole!” the lawyer cried, “he was alive and"
42,The strange case of Dr. Jekyll and Mr. Hyde,"Stevenson, Robert Louis",https://www.gutenberg.org/ebooks/42.txt.utf-8,1699,"here this day. He cannot have been disposed of in so short a space, he"
42,The strange case of Dr. Jekyll and Mr. Hyde,"Stevenson, Robert Louis",https://www.gutenberg.org/ebooks/42.txt.utf-8,1700,"must be still alive, he must have fled! And then, why fled? and how?"
42,The strange case of Dr. Jekyll and Mr. Hyde,"Stevenson, Robert Louis",https://www.gutenberg.org/ebooks/42.txt.utf-8,1701,"and in that case, can we venture to declare this suicide? Oh, we must"
42,The strange case of Dr. Jekyll and Mr. Hyde,"Stevenson, Robert Louis",https://www.gutenberg.org/ebooks/42.txt.utf-8,1702,be careful. I foresee that we may yet involve your master in some dire
42,The strange case of Dr. Jekyll and Mr. Hyde,"Stevenson, Robert Louis",https://www.gutenberg.org/ebooks/42.txt.utf-8,1703,catastrophe.”
42,The strange case of Dr. Jekyll and Mr. Hyde,"Stevenson, Robert Louis",https://www.gutenberg.org/ebooks/42.txt.utf-8,1704,
42,The strange case of Dr. Jekyll and Mr. Hyde,"Stevenson, Robert Louis",https://www.gutenberg.org/ebooks/42.txt.utf-8,1705,"“Why don’t you read it, sir?” asked Poole."
42,The strange case of Dr. Jekyll and Mr. Hyde,"Stevenson, Robert Louis",https://www.gutenberg.org/ebooks/42.txt.utf-8,1706,
42,The strange case of Dr. Jekyll and Mr. Hyde,"Stevenson, Robert Louis",https://www.gutenberg.org/ebooks/42.txt.utf-8,1707,"“Because I fear,” replied the lawyer solemnly. “God grant I have no"
42,The strange case of Dr. Jekyll and Mr. Hyde,"Stevenson, Robert Louis",https://www.gutenberg.org/ebooks/42.txt.utf-8,1708,cause for it!” And with that he brought the paper to his eyes and read
42,The strange case of Dr. Jekyll and Mr. Hyde,"Stevenson, Robert Louis",https://www.gutenberg.org/ebooks/42.txt.utf-8,1709,as follows:
42,The strange case of Dr. Jekyll and Mr. Hyde,"Stevenson, Robert Louis",https://www.gutenberg.org/ebooks/42.txt.utf-8,1710,
42,The strange case of Dr. Jekyll and Mr. Hyde,"Stevenson, Robert Louis",https://www.gutenberg.org/ebooks/42.txt.utf-8,1711,"“My dear Utterson,—When this shall fall into your hands, I shall have"
42,The strange case of Dr. Jekyll and Mr. Hyde,"Stevenson, Robert Louis",https://www.gutenberg.org/ebooks/42.txt.utf-8,1712,"disappeared, under what circumstances I have not the penetration to"
42,The strange case of Dr. Jekyll and Mr. Hyde,"Stevenson, Robert Louis",https://www.gutenberg.org/ebooks/42.txt.utf-8,1713,"foresee, but my instinct and all the circumstances of my nameless"
42,The strange case of Dr. Jekyll and Mr. Hyde,"Stevenson, Robert Louis",https://www.gutenberg.org/ebooks/42.txt.utf-8,1714,"situation tell me that the end is sure and must be early. Go then, and"
42,The strange case of Dr. Jekyll and Mr. Hyde,"Stevenson, Robert Louis",https://www.gutenberg.org/ebooks/42.txt.utf-8,1715,first read the narrative which Lanyon warned me he was to place in your
42,The strange case of Dr. Jekyll and Mr. Hyde,"Stevenson, Robert Louis",https://www.gutenberg.org/ebooks/42.txt.utf-8,1716,"hands; and if you care to hear more, turn to the confession of"
42,The strange case of Dr. Jekyll and Mr. Hyde,"Stevenson, Robert Louis",https://www.gutenberg.org/ebooks/42.txt.utf-8,1717,
42,The strange case of Dr. Jekyll and Mr. Hyde,"Stevenson, Robert Louis",https://www.gutenberg.org/ebooks/42.txt.utf-8,1718,
42,The strange case of Dr. Jekyll and Mr. Hyde,"Stevenson, Robert Louis",https://www.gutenberg.org/ebooks/42.txt.utf-8,1719,"“Your unworthy and unhappy friend,"
42,The strange case of Dr. Jekyll and Mr. Hyde,"Stevenson, Robert Louis",https://www.gutenberg.org/ebooks/42.txt.utf-8,1720,“HENRY JEKYLL.”
42,The strange case of Dr. Jekyll and Mr. Hyde,"Stevenson, Robert Louis",https://www.gutenberg.org/ebooks/42.txt.utf-8,1721,
42,The strange case of Dr. Jekyll and Mr. Hyde,"Stevenson, Robert Louis",https://www.gutenberg.org/ebooks/42.txt.utf-8,1722,
42,The strange case of Dr. Jekyll and Mr. Hyde,"Stevenson, Robert Louis",https://www.gutenberg.org/ebooks/42.txt.utf-8,1723,“There was a third enclosure?” asked Utterson.
42,The strange case of Dr. Jekyll and Mr. Hyde,"Stevenson, Robert Louis",https://www.gutenberg.org/ebooks/42.txt.utf-8,1724,
42,The strange case of Dr. Jekyll and Mr. Hyde,"Stevenson, Robert Louis",https://www.gutenberg.org/ebooks/42.txt.utf-8,1725,"“Here, sir,” said Poole, and gave into his hands a considerable packet"
42,The strange case of Dr. Jekyll and Mr. Hyde,"Stevenson, Robert Louis",https://www.gutenberg.org/ebooks/42.txt.utf-8,1726,sealed in several places.
42,The strange case of Dr. Jekyll and Mr. Hyde,"Stevenson, Robert Louis",https://www.gutenberg.org/ebooks/42.txt.utf-8,1727,
42,The strange case of Dr. Jekyll and Mr. Hyde,"Stevenson, Robert Louis",https://www.gutenberg.org/ebooks/42.txt.utf-8,1728,The lawyer put it in his pocket. “I would say nothing of this paper. If
42,The strange case of Dr. Jekyll and Mr. Hyde,"Stevenson, Robert Louis",https://www.gutenberg.org/ebooks/42.txt.utf-8,1729,"your master has fled or is dead, we may at least save his credit. It is"
42,The strange case of Dr. Jekyll and Mr. Hyde,"Stevenson, Robert Louis",https://www.gutenberg.org/ebooks/42.txt.utf-8,1730,now ten; I must go home and read these documents in quiet; but I shall
42,The strange case of Dr. Jekyll and Mr. Hyde,"Stevenson, Robert Louis",https://www.gutenberg.org/ebooks/42.txt.utf-8,1731,"be back before midnight, when we shall send for the police.”"
42,The strange case of Dr. Jekyll and Mr. Hyde,"Stevenson, Robert Louis",https://www.gutenberg.org/ebooks/42.txt.utf-8,1732,
42,The strange case of Dr. Jekyll and Mr. Hyde,"Stevenson, Robert Louis",https://www.gutenberg.org/ebooks/42.txt.utf-8,1733,"They went out, locking the door of the theatre behind them; and"
42,The strange case of Dr. Jekyll and Mr. Hyde,"Stevenson, Robert Louis",https://www.gutenberg.org/ebooks/42.txt.utf-8,1734,"Utterson, once more leaving the servants gathered about the fire in the"
42,The strange case of Dr. Jekyll and Mr. Hyde,"Stevenson, Robert Louis",https://www.gutenberg.org/ebooks/42.txt.utf-8,1735,"hall, trudged back to his office to read the two narratives in which"
42,The strange case of Dr. Jekyll and Mr. Hyde,"Stevenson, Robert Louis",https://www.gutenberg.org/ebooks/42.txt.utf-8,1736,this mystery was now to be explained.
42,The strange case of Dr. Jekyll and Mr. Hyde,"Stevenson, Robert Louis",https://www.gutenberg.org/ebooks/42.txt.utf-8,1737,
42,The strange case of Dr. Jekyll and Mr. Hyde,"Stevenson, Robert Louis",https://www.gutenberg.org/ebooks/42.txt.utf-8,1738,
42,The strange case of Dr. Jekyll and Mr. Hyde,"Stevenson, Robert Louis",https://www.gutenberg.org/ebooks/42.txt.utf-8,1739,
42,The strange case of Dr. Jekyll and Mr. Hyde,"Stevenson, Robert Louis",https://www.gutenberg.org/ebooks/42.txt.utf-8,1740,
42,The strange case of Dr. Jekyll and Mr. Hyde,"Stevenson, Robert Louis",https://www.gutenberg.org/ebooks/42.txt.utf-8,1741,DR. LANYON’S NARRATIVE
42,The strange case of Dr. Jekyll and Mr. Hyde,"Stevenson, Robert Louis",https://www.gutenberg.org/ebooks/42.txt.utf-8,1742,
42,The strange case of Dr. Jekyll and Mr. Hyde,"Stevenson, Robert Louis",https://www.gutenberg.org/ebooks/42.txt.utf-8,1743,
42,The strange case of Dr. Jekyll and Mr. Hyde,"Stevenson, Robert Louis",https://www.gutenberg.org/ebooks/42.txt.utf-8,1744,"On the ninth of January, now four days ago, I received by the evening"
42,The strange case of Dr. Jekyll and Mr. Hyde,"Stevenson, Robert Louis",https://www.gutenberg.org/ebooks/42.txt.utf-8,1745,"delivery a registered envelope, addressed in the hand of my colleague"
42,The strange case of Dr. Jekyll and Mr. Hyde,"Stevenson, Robert Louis",https://www.gutenberg.org/ebooks/42.txt.utf-8,1746,"and old school-companion, Henry Jekyll. I was a good deal surprised by"
42,The strange case of Dr. Jekyll and Mr. Hyde,"Stevenson, Robert Louis",https://www.gutenberg.org/ebooks/42.txt.utf-8,1747,this; for we were by no means in the habit of correspondence; I had
42,The strange case of Dr. Jekyll and Mr. Hyde,"Stevenson, Robert Louis",https://www.gutenberg.org/ebooks/42.txt.utf-8,1748,"seen the man, dined with him, indeed, the night before; and I could"
42,The strange case of Dr. Jekyll and Mr. Hyde,"Stevenson, Robert Louis",https://www.gutenberg.org/ebooks/42.txt.utf-8,1749,imagine nothing in our intercourse that should justify formality of
42,The strange case of Dr. Jekyll and Mr. Hyde,"Stevenson, Robert Louis",https://www.gutenberg.org/ebooks/42.txt.utf-8,1750,registration. The contents increased my wonder; for this is how the
42,The strange case of Dr. Jekyll and Mr. Hyde,"Stevenson, Robert Louis",https://www.gutenberg.org/ebooks/42.txt.utf-8,1751,letter ran:
42,The strange case of Dr. Jekyll and Mr. Hyde,"Stevenson, Robert Louis",https://www.gutenberg.org/ebooks/42.txt.utf-8,1752,
42,The strange case of Dr. Jekyll and Mr. Hyde,"Stevenson, Robert Louis",https://www.gutenberg.org/ebooks/42.txt.utf-8,1753,"“10th December, 18——"
42,The strange case of Dr. Jekyll and Mr. Hyde,"Stevenson, Robert Louis",https://www.gutenberg.org/ebooks/42.txt.utf-8,1754,
42,The strange case of Dr. Jekyll and Mr. Hyde,"Stevenson, Robert Louis",https://www.gutenberg.org/ebooks/42.txt.utf-8,1755,
42,The strange case of Dr. Jekyll and Mr. Hyde,"Stevenson, Robert Louis",https://www.gutenberg.org/ebooks/42.txt.utf-8,1756,"“Dear Lanyon,—You are one of my oldest friends; and although we may"
42,The strange case of Dr. Jekyll and Mr. Hyde,"Stevenson, Robert Louis",https://www.gutenberg.org/ebooks/42.txt.utf-8,1757,"have differed at times on scientific questions, I cannot remember, at"
42,The strange case of Dr. Jekyll and Mr. Hyde,"Stevenson, Robert Louis",https://www.gutenberg.org/ebooks/42.txt.utf-8,1758,"least on my side, any break in our affection. There was never a day"
42,The strange case of Dr. Jekyll and Mr. Hyde,"Stevenson, Robert Louis",https://www.gutenberg.org/ebooks/42.txt.utf-8,1759,"when, if you had said to me, ‘Jekyll, my life, my honour, my reason,"
42,The strange case of Dr. Jekyll and Mr. Hyde,"Stevenson, Robert Louis",https://www.gutenberg.org/ebooks/42.txt.utf-8,1760,"depend upon you,’ I would not have sacrificed my left hand to help you."
42,The strange case of Dr. Jekyll and Mr. Hyde,"Stevenson, Robert Louis",https://www.gutenberg.org/ebooks/42.txt.utf-8,1761,"Lanyon, my life, my honour my reason, are all at your mercy; if you"
42,The strange case of Dr. Jekyll and Mr. Hyde,"Stevenson, Robert Louis",https://www.gutenberg.org/ebooks/42.txt.utf-8,1762,"fail me to-night I am lost. You might suppose, after this preface, that"
42,The strange case of Dr. Jekyll and Mr. Hyde,"Stevenson, Robert Louis",https://www.gutenberg.org/ebooks/42.txt.utf-8,1763,I am going to ask you for something dishonourable to grant. Judge for
42,The strange case of Dr. Jekyll and Mr. Hyde,"Stevenson, Robert Louis",https://www.gutenberg.org/ebooks/42.txt.utf-8,1764,yourself.
42,The strange case of Dr. Jekyll and Mr. Hyde,"Stevenson, Robert Louis",https://www.gutenberg.org/ebooks/42.txt.utf-8,1765,
42,The strange case of Dr. Jekyll and Mr. Hyde,"Stevenson, Robert Louis",https://www.gutenberg.org/ebooks/42.txt.utf-8,1766,"“I want you to postpone all other engagements for to-night—ay, even if"
42,The strange case of Dr. Jekyll and Mr. Hyde,"Stevenson, Robert Louis",https://www.gutenberg.org/ebooks/42.txt.utf-8,1767,"you were summoned to the bedside of an emperor; to take a cab, unless"
42,The strange case of Dr. Jekyll and Mr. Hyde,"Stevenson, Robert Louis",https://www.gutenberg.org/ebooks/42.txt.utf-8,1768,your carriage should be actually at the door; and with this letter in
42,The strange case of Dr. Jekyll and Mr. Hyde,"Stevenson, Robert Louis",https://www.gutenberg.org/ebooks/42.txt.utf-8,1769,"your hand for consultation, to drive straight to my house. Poole, my"
42,The strange case of Dr. Jekyll and Mr. Hyde,"Stevenson, Robert Louis",https://www.gutenberg.org/ebooks/42.txt.utf-8,1770,"butler, has his orders; you will find, him waiting your arrival with a"
42,The strange case of Dr. Jekyll and Mr. Hyde,"Stevenson, Robert Louis",https://www.gutenberg.org/ebooks/42.txt.utf-8,1771,locksmith. The door of my cabinet is then to be forced: and you are to
42,The strange case of Dr. Jekyll and Mr. Hyde,"Stevenson, Robert Louis",https://www.gutenberg.org/ebooks/42.txt.utf-8,1772,"go in alone; to open the glazed press (letter E) on the left hand,"
42,The strange case of Dr. Jekyll and Mr. Hyde,"Stevenson, Robert Louis",https://www.gutenberg.org/ebooks/42.txt.utf-8,1773,"breaking the lock if it be shut; and to draw out, _with all its"
42,The strange case of Dr. Jekyll and Mr. Hyde,"Stevenson, Robert Louis",https://www.gutenberg.org/ebooks/42.txt.utf-8,1774,"contents as they stand_, the fourth drawer from the top or (which is"
42,The strange case of Dr. Jekyll and Mr. Hyde,"Stevenson, Robert Louis",https://www.gutenberg.org/ebooks/42.txt.utf-8,1775,the same thing) the third from the bottom. In my extreme distress of
42,The strange case of Dr. Jekyll and Mr. Hyde,"Stevenson, Robert Louis",https://www.gutenberg.org/ebooks/42.txt.utf-8,1776,"wind, I have a morbid fear of misdirecting you; but even if I am in"
42,The strange case of Dr. Jekyll and Mr. Hyde,"Stevenson, Robert Louis",https://www.gutenberg.org/ebooks/42.txt.utf-8,1777,"error, you may know the right drawer by its contents: some powders, a"
42,The strange case of Dr. Jekyll and Mr. Hyde,"Stevenson, Robert Louis",https://www.gutenberg.org/ebooks/42.txt.utf-8,1778,phial and a paper book. This drawer I beg of you to carry back with you
42,The strange case of Dr. Jekyll and Mr. Hyde,"Stevenson, Robert Louis",https://www.gutenberg.org/ebooks/42.txt.utf-8,1779,to Cavendish Square exactly as it stands.
42,The strange case of Dr. Jekyll and Mr. Hyde,"Stevenson, Robert Louis",https://www.gutenberg.org/ebooks/42.txt.utf-8,1780,
42,The strange case of Dr. Jekyll and Mr. Hyde,"Stevenson, Robert Louis",https://www.gutenberg.org/ebooks/42.txt.utf-8,1781,“That is the first part of the service: now for the second. You should
42,The strange case of Dr. Jekyll and Mr. Hyde,"Stevenson, Robert Louis",https://www.gutenberg.org/ebooks/42.txt.utf-8,1782,"be back, if you set out at once on the receipt of this, long before"
42,The strange case of Dr. Jekyll and Mr. Hyde,"Stevenson, Robert Louis",https://www.gutenberg.org/ebooks/42.txt.utf-8,1783,"midnight; but I will leave you that amount of margin, not only in the"
42,The strange case of Dr. Jekyll and Mr. Hyde,"Stevenson, Robert Louis",https://www.gutenberg.org/ebooks/42.txt.utf-8,1784,fear of one of those obstacles that can neither be prevented nor
42,The strange case of Dr. Jekyll and Mr. Hyde,"Stevenson, Robert Louis",https://www.gutenberg.org/ebooks/42.txt.utf-8,1785,"foreseen, but because an hour when your servants are in bed is to be"
42,The strange case of Dr. Jekyll and Mr. Hyde,"Stevenson, Robert Louis",https://www.gutenberg.org/ebooks/42.txt.utf-8,1786,"preferred for what will then remain to do. At midnight, then, I have to"
42,The strange case of Dr. Jekyll and Mr. Hyde,"Stevenson, Robert Louis",https://www.gutenberg.org/ebooks/42.txt.utf-8,1787,"ask you to be alone in your consulting-room, to admit with your own"
42,The strange case of Dr. Jekyll and Mr. Hyde,"Stevenson, Robert Louis",https://www.gutenberg.org/ebooks/42.txt.utf-8,1788,"hand into the house a man who will present himself in my name, and to"
42,The strange case of Dr. Jekyll and Mr. Hyde,"Stevenson, Robert Louis",https://www.gutenberg.org/ebooks/42.txt.utf-8,1789,place in his hands the drawer that you will have brought with you from
42,The strange case of Dr. Jekyll and Mr. Hyde,"Stevenson, Robert Louis",https://www.gutenberg.org/ebooks/42.txt.utf-8,1790,my cabinet. Then you will have played your part and earned my gratitude
42,The strange case of Dr. Jekyll and Mr. Hyde,"Stevenson, Robert Louis",https://www.gutenberg.org/ebooks/42.txt.utf-8,1791,"completely. Five minutes afterwards, if you insist upon an explanation,"
42,The strange case of Dr. Jekyll and Mr. Hyde,"Stevenson, Robert Louis",https://www.gutenberg.org/ebooks/42.txt.utf-8,1792,you will have understood that these arrangements are of capital
42,The strange case of Dr. Jekyll and Mr. Hyde,"Stevenson, Robert Louis",https://www.gutenberg.org/ebooks/42.txt.utf-8,1793,"importance; and that by the neglect of one of them, fantastic as they"
42,The strange case of Dr. Jekyll and Mr. Hyde,"Stevenson, Robert Louis",https://www.gutenberg.org/ebooks/42.txt.utf-8,1794,"must appear, you might have charged your conscience with my death or"
42,The strange case of Dr. Jekyll and Mr. Hyde,"Stevenson, Robert Louis",https://www.gutenberg.org/ebooks/42.txt.utf-8,1795,the shipwreck of my reason.
42,The strange case of Dr. Jekyll and Mr. Hyde,"Stevenson, Robert Louis",https://www.gutenberg.org/ebooks/42.txt.utf-8,1796,
42,The strange case of Dr. Jekyll and Mr. Hyde,"Stevenson, Robert Louis",https://www.gutenberg.org/ebooks/42.txt.utf-8,1797,"“Confident as I am that you will not trifle with this appeal, my heart"
42,The strange case of Dr. Jekyll and Mr. Hyde,"Stevenson, Robert Louis",https://www.gutenberg.org/ebooks/42.txt.utf-8,1798,sinks and my hand trembles at the bare thought of such a possibility.
42,The strange case of Dr. Jekyll and Mr. Hyde,"Stevenson, Robert Louis",https://www.gutenberg.org/ebooks/42.txt.utf-8,1799,"Think of me at this hour, in a strange place, labouring under a"
42,The strange case of Dr. Jekyll and Mr. Hyde,"Stevenson, Robert Louis",https://www.gutenberg.org/ebooks/42.txt.utf-8,1800,"blackness of distress that no fancy can exaggerate, and yet well aware"
42,The strange case of Dr. Jekyll and Mr. Hyde,"Stevenson, Robert Louis",https://www.gutenberg.org/ebooks/42.txt.utf-8,1801,"that, if you will but punctually serve me, my troubles will roll away"
42,The strange case of Dr. Jekyll and Mr. Hyde,"Stevenson, Robert Louis",https://www.gutenberg.org/ebooks/42.txt.utf-8,1802,"like a story that is told. Serve me, my dear Lanyon, and save"
42,The strange case of Dr. Jekyll and Mr. Hyde,"Stevenson, Robert Louis",https://www.gutenberg.org/ebooks/42.txt.utf-8,1803,
42,The strange case of Dr. Jekyll and Mr. Hyde,"Stevenson, Robert Louis",https://www.gutenberg.org/ebooks/42.txt.utf-8,1804,"“Your friend,"
42,The strange case of Dr. Jekyll and Mr. Hyde,"Stevenson, Robert Louis",https://www.gutenberg.org/ebooks/42.txt.utf-8,1805,“H. J.
42,The strange case of Dr. Jekyll and Mr. Hyde,"Stevenson, Robert Louis",https://www.gutenberg.org/ebooks/42.txt.utf-8,1806,
42,The strange case of Dr. Jekyll and Mr. Hyde,"Stevenson, Robert Louis",https://www.gutenberg.org/ebooks/42.txt.utf-8,1807,
42,The strange case of Dr. Jekyll and Mr. Hyde,"Stevenson, Robert Louis",https://www.gutenberg.org/ebooks/42.txt.utf-8,1808,“P. S. I had already sealed this up when a fresh terror struck upon my
42,The strange case of Dr. Jekyll and Mr. Hyde,"Stevenson, Robert Louis",https://www.gutenberg.org/ebooks/42.txt.utf-8,1809,"soul. It is possible that the postoffice may fail me, and this letter"
42,The strange case of Dr. Jekyll and Mr. Hyde,"Stevenson, Robert Louis",https://www.gutenberg.org/ebooks/42.txt.utf-8,1810,"not come into your hands until to-morrow morning. In that case, dear"
42,The strange case of Dr. Jekyll and Mr. Hyde,"Stevenson, Robert Louis",https://www.gutenberg.org/ebooks/42.txt.utf-8,1811,"Lanyon, do my errand when it shall be most convenient for you in the"
42,The strange case of Dr. Jekyll and Mr. Hyde,"Stevenson, Robert Louis",https://www.gutenberg.org/ebooks/42.txt.utf-8,1812,course of the day; and once more expect my messenger at midnight. It
42,The strange case of Dr. Jekyll and Mr. Hyde,"Stevenson, Robert Louis",https://www.gutenberg.org/ebooks/42.txt.utf-8,1813,"may then already be too late; and if that night passes without event,"
42,The strange case of Dr. Jekyll and Mr. Hyde,"Stevenson, Robert Louis",https://www.gutenberg.org/ebooks/42.txt.utf-8,1814,you will know that you have seen the last of Henry Jekyll.”
42,The strange case of Dr. Jekyll and Mr. Hyde,"Stevenson, Robert Louis",https://www.gutenberg.org/ebooks/42.txt.utf-8,1815,
42,The strange case of Dr. Jekyll and Mr. Hyde,"Stevenson, Robert Louis",https://www.gutenberg.org/ebooks/42.txt.utf-8,1816,"Upon the reading of this letter, I made sure my colleague was insane;"
42,The strange case of Dr. Jekyll and Mr. Hyde,"Stevenson, Robert Louis",https://www.gutenberg.org/ebooks/42.txt.utf-8,1817,"but till that was proved beyond the possibility of doubt, I felt bound"
42,The strange case of Dr. Jekyll and Mr. Hyde,"Stevenson, Robert Louis",https://www.gutenberg.org/ebooks/42.txt.utf-8,1818,"to do as he requested. The less I understood of this farrago, the less"
42,The strange case of Dr. Jekyll and Mr. Hyde,"Stevenson, Robert Louis",https://www.gutenberg.org/ebooks/42.txt.utf-8,1819,I was in a position to judge of its importance; and an appeal so worded
42,The strange case of Dr. Jekyll and Mr. Hyde,"Stevenson, Robert Louis",https://www.gutenberg.org/ebooks/42.txt.utf-8,1820,could not be set aside without a grave responsibility. I rose
42,The strange case of Dr. Jekyll and Mr. Hyde,"Stevenson, Robert Louis",https://www.gutenberg.org/ebooks/42.txt.utf-8,1821,"accordingly from table, got into a hansom, and drove straight to"
42,The strange case of Dr. Jekyll and Mr. Hyde,"Stevenson, Robert Louis",https://www.gutenberg.org/ebooks/42.txt.utf-8,1822,Jekyll’s house. The butler was awaiting my arrival; he had received by
42,The strange case of Dr. Jekyll and Mr. Hyde,"Stevenson, Robert Louis",https://www.gutenberg.org/ebooks/42.txt.utf-8,1823,"the same post as mine a registered letter of instruction, and had sent"
42,The strange case of Dr. Jekyll and Mr. Hyde,"Stevenson, Robert Louis",https://www.gutenberg.org/ebooks/42.txt.utf-8,1824,at once for a locksmith and a carpenter. The tradesmen came while we
42,The strange case of Dr. Jekyll and Mr. Hyde,"Stevenson, Robert Louis",https://www.gutenberg.org/ebooks/42.txt.utf-8,1825,were yet speaking; and we moved in a body to old Dr. Denman’s surgical
42,The strange case of Dr. Jekyll and Mr. Hyde,"Stevenson, Robert Louis",https://www.gutenberg.org/ebooks/42.txt.utf-8,1826,"theatre, from which (as you are doubtless aware) Jekyll’s private"
42,The strange case of Dr. Jekyll and Mr. Hyde,"Stevenson, Robert Louis",https://www.gutenberg.org/ebooks/42.txt.utf-8,1827,"cabinet is most conveniently entered. The door was very strong, the"
42,The strange case of Dr. Jekyll and Mr. Hyde,"Stevenson, Robert Louis",https://www.gutenberg.org/ebooks/42.txt.utf-8,1828,lock excellent; the carpenter avowed he would have great trouble and
42,The strange case of Dr. Jekyll and Mr. Hyde,"Stevenson, Robert Louis",https://www.gutenberg.org/ebooks/42.txt.utf-8,1829,"have to do much damage, if force were to be used; and the locksmith was"
42,The strange case of Dr. Jekyll and Mr. Hyde,"Stevenson, Robert Louis",https://www.gutenberg.org/ebooks/42.txt.utf-8,1830,"near despair. But this last was a handy fellow, and after two hours’"
42,The strange case of Dr. Jekyll and Mr. Hyde,"Stevenson, Robert Louis",https://www.gutenberg.org/ebooks/42.txt.utf-8,1831,"work, the door stood open. The press marked E was unlocked; and I took"
42,The strange case of Dr. Jekyll and Mr. Hyde,"Stevenson, Robert Louis",https://www.gutenberg.org/ebooks/42.txt.utf-8,1832,"out the drawer, had it filled up with straw and tied in a sheet, and"
42,The strange case of Dr. Jekyll and Mr. Hyde,"Stevenson, Robert Louis",https://www.gutenberg.org/ebooks/42.txt.utf-8,1833,returned with it to Cavendish Square.
42,The strange case of Dr. Jekyll and Mr. Hyde,"Stevenson, Robert Louis",https://www.gutenberg.org/ebooks/42.txt.utf-8,1834,
42,The strange case of Dr. Jekyll and Mr. Hyde,"Stevenson, Robert Louis",https://www.gutenberg.org/ebooks/42.txt.utf-8,1835,Here I proceeded to examine its contents. The powders were neatly
42,The strange case of Dr. Jekyll and Mr. Hyde,"Stevenson, Robert Louis",https://www.gutenberg.org/ebooks/42.txt.utf-8,1836,"enough made up, but not with the nicety of the dispensing chemist; so"
42,The strange case of Dr. Jekyll and Mr. Hyde,"Stevenson, Robert Louis",https://www.gutenberg.org/ebooks/42.txt.utf-8,1837,that it was plain they were of Jekyll’s private manufacture; and when I
42,The strange case of Dr. Jekyll and Mr. Hyde,"Stevenson, Robert Louis",https://www.gutenberg.org/ebooks/42.txt.utf-8,1838,opened one of the wrappers I found what seemed to me a simple
42,The strange case of Dr. Jekyll and Mr. Hyde,"Stevenson, Robert Louis",https://www.gutenberg.org/ebooks/42.txt.utf-8,1839,"crystalline salt of a white colour. The phial, to which I next turned"
42,The strange case of Dr. Jekyll and Mr. Hyde,"Stevenson, Robert Louis",https://www.gutenberg.org/ebooks/42.txt.utf-8,1840,"my attention, might have been about half-full of a blood-red liquor,"
42,The strange case of Dr. Jekyll and Mr. Hyde,"Stevenson, Robert Louis",https://www.gutenberg.org/ebooks/42.txt.utf-8,1841,which was highly pungent to the sense of smell and seemed to me to
42,The strange case of Dr. Jekyll and Mr. Hyde,"Stevenson, Robert Louis",https://www.gutenberg.org/ebooks/42.txt.utf-8,1842,contain phosphorus and some volatile ether. At the other ingredients I
42,The strange case of Dr. Jekyll and Mr. Hyde,"Stevenson, Robert Louis",https://www.gutenberg.org/ebooks/42.txt.utf-8,1843,could make no guess. The book was an ordinary version-book and
42,The strange case of Dr. Jekyll and Mr. Hyde,"Stevenson, Robert Louis",https://www.gutenberg.org/ebooks/42.txt.utf-8,1844,contained little but a series of dates. These covered a period of many
42,The strange case of Dr. Jekyll and Mr. Hyde,"Stevenson, Robert Louis",https://www.gutenberg.org/ebooks/42.txt.utf-8,1845,"years, but I observed that the entries ceased nearly a year ago and"
42,The strange case of Dr. Jekyll and Mr. Hyde,"Stevenson, Robert Louis",https://www.gutenberg.org/ebooks/42.txt.utf-8,1846,"quite abruptly. Here and there a brief remark was appended to a date,"
42,The strange case of Dr. Jekyll and Mr. Hyde,"Stevenson, Robert Louis",https://www.gutenberg.org/ebooks/42.txt.utf-8,1847,usually no more than a single word: “double” occurring perhaps six
42,The strange case of Dr. Jekyll and Mr. Hyde,"Stevenson, Robert Louis",https://www.gutenberg.org/ebooks/42.txt.utf-8,1848,times in a total of several hundred entries; and once very early in the
42,The strange case of Dr. Jekyll and Mr. Hyde,"Stevenson, Robert Louis",https://www.gutenberg.org/ebooks/42.txt.utf-8,1849,"list and followed by several marks of exclamation, “total failure!!!”"
42,The strange case of Dr. Jekyll and Mr. Hyde,"Stevenson, Robert Louis",https://www.gutenberg.org/ebooks/42.txt.utf-8,1850,"All this, though it whetted my curiosity, told me little that was"
42,The strange case of Dr. Jekyll and Mr. Hyde,"Stevenson, Robert Louis",https://www.gutenberg.org/ebooks/42.txt.utf-8,1851,"definite. Here were a phial of some tincture, a paper of some salt, and"
42,The strange case of Dr. Jekyll and Mr. Hyde,"Stevenson, Robert Louis",https://www.gutenberg.org/ebooks/42.txt.utf-8,1852,the record of a series of experiments that had led (like too many of
42,The strange case of Dr. Jekyll and Mr. Hyde,"Stevenson, Robert Louis",https://www.gutenberg.org/ebooks/42.txt.utf-8,1853,Jekyll’s investigations) to no end of practical usefulness. How could
42,The strange case of Dr. Jekyll and Mr. Hyde,"Stevenson, Robert Louis",https://www.gutenberg.org/ebooks/42.txt.utf-8,1854,"the presence of these articles in my house affect either the honour,"
42,The strange case of Dr. Jekyll and Mr. Hyde,"Stevenson, Robert Louis",https://www.gutenberg.org/ebooks/42.txt.utf-8,1855,"the sanity, or the life of my flighty colleague? If his messenger could"
42,The strange case of Dr. Jekyll and Mr. Hyde,"Stevenson, Robert Louis",https://www.gutenberg.org/ebooks/42.txt.utf-8,1856,"go to one place, why could he not go to another? And even granting some"
42,The strange case of Dr. Jekyll and Mr. Hyde,"Stevenson, Robert Louis",https://www.gutenberg.org/ebooks/42.txt.utf-8,1857,"impediment, why was this gentleman to be received by me in secret? The"
42,The strange case of Dr. Jekyll and Mr. Hyde,"Stevenson, Robert Louis",https://www.gutenberg.org/ebooks/42.txt.utf-8,1858,more I reflected the more convinced I grew that I was dealing with a
42,The strange case of Dr. Jekyll and Mr. Hyde,"Stevenson, Robert Louis",https://www.gutenberg.org/ebooks/42.txt.utf-8,1859,"case of cerebral disease: and though I dismissed my servants to bed, I"
42,The strange case of Dr. Jekyll and Mr. Hyde,"Stevenson, Robert Louis",https://www.gutenberg.org/ebooks/42.txt.utf-8,1860,"loaded an old revolver, that I might be found in some posture of"
42,The strange case of Dr. Jekyll and Mr. Hyde,"Stevenson, Robert Louis",https://www.gutenberg.org/ebooks/42.txt.utf-8,1861,self-defence.
42,The strange case of Dr. Jekyll and Mr. Hyde,"Stevenson, Robert Louis",https://www.gutenberg.org/ebooks/42.txt.utf-8,1862,
42,The strange case of Dr. Jekyll and Mr. Hyde,"Stevenson, Robert Louis",https://www.gutenberg.org/ebooks/42.txt.utf-8,1863,"Twelve o’clock had scarce rung out over London, ere the knocker sounded"
42,The strange case of Dr. Jekyll and Mr. Hyde,"Stevenson, Robert Louis",https://www.gutenberg.org/ebooks/42.txt.utf-8,1864,"very gently on the door. I went myself at the summons, and found a"
42,The strange case of Dr. Jekyll and Mr. Hyde,"Stevenson, Robert Louis",https://www.gutenberg.org/ebooks/42.txt.utf-8,1865,small man crouching against the pillars of the portico.
42,The strange case of Dr. Jekyll and Mr. Hyde,"Stevenson, Robert Louis",https://www.gutenberg.org/ebooks/42.txt.utf-8,1866,
42,The strange case of Dr. Jekyll and Mr. Hyde,"Stevenson, Robert Louis",https://www.gutenberg.org/ebooks/42.txt.utf-8,1867,“Are you come from Dr. Jekyll?” I asked.
42,The strange case of Dr. Jekyll and Mr. Hyde,"Stevenson, Robert Louis",https://www.gutenberg.org/ebooks/42.txt.utf-8,1868,
42,The strange case of Dr. Jekyll and Mr. Hyde,"Stevenson, Robert Louis",https://www.gutenberg.org/ebooks/42.txt.utf-8,1869,He told me “yes” by a constrained gesture; and when I had bidden him
42,The strange case of Dr. Jekyll and Mr. Hyde,"Stevenson, Robert Louis",https://www.gutenberg.org/ebooks/42.txt.utf-8,1870,"enter, he did not obey me without a searching backward glance into the"
42,The strange case of Dr. Jekyll and Mr. Hyde,"Stevenson, Robert Louis",https://www.gutenberg.org/ebooks/42.txt.utf-8,1871,"darkness of the square. There was a policeman not far off, advancing"
42,The strange case of Dr. Jekyll and Mr. Hyde,"Stevenson, Robert Louis",https://www.gutenberg.org/ebooks/42.txt.utf-8,1872,"with his bull’s eye open; and at the sight, I thought my visitor"
42,The strange case of Dr. Jekyll and Mr. Hyde,"Stevenson, Robert Louis",https://www.gutenberg.org/ebooks/42.txt.utf-8,1873,started and made greater haste.
42,The strange case of Dr. Jekyll and Mr. Hyde,"Stevenson, Robert Louis",https://www.gutenberg.org/ebooks/42.txt.utf-8,1874,
42,The strange case of Dr. Jekyll and Mr. Hyde,"Stevenson, Robert Louis",https://www.gutenberg.org/ebooks/42.txt.utf-8,1875,"These particulars struck me, I confess, disagreeably; and as I followed"
42,The strange case of Dr. Jekyll and Mr. Hyde,"Stevenson, Robert Louis",https://www.gutenberg.org/ebooks/42.txt.utf-8,1876,"him into the bright light of the consulting-room, I kept my hand ready"
42,The strange case of Dr. Jekyll and Mr. Hyde,"Stevenson, Robert Louis",https://www.gutenberg.org/ebooks/42.txt.utf-8,1877,"on my weapon. Here, at last, I had a chance of clearly seeing him. I"
42,The strange case of Dr. Jekyll and Mr. Hyde,"Stevenson, Robert Louis",https://www.gutenberg.org/ebooks/42.txt.utf-8,1878,"had never set eyes on him before, so much was certain. He was small, as"
42,The strange case of Dr. Jekyll and Mr. Hyde,"Stevenson, Robert Louis",https://www.gutenberg.org/ebooks/42.txt.utf-8,1879,I have said; I was struck besides with the shocking expression of his
42,The strange case of Dr. Jekyll and Mr. Hyde,"Stevenson, Robert Louis",https://www.gutenberg.org/ebooks/42.txt.utf-8,1880,"face, with his remarkable combination of great muscular activity and"
42,The strange case of Dr. Jekyll and Mr. Hyde,"Stevenson, Robert Louis",https://www.gutenberg.org/ebooks/42.txt.utf-8,1881,"great apparent debility of constitution, and—last but not least— with"
42,The strange case of Dr. Jekyll and Mr. Hyde,"Stevenson, Robert Louis",https://www.gutenberg.org/ebooks/42.txt.utf-8,1882,"the odd, subjective disturbance caused by his neighbourhood. This bore"
42,The strange case of Dr. Jekyll and Mr. Hyde,"Stevenson, Robert Louis",https://www.gutenberg.org/ebooks/42.txt.utf-8,1883,"some resemblance to incipient rigour, and was accompanied by a marked"
42,The strange case of Dr. Jekyll and Mr. Hyde,"Stevenson, Robert Louis",https://www.gutenberg.org/ebooks/42.txt.utf-8,1884,"sinking of the pulse. At the time, I set it down to some idiosyncratic,"
42,The strange case of Dr. Jekyll and Mr. Hyde,"Stevenson, Robert Louis",https://www.gutenberg.org/ebooks/42.txt.utf-8,1885,"personal distaste, and merely wondered at the acuteness of the"
42,The strange case of Dr. Jekyll and Mr. Hyde,"Stevenson, Robert Louis",https://www.gutenberg.org/ebooks/42.txt.utf-8,1886,symptoms; but I have since had reason to believe the cause to lie much
42,The strange case of Dr. Jekyll and Mr. Hyde,"Stevenson, Robert Louis",https://www.gutenberg.org/ebooks/42.txt.utf-8,1887,"deeper in the nature of man, and to turn on some nobler hinge than the"
42,The strange case of Dr. Jekyll and Mr. Hyde,"Stevenson, Robert Louis",https://www.gutenberg.org/ebooks/42.txt.utf-8,1888,principle of hatred.
42,The strange case of Dr. Jekyll and Mr. Hyde,"Stevenson, Robert Louis",https://www.gutenberg.org/ebooks/42.txt.utf-8,1889,
42,The strange case of Dr. Jekyll and Mr. Hyde,"Stevenson, Robert Louis",https://www.gutenberg.org/ebooks/42.txt.utf-8,1890,"This person (who had thus, from the first moment of his entrance,"
42,The strange case of Dr. Jekyll and Mr. Hyde,"Stevenson, Robert Louis",https://www.gutenberg.org/ebooks/42.txt.utf-8,1891,struck in me what I can only describe as a disgustful curiosity) was
42,The strange case of Dr. Jekyll and Mr. Hyde,"Stevenson, Robert Louis",https://www.gutenberg.org/ebooks/42.txt.utf-8,1892,dressed in a fashion that would have made an ordinary person laughable;
42,The strange case of Dr. Jekyll and Mr. Hyde,"Stevenson, Robert Louis",https://www.gutenberg.org/ebooks/42.txt.utf-8,1893,"his clothes, that is to say, although they were of rich and sober"
42,The strange case of Dr. Jekyll and Mr. Hyde,"Stevenson, Robert Louis",https://www.gutenberg.org/ebooks/42.txt.utf-8,1894,"fabric, were enormously too large for him in every measurement—the"
42,The strange case of Dr. Jekyll and Mr. Hyde,"Stevenson, Robert Louis",https://www.gutenberg.org/ebooks/42.txt.utf-8,1895,trousers hanging on his legs and rolled up to keep them from the
42,The strange case of Dr. Jekyll and Mr. Hyde,"Stevenson, Robert Louis",https://www.gutenberg.org/ebooks/42.txt.utf-8,1896,"ground, the waist of the coat below his haunches, and the collar"
42,The strange case of Dr. Jekyll and Mr. Hyde,"Stevenson, Robert Louis",https://www.gutenberg.org/ebooks/42.txt.utf-8,1897,"sprawling wide upon his shoulders. Strange to relate, this ludicrous"
42,The strange case of Dr. Jekyll and Mr. Hyde,"Stevenson, Robert Louis",https://www.gutenberg.org/ebooks/42.txt.utf-8,1898,"accoutrement was far from moving me to laughter. Rather, as there was"
42,The strange case of Dr. Jekyll and Mr. Hyde,"Stevenson, Robert Louis",https://www.gutenberg.org/ebooks/42.txt.utf-8,1899,something abnormal and misbegotten in the very essence of the creature
42,The strange case of Dr. Jekyll and Mr. Hyde,"Stevenson, Robert Louis",https://www.gutenberg.org/ebooks/42.txt.utf-8,1900,"that now faced me— something seizing, surprising, and revolting—this"
42,The strange case of Dr. Jekyll and Mr. Hyde,"Stevenson, Robert Louis",https://www.gutenberg.org/ebooks/42.txt.utf-8,1901,fresh disparity seemed but to fit in with and to reinforce it; so that
42,The strange case of Dr. Jekyll and Mr. Hyde,"Stevenson, Robert Louis",https://www.gutenberg.org/ebooks/42.txt.utf-8,1902,"to my interest in the man’s nature and character, there was added a"
42,The strange case of Dr. Jekyll and Mr. Hyde,"Stevenson, Robert Louis",https://www.gutenberg.org/ebooks/42.txt.utf-8,1903,"curiosity as to his origin, his life, his fortune and status in the"
42,The strange case of Dr. Jekyll and Mr. Hyde,"Stevenson, Robert Louis",https://www.gutenberg.org/ebooks/42.txt.utf-8,1904,world.
42,The strange case of Dr. Jekyll and Mr. Hyde,"Stevenson, Robert Louis",https://www.gutenberg.org/ebooks/42.txt.utf-8,1905,
42,The strange case of Dr. Jekyll and Mr. Hyde,"Stevenson, Robert Louis",https://www.gutenberg.org/ebooks/42.txt.utf-8,1906,"These observations, though they have taken so great a space to be set"
42,The strange case of Dr. Jekyll and Mr. Hyde,"Stevenson, Robert Louis",https://www.gutenberg.org/ebooks/42.txt.utf-8,1907,"down in, were yet the work of a few seconds. My visitor was, indeed, on"
42,The strange case of Dr. Jekyll and Mr. Hyde,"Stevenson, Robert Louis",https://www.gutenberg.org/ebooks/42.txt.utf-8,1908,fire with sombre excitement.
42,The strange case of Dr. Jekyll and Mr. Hyde,"Stevenson, Robert Louis",https://www.gutenberg.org/ebooks/42.txt.utf-8,1909,
42,The strange case of Dr. Jekyll and Mr. Hyde,"Stevenson, Robert Louis",https://www.gutenberg.org/ebooks/42.txt.utf-8,1910,“Have you got it?” he cried. “Have you got it?” And so lively was his
42,The strange case of Dr. Jekyll and Mr. Hyde,"Stevenson, Robert Louis",https://www.gutenberg.org/ebooks/42.txt.utf-8,1911,impatience that he even laid his hand upon my arm and sought to shake
42,The strange case of Dr. Jekyll and Mr. Hyde,"Stevenson, Robert Louis",https://www.gutenberg.org/ebooks/42.txt.utf-8,1912,me.
42,The strange case of Dr. Jekyll and Mr. Hyde,"Stevenson, Robert Louis",https://www.gutenberg.org/ebooks/42.txt.utf-8,1913,
42,The strange case of Dr. Jekyll and Mr. Hyde,"Stevenson, Robert Louis",https://www.gutenberg.org/ebooks/42.txt.utf-8,1914,"I put him back, conscious at his touch of a certain icy pang along my"
42,The strange case of Dr. Jekyll and Mr. Hyde,"Stevenson, Robert Louis",https://www.gutenberg.org/ebooks/42.txt.utf-8,1915,"blood. “Come, sir,” said I. “You forget that I have not yet the"
42,The strange case of Dr. Jekyll and Mr. Hyde,"Stevenson, Robert Louis",https://www.gutenberg.org/ebooks/42.txt.utf-8,1916,"pleasure of your acquaintance. Be seated, if you please.” And I showed"
42,The strange case of Dr. Jekyll and Mr. Hyde,"Stevenson, Robert Louis",https://www.gutenberg.org/ebooks/42.txt.utf-8,1917,"him an example, and sat down myself in my customary seat and with as"
42,The strange case of Dr. Jekyll and Mr. Hyde,"Stevenson, Robert Louis",https://www.gutenberg.org/ebooks/42.txt.utf-8,1918,"fair an imitation of my ordinary manner to a patient, as the lateness"
42,The strange case of Dr. Jekyll and Mr. Hyde,"Stevenson, Robert Louis",https://www.gutenberg.org/ebooks/42.txt.utf-8,1919,"of the hour, the nature of my pre-occupations, and the horror I had of"
42,The strange case of Dr. Jekyll and Mr. Hyde,"Stevenson, Robert Louis",https://www.gutenberg.org/ebooks/42.txt.utf-8,1920,"my visitor, would suffer me to muster."
42,The strange case of Dr. Jekyll and Mr. Hyde,"Stevenson, Robert Louis",https://www.gutenberg.org/ebooks/42.txt.utf-8,1921,
42,The strange case of Dr. Jekyll and Mr. Hyde,"Stevenson, Robert Louis",https://www.gutenberg.org/ebooks/42.txt.utf-8,1922,"“I beg your pardon, Dr. Lanyon,” he replied civilly enough. “What you"
42,The strange case of Dr. Jekyll and Mr. Hyde,"Stevenson, Robert Louis",https://www.gutenberg.org/ebooks/42.txt.utf-8,1923,say is very well founded; and my impatience has shown its heels to my
42,The strange case of Dr. Jekyll and Mr. Hyde,"Stevenson, Robert Louis",https://www.gutenberg.org/ebooks/42.txt.utf-8,1924,"politeness. I come here at the instance of your colleague, Dr. Henry"
42,The strange case of Dr. Jekyll and Mr. Hyde,"Stevenson, Robert Louis",https://www.gutenberg.org/ebooks/42.txt.utf-8,1925,"Jekyll, on a piece of business of some moment; and I understood…” He"
42,The strange case of Dr. Jekyll and Mr. Hyde,"Stevenson, Robert Louis",https://www.gutenberg.org/ebooks/42.txt.utf-8,1926,"paused and put his hand to his throat, and I could see, in spite of his"
42,The strange case of Dr. Jekyll and Mr. Hyde,"Stevenson, Robert Louis",https://www.gutenberg.org/ebooks/42.txt.utf-8,1927,"collected manner, that he was wrestling against the approaches of the"
42,The strange case of Dr. Jekyll and Mr. Hyde,"Stevenson, Robert Louis",https://www.gutenberg.org/ebooks/42.txt.utf-8,1928,"hysteria—“I understood, a drawer…”"
42,The strange case of Dr. Jekyll and Mr. Hyde,"Stevenson, Robert Louis",https://www.gutenberg.org/ebooks/42.txt.utf-8,1929,
42,The strange case of Dr. Jekyll and Mr. Hyde,"Stevenson, Robert Louis",https://www.gutenberg.org/ebooks/42.txt.utf-8,1930,"But here I took pity on my visitor’s suspense, and some perhaps on my"
42,The strange case of Dr. Jekyll and Mr. Hyde,"Stevenson, Robert Louis",https://www.gutenberg.org/ebooks/42.txt.utf-8,1931,own growing curiosity.
42,The strange case of Dr. Jekyll and Mr. Hyde,"Stevenson, Robert Louis",https://www.gutenberg.org/ebooks/42.txt.utf-8,1932,
42,The strange case of Dr. Jekyll and Mr. Hyde,"Stevenson, Robert Louis",https://www.gutenberg.org/ebooks/42.txt.utf-8,1933,"“There it is, sir,” said I, pointing to the drawer, where it lay on the"
42,The strange case of Dr. Jekyll and Mr. Hyde,"Stevenson, Robert Louis",https://www.gutenberg.org/ebooks/42.txt.utf-8,1934,floor behind a table and still covered with the sheet.
42,The strange case of Dr. Jekyll and Mr. Hyde,"Stevenson, Robert Louis",https://www.gutenberg.org/ebooks/42.txt.utf-8,1935,
42,The strange case of Dr. Jekyll and Mr. Hyde,"Stevenson, Robert Louis",https://www.gutenberg.org/ebooks/42.txt.utf-8,1936,"He sprang to it, and then paused, and laid his hand upon his heart: I"
42,The strange case of Dr. Jekyll and Mr. Hyde,"Stevenson, Robert Louis",https://www.gutenberg.org/ebooks/42.txt.utf-8,1937,could hear his teeth grate with the convulsive action of his jaws; and
42,The strange case of Dr. Jekyll and Mr. Hyde,"Stevenson, Robert Louis",https://www.gutenberg.org/ebooks/42.txt.utf-8,1938,his face was so ghastly to see that I grew alarmed both for his life
42,The strange case of Dr. Jekyll and Mr. Hyde,"Stevenson, Robert Louis",https://www.gutenberg.org/ebooks/42.txt.utf-8,1939,and reason.
42,The strange case of Dr. Jekyll and Mr. Hyde,"Stevenson, Robert Louis",https://www.gutenberg.org/ebooks/42.txt.utf-8,1940,
42,The strange case of Dr. Jekyll and Mr. Hyde,"Stevenson, Robert Louis",https://www.gutenberg.org/ebooks/42.txt.utf-8,1941,"“Compose yourself,” said I."
42,The strange case of Dr. Jekyll and Mr. Hyde,"Stevenson, Robert Louis",https://www.gutenberg.org/ebooks/42.txt.utf-8,1942,
42,The strange case of Dr. Jekyll and Mr. Hyde,"Stevenson, Robert Louis",https://www.gutenberg.org/ebooks/42.txt.utf-8,1943,"He turned a dreadful smile to me, and as if with the decision of"
42,The strange case of Dr. Jekyll and Mr. Hyde,"Stevenson, Robert Louis",https://www.gutenberg.org/ebooks/42.txt.utf-8,1944,"despair, plucked away the sheet. At sight of the contents, he uttered"
42,The strange case of Dr. Jekyll and Mr. Hyde,"Stevenson, Robert Louis",https://www.gutenberg.org/ebooks/42.txt.utf-8,1945,one loud sob of such immense relief that I sat petrified. And the next
42,The strange case of Dr. Jekyll and Mr. Hyde,"Stevenson, Robert Louis",https://www.gutenberg.org/ebooks/42.txt.utf-8,1946,"moment, in a voice that was already fairly well under control, “Have"
42,The strange case of Dr. Jekyll and Mr. Hyde,"Stevenson, Robert Louis",https://www.gutenberg.org/ebooks/42.txt.utf-8,1947,you a graduated glass?” he asked.
42,The strange case of Dr. Jekyll and Mr. Hyde,"Stevenson, Robert Louis",https://www.gutenberg.org/ebooks/42.txt.utf-8,1948,
42,The strange case of Dr. Jekyll and Mr. Hyde,"Stevenson, Robert Louis",https://www.gutenberg.org/ebooks/42.txt.utf-8,1949,I rose from my place with something of an effort and gave him what he
42,The strange case of Dr. Jekyll and Mr. Hyde,"Stevenson, Robert Louis",https://www.gutenberg.org/ebooks/42.txt.utf-8,1950,asked.
42,The strange case of Dr. Jekyll and Mr. Hyde,"Stevenson, Robert Louis",https://www.gutenberg.org/ebooks/42.txt.utf-8,1951,
42,The strange case of Dr. Jekyll and Mr. Hyde,"Stevenson, Robert Louis",https://www.gutenberg.org/ebooks/42.txt.utf-8,1952,"He thanked me with a smiling nod, measured out a few minims of the red"
42,The strange case of Dr. Jekyll and Mr. Hyde,"Stevenson, Robert Louis",https://www.gutenberg.org/ebooks/42.txt.utf-8,1953,"tincture and added one of the powders. The mixture, which was at first"
42,The strange case of Dr. Jekyll and Mr. Hyde,"Stevenson, Robert Louis",https://www.gutenberg.org/ebooks/42.txt.utf-8,1954,"of a reddish hue, began, in proportion as the crystals melted, to"
42,The strange case of Dr. Jekyll and Mr. Hyde,"Stevenson, Robert Louis",https://www.gutenberg.org/ebooks/42.txt.utf-8,1955,"brighten in colour, to effervesce audibly, and to throw off small fumes"
42,The strange case of Dr. Jekyll and Mr. Hyde,"Stevenson, Robert Louis",https://www.gutenberg.org/ebooks/42.txt.utf-8,1956,"of vapour. Suddenly and at the same moment, the ebullition ceased and"
42,The strange case of Dr. Jekyll and Mr. Hyde,"Stevenson, Robert Louis",https://www.gutenberg.org/ebooks/42.txt.utf-8,1957,"the compound changed to a dark purple, which faded again more slowly to"
42,The strange case of Dr. Jekyll and Mr. Hyde,"Stevenson, Robert Louis",https://www.gutenberg.org/ebooks/42.txt.utf-8,1958,"a watery green. My visitor, who had watched these metamorphoses with a"
42,The strange case of Dr. Jekyll and Mr. Hyde,"Stevenson, Robert Louis",https://www.gutenberg.org/ebooks/42.txt.utf-8,1959,"keen eye, smiled, set down the glass upon the table, and then turned"
42,The strange case of Dr. Jekyll and Mr. Hyde,"Stevenson, Robert Louis",https://www.gutenberg.org/ebooks/42.txt.utf-8,1960,and looked upon me with an air of scrutiny.
42,The strange case of Dr. Jekyll and Mr. Hyde,"Stevenson, Robert Louis",https://www.gutenberg.org/ebooks/42.txt.utf-8,1961,
42,The strange case of Dr. Jekyll and Mr. Hyde,"Stevenson, Robert Louis",https://www.gutenberg.org/ebooks/42.txt.utf-8,1962,"“And now,” said he, “to settle what remains. Will you be wise? will you"
42,The strange case of Dr. Jekyll and Mr. Hyde,"Stevenson, Robert Louis",https://www.gutenberg.org/ebooks/42.txt.utf-8,1963,be guided? will you suffer me to take this glass in my hand and to go
42,The strange case of Dr. Jekyll and Mr. Hyde,"Stevenson, Robert Louis",https://www.gutenberg.org/ebooks/42.txt.utf-8,1964,forth from your house without further parley? or has the greed of
42,The strange case of Dr. Jekyll and Mr. Hyde,"Stevenson, Robert Louis",https://www.gutenberg.org/ebooks/42.txt.utf-8,1965,"curiosity too much command of you? Think before you answer, for it"
42,The strange case of Dr. Jekyll and Mr. Hyde,"Stevenson, Robert Louis",https://www.gutenberg.org/ebooks/42.txt.utf-8,1966,"shall be done as you decide. As you decide, you shall be left as you"
42,The strange case of Dr. Jekyll and Mr. Hyde,"Stevenson, Robert Louis",https://www.gutenberg.org/ebooks/42.txt.utf-8,1967,"were before, and neither richer nor wiser, unless the sense of service"
42,The strange case of Dr. Jekyll and Mr. Hyde,"Stevenson, Robert Louis",https://www.gutenberg.org/ebooks/42.txt.utf-8,1968,rendered to a man in mortal distress may be counted as a kind of riches
42,The strange case of Dr. Jekyll and Mr. Hyde,"Stevenson, Robert Louis",https://www.gutenberg.org/ebooks/42.txt.utf-8,1969,"of the soul. Or, if you shall so prefer to choose, a new province of"
42,The strange case of Dr. Jekyll and Mr. Hyde,"Stevenson, Robert Louis",https://www.gutenberg.org/ebooks/42.txt.utf-8,1970,"knowledge and new avenues to fame and power shall be laid open to you,"
42,The strange case of Dr. Jekyll and Mr. Hyde,"Stevenson, Robert Louis",https://www.gutenberg.org/ebooks/42.txt.utf-8,1971,"here, in this room, upon the instant; and your sight shall be blasted"
42,The strange case of Dr. Jekyll and Mr. Hyde,"Stevenson, Robert Louis",https://www.gutenberg.org/ebooks/42.txt.utf-8,1972,by a prodigy to stagger the unbelief of Satan.”
42,The strange case of Dr. Jekyll and Mr. Hyde,"Stevenson, Robert Louis",https://www.gutenberg.org/ebooks/42.txt.utf-8,1973,
42,The strange case of Dr. Jekyll and Mr. Hyde,"Stevenson, Robert Louis",https://www.gutenberg.org/ebooks/42.txt.utf-8,1974,"“Sir,” said I, affecting a coolness that I was far from truly"
42,The strange case of Dr. Jekyll and Mr. Hyde,"Stevenson, Robert Louis",https://www.gutenberg.org/ebooks/42.txt.utf-8,1975,"possessing, “you speak enigmas, and you will perhaps not wonder that I"
42,The strange case of Dr. Jekyll and Mr. Hyde,"Stevenson, Robert Louis",https://www.gutenberg.org/ebooks/42.txt.utf-8,1976,hear you with no very strong impression of belief. But I have gone too
42,The strange case of Dr. Jekyll and Mr. Hyde,"Stevenson, Robert Louis",https://www.gutenberg.org/ebooks/42.txt.utf-8,1977,far in the way of inexplicable services to pause before I see the end.”
42,The strange case of Dr. Jekyll and Mr. Hyde,"Stevenson, Robert Louis",https://www.gutenberg.org/ebooks/42.txt.utf-8,1978,
42,The strange case of Dr. Jekyll and Mr. Hyde,"Stevenson, Robert Louis",https://www.gutenberg.org/ebooks/42.txt.utf-8,1979,"“It is well,” replied my visitor. “Lanyon, you remember your vows: what"
42,The strange case of Dr. Jekyll and Mr. Hyde,"Stevenson, Robert Louis",https://www.gutenberg.org/ebooks/42.txt.utf-8,1980,"follows is under the seal of our profession. And now, you who have so"
42,The strange case of Dr. Jekyll and Mr. Hyde,"Stevenson, Robert Louis",https://www.gutenberg.org/ebooks/42.txt.utf-8,1981,"long been bound to the most narrow and material views, you who have"
42,The strange case of Dr. Jekyll and Mr. Hyde,"Stevenson, Robert Louis",https://www.gutenberg.org/ebooks/42.txt.utf-8,1982,"denied the virtue of transcendental medicine, you who have derided your"
42,The strange case of Dr. Jekyll and Mr. Hyde,"Stevenson, Robert Louis",https://www.gutenberg.org/ebooks/42.txt.utf-8,1983,superiors— behold!”
42,The strange case of Dr. Jekyll and Mr. Hyde,"Stevenson, Robert Louis",https://www.gutenberg.org/ebooks/42.txt.utf-8,1984,
42,The strange case of Dr. Jekyll and Mr. Hyde,"Stevenson, Robert Louis",https://www.gutenberg.org/ebooks/42.txt.utf-8,1985,He put the glass to his lips and drank at one gulp. A cry followed; he
42,The strange case of Dr. Jekyll and Mr. Hyde,"Stevenson, Robert Louis",https://www.gutenberg.org/ebooks/42.txt.utf-8,1986,"reeled, staggered, clutched at the table and held on, staring with"
42,The strange case of Dr. Jekyll and Mr. Hyde,"Stevenson, Robert Louis",https://www.gutenberg.org/ebooks/42.txt.utf-8,1987,"injected eyes, gasping with open mouth; and as I looked there came, I"
42,The strange case of Dr. Jekyll and Mr. Hyde,"Stevenson, Robert Louis",https://www.gutenberg.org/ebooks/42.txt.utf-8,1988,"thought, a change—he seemed to swell— his face became suddenly black"
42,The strange case of Dr. Jekyll and Mr. Hyde,"Stevenson, Robert Louis",https://www.gutenberg.org/ebooks/42.txt.utf-8,1989,"and the features seemed to melt and alter—and the next moment, I had"
42,The strange case of Dr. Jekyll and Mr. Hyde,"Stevenson, Robert Louis",https://www.gutenberg.org/ebooks/42.txt.utf-8,1990,"sprung to my feet and leaped back against the wall, my arm raised to"
42,The strange case of Dr. Jekyll and Mr. Hyde,"Stevenson, Robert Louis",https://www.gutenberg.org/ebooks/42.txt.utf-8,1991,"shield me from that prodigy, my mind submerged in terror."
42,The strange case of Dr. Jekyll and Mr. Hyde,"Stevenson, Robert Louis",https://www.gutenberg.org/ebooks/42.txt.utf-8,1992,
42,The strange case of Dr. Jekyll and Mr. Hyde,"Stevenson, Robert Louis",https://www.gutenberg.org/ebooks/42.txt.utf-8,1993,"“O God!” I screamed, and “O God!” again and again; for there before my"
42,The strange case of Dr. Jekyll and Mr. Hyde,"Stevenson, Robert Louis",https://www.gutenberg.org/ebooks/42.txt.utf-8,1994,"eyes—pale and shaken, and half-fainting, and groping before him with"
42,The strange case of Dr. Jekyll and Mr. Hyde,"Stevenson, Robert Louis",https://www.gutenberg.org/ebooks/42.txt.utf-8,1995,"his hands, like a man restored from death— there stood Henry Jekyll!"
42,The strange case of Dr. Jekyll and Mr. Hyde,"Stevenson, Robert Louis",https://www.gutenberg.org/ebooks/42.txt.utf-8,1996,
42,The strange case of Dr. Jekyll and Mr. Hyde,"Stevenson, Robert Louis",https://www.gutenberg.org/ebooks/42.txt.utf-8,1997,"What he told me in the next hour, I cannot bring my mind to set on"
42,The strange case of Dr. Jekyll and Mr. Hyde,"Stevenson, Robert Louis",https://www.gutenberg.org/ebooks/42.txt.utf-8,1998,"paper. I saw what I saw, I heard what I heard, and my soul sickened at"
42,The strange case of Dr. Jekyll and Mr. Hyde,"Stevenson, Robert Louis",https://www.gutenberg.org/ebooks/42.txt.utf-8,1999,"it; and yet now when that sight has faded from my eyes, I ask myself if"
42,The strange case of Dr. Jekyll and Mr. Hyde,"Stevenson, Robert Louis",https://www.gutenberg.org/ebooks/42.txt.utf-8,2000,"I believe it, and I cannot answer. My life is shaken to its roots;"
42,The strange case of Dr. Jekyll and Mr. Hyde,"Stevenson, Robert Louis",https://www.gutenberg.org/ebooks/42.txt.utf-8,2001,sleep has left me; the deadliest terror sits by me at all hours of the
42,The strange case of Dr. Jekyll and Mr. Hyde,"Stevenson, Robert Louis",https://www.gutenberg.org/ebooks/42.txt.utf-8,2002,"day and night; I feel that my days are numbered, and that I must die;"
42,The strange case of Dr. Jekyll and Mr. Hyde,"Stevenson, Robert Louis",https://www.gutenberg.org/ebooks/42.txt.utf-8,2003,and yet I shall die incredulous. As for the moral turpitude that man
42,The strange case of Dr. Jekyll and Mr. Hyde,"Stevenson, Robert Louis",https://www.gutenberg.org/ebooks/42.txt.utf-8,2004,"unveiled to me, even with tears of penitence, I cannot, even in memory,"
42,The strange case of Dr. Jekyll and Mr. Hyde,"Stevenson, Robert Louis",https://www.gutenberg.org/ebooks/42.txt.utf-8,2005,"dwell on it without a start of horror. I will say but one thing,"
42,The strange case of Dr. Jekyll and Mr. Hyde,"Stevenson, Robert Louis",https://www.gutenberg.org/ebooks/42.txt.utf-8,2006,"Utterson, and that (if you can bring your mind to credit it) will be"
42,The strange case of Dr. Jekyll and Mr. Hyde,"Stevenson, Robert Louis",https://www.gutenberg.org/ebooks/42.txt.utf-8,2007,"more than enough. The creature who crept into my house that night was,"
42,The strange case of Dr. Jekyll and Mr. Hyde,"Stevenson, Robert Louis",https://www.gutenberg.org/ebooks/42.txt.utf-8,2008,"on Jekyll’s own confession, known by the name of Hyde and hunted for in"
42,The strange case of Dr. Jekyll and Mr. Hyde,"Stevenson, Robert Louis",https://www.gutenberg.org/ebooks/42.txt.utf-8,2009,every corner of the land as the murderer of Carew.
42,The strange case of Dr. Jekyll and Mr. Hyde,"Stevenson, Robert Louis",https://www.gutenberg.org/ebooks/42.txt.utf-8,2010,
42,The strange case of Dr. Jekyll and Mr. Hyde,"Stevenson, Robert Louis",https://www.gutenberg.org/ebooks/42.txt.utf-8,2011,HASTIE LANYON
42,The strange case of Dr. Jekyll and Mr. Hyde,"Stevenson, Robert Louis",https://www.gutenberg.org/ebooks/42.txt.utf-8,2012,
42,The strange case of Dr. Jekyll and Mr. Hyde,"Stevenson, Robert Louis",https://www.gutenberg.org/ebooks/42.txt.utf-8,2013,
42,The strange case of Dr. Jekyll and Mr. Hyde,"Stevenson, Robert Louis",https://www.gutenberg.org/ebooks/42.txt.utf-8,2014,
42,The strange case of Dr. Jekyll and Mr. Hyde,"Stevenson, Robert Louis",https://www.gutenberg.org/ebooks/42.txt.utf-8,2015,
42,The strange case of Dr. Jekyll and Mr. Hyde,"Stevenson, Robert Louis",https://www.gutenberg.org/ebooks/42.txt.utf-8,2016,HENRY JEKYLL’S FULL STATEMENT OF THE CASE
42,The strange case of Dr. Jekyll and Mr. Hyde,"Stevenson, Robert Louis",https://www.gutenberg.org/ebooks/42.txt.utf-8,2017,
42,The strange case of Dr. Jekyll and Mr. Hyde,"Stevenson, Robert Louis",https://www.gutenberg.org/ebooks/42.txt.utf-8,2018,
42,The strange case of Dr. Jekyll and Mr. Hyde,"Stevenson, Robert Louis",https://www.gutenberg.org/ebooks/42.txt.utf-8,2019,"I was born in the year 18—— to a large fortune, endowed besides with"
42,The strange case of Dr. Jekyll and Mr. Hyde,"Stevenson, Robert Louis",https://www.gutenberg.org/ebooks/42.txt.utf-8,2020,"excellent parts, inclined by nature to industry, fond of the respect of"
42,The strange case of Dr. Jekyll and Mr. Hyde,"Stevenson, Robert Louis",https://www.gutenberg.org/ebooks/42.txt.utf-8,2021,"the wise and good among my fellow-men, and thus, as might have been"
42,The strange case of Dr. Jekyll and Mr. Hyde,"Stevenson, Robert Louis",https://www.gutenberg.org/ebooks/42.txt.utf-8,2022,"supposed, with every guarantee of an honourable and distinguished"
42,The strange case of Dr. Jekyll and Mr. Hyde,"Stevenson, Robert Louis",https://www.gutenberg.org/ebooks/42.txt.utf-8,2023,future. And indeed the worst of my faults was a certain impatient
42,The strange case of Dr. Jekyll and Mr. Hyde,"Stevenson, Robert Louis",https://www.gutenberg.org/ebooks/42.txt.utf-8,2024,"gaiety of disposition, such as has made the happiness of many, but such"
42,The strange case of Dr. Jekyll and Mr. Hyde,"Stevenson, Robert Louis",https://www.gutenberg.org/ebooks/42.txt.utf-8,2025,as I found it hard to reconcile with my imperious desire to carry my
42,The strange case of Dr. Jekyll and Mr. Hyde,"Stevenson, Robert Louis",https://www.gutenberg.org/ebooks/42.txt.utf-8,2026,"head high, and wear a more than commonly grave countenance before the"
42,The strange case of Dr. Jekyll and Mr. Hyde,"Stevenson, Robert Louis",https://www.gutenberg.org/ebooks/42.txt.utf-8,2027,public. Hence it came about that I concealed my pleasures; and that
42,The strange case of Dr. Jekyll and Mr. Hyde,"Stevenson, Robert Louis",https://www.gutenberg.org/ebooks/42.txt.utf-8,2028,"when I reached years of reflection, and began to look round me and take"
42,The strange case of Dr. Jekyll and Mr. Hyde,"Stevenson, Robert Louis",https://www.gutenberg.org/ebooks/42.txt.utf-8,2029,"stock of my progress and position in the world, I stood already"
42,The strange case of Dr. Jekyll and Mr. Hyde,"Stevenson, Robert Louis",https://www.gutenberg.org/ebooks/42.txt.utf-8,2030,committed to a profound duplicity of life. Many a man would have even
42,The strange case of Dr. Jekyll and Mr. Hyde,"Stevenson, Robert Louis",https://www.gutenberg.org/ebooks/42.txt.utf-8,2031,blazoned such irregularities as I was guilty of; but from the high
42,The strange case of Dr. Jekyll and Mr. Hyde,"Stevenson, Robert Louis",https://www.gutenberg.org/ebooks/42.txt.utf-8,2032,"views that I had set before me, I regarded and hid them with an almost"
42,The strange case of Dr. Jekyll and Mr. Hyde,"Stevenson, Robert Louis",https://www.gutenberg.org/ebooks/42.txt.utf-8,2033,morbid sense of shame. It was thus rather the exacting nature of my
42,The strange case of Dr. Jekyll and Mr. Hyde,"Stevenson, Robert Louis",https://www.gutenberg.org/ebooks/42.txt.utf-8,2034,"aspirations than any particular degradation in my faults, that made me"
42,The strange case of Dr. Jekyll and Mr. Hyde,"Stevenson, Robert Louis",https://www.gutenberg.org/ebooks/42.txt.utf-8,2035,"what I was and, with even a deeper trench than in the majority of men,"
42,The strange case of Dr. Jekyll and Mr. Hyde,"Stevenson, Robert Louis",https://www.gutenberg.org/ebooks/42.txt.utf-8,2036,severed in me those provinces of good and ill which divide and compound
42,The strange case of Dr. Jekyll and Mr. Hyde,"Stevenson, Robert Louis",https://www.gutenberg.org/ebooks/42.txt.utf-8,2037,"man’s dual nature. In this case, I was driven to reflect deeply and"
42,The strange case of Dr. Jekyll and Mr. Hyde,"Stevenson, Robert Louis",https://www.gutenberg.org/ebooks/42.txt.utf-8,2038,"inveterately on that hard law of life, which lies at the root of"
42,The strange case of Dr. Jekyll and Mr. Hyde,"Stevenson, Robert Louis",https://www.gutenberg.org/ebooks/42.txt.utf-8,2039,religion and is one of the most plentiful springs of distress. Though
42,The strange case of Dr. Jekyll and Mr. Hyde,"Stevenson, Robert Louis",https://www.gutenberg.org/ebooks/42.txt.utf-8,2040,"so profound a double-dealer, I was in no sense a hypocrite; both sides"
42,The strange case of Dr. Jekyll and Mr. Hyde,"Stevenson, Robert Louis",https://www.gutenberg.org/ebooks/42.txt.utf-8,2041,of me were in dead earnest; I was no more myself when I laid aside
42,The strange case of Dr. Jekyll and Mr. Hyde,"Stevenson, Robert Louis",https://www.gutenberg.org/ebooks/42.txt.utf-8,2042,"restraint and plunged in shame, than when I laboured, in the eye of"
42,The strange case of Dr. Jekyll and Mr. Hyde,"Stevenson, Robert Louis",https://www.gutenberg.org/ebooks/42.txt.utf-8,2043,"day, at the furtherance of knowledge or the relief of sorrow and"
42,The strange case of Dr. Jekyll and Mr. Hyde,"Stevenson, Robert Louis",https://www.gutenberg.org/ebooks/42.txt.utf-8,2044,"suffering. And it chanced that the direction of my scientific studies,"
42,The strange case of Dr. Jekyll and Mr. Hyde,"Stevenson, Robert Louis",https://www.gutenberg.org/ebooks/42.txt.utf-8,2045,"which led wholly toward the mystic and the transcendental, re-acted and"
42,The strange case of Dr. Jekyll and Mr. Hyde,"Stevenson, Robert Louis",https://www.gutenberg.org/ebooks/42.txt.utf-8,2046,shed a strong light on this consciousness of the perennial war among my
42,The strange case of Dr. Jekyll and Mr. Hyde,"Stevenson, Robert Louis",https://www.gutenberg.org/ebooks/42.txt.utf-8,2047,"members. With every day, and from both sides of my intelligence, the"
42,The strange case of Dr. Jekyll and Mr. Hyde,"Stevenson, Robert Louis",https://www.gutenberg.org/ebooks/42.txt.utf-8,2048,"moral and the intellectual, I thus drew steadily nearer to that truth,"
42,The strange case of Dr. Jekyll and Mr. Hyde,"Stevenson, Robert Louis",https://www.gutenberg.org/ebooks/42.txt.utf-8,2049,by whose partial discovery I have been doomed to such a dreadful
42,The strange case of Dr. Jekyll and Mr. Hyde,"Stevenson, Robert Louis",https://www.gutenberg.org/ebooks/42.txt.utf-8,2050,"shipwreck: that man is not truly one, but truly two. I say two, because"
42,The strange case of Dr. Jekyll and Mr. Hyde,"Stevenson, Robert Louis",https://www.gutenberg.org/ebooks/42.txt.utf-8,2051,the state of my own knowledge does not pass beyond that point. Others
42,The strange case of Dr. Jekyll and Mr. Hyde,"Stevenson, Robert Louis",https://www.gutenberg.org/ebooks/42.txt.utf-8,2052,"will follow, others will outstrip me on the same lines; and I hazard"
42,The strange case of Dr. Jekyll and Mr. Hyde,"Stevenson, Robert Louis",https://www.gutenberg.org/ebooks/42.txt.utf-8,2053,the guess that man will be ultimately known for a mere polity of
42,The strange case of Dr. Jekyll and Mr. Hyde,"Stevenson, Robert Louis",https://www.gutenberg.org/ebooks/42.txt.utf-8,2054,"multifarious, incongruous, and independent denizens. I, for my part,"
42,The strange case of Dr. Jekyll and Mr. Hyde,"Stevenson, Robert Louis",https://www.gutenberg.org/ebooks/42.txt.utf-8,2055,"from the nature of my life, advanced infallibly in one direction and in"
42,The strange case of Dr. Jekyll and Mr. Hyde,"Stevenson, Robert Louis",https://www.gutenberg.org/ebooks/42.txt.utf-8,2056,"one direction only. It was on the moral side, and in my own person,"
42,The strange case of Dr. Jekyll and Mr. Hyde,"Stevenson, Robert Louis",https://www.gutenberg.org/ebooks/42.txt.utf-8,2057,that I learned to recognise the thorough and primitive duality of man;
42,The strange case of Dr. Jekyll and Mr. Hyde,"Stevenson, Robert Louis",https://www.gutenberg.org/ebooks/42.txt.utf-8,2058,"I saw that, of the two natures that contended in the field of my"
42,The strange case of Dr. Jekyll and Mr. Hyde,"Stevenson, Robert Louis",https://www.gutenberg.org/ebooks/42.txt.utf-8,2059,"consciousness, even if I could rightly be said to be either, it was"
42,The strange case of Dr. Jekyll and Mr. Hyde,"Stevenson, Robert Louis",https://www.gutenberg.org/ebooks/42.txt.utf-8,2060,"only because I was radically both; and from an early date, even before"
42,The strange case of Dr. Jekyll and Mr. Hyde,"Stevenson, Robert Louis",https://www.gutenberg.org/ebooks/42.txt.utf-8,2061,the course of my scientific discoveries had begun to suggest the most
42,The strange case of Dr. Jekyll and Mr. Hyde,"Stevenson, Robert Louis",https://www.gutenberg.org/ebooks/42.txt.utf-8,2062,"naked possibility of such a miracle, I had learned to dwell with"
42,The strange case of Dr. Jekyll and Mr. Hyde,"Stevenson, Robert Louis",https://www.gutenberg.org/ebooks/42.txt.utf-8,2063,"pleasure, as a beloved day-dream, on the thought of the separation of"
42,The strange case of Dr. Jekyll and Mr. Hyde,"Stevenson, Robert Louis",https://www.gutenberg.org/ebooks/42.txt.utf-8,2064,"these elements. If each, I told myself, could but be housed in separate"
42,The strange case of Dr. Jekyll and Mr. Hyde,"Stevenson, Robert Louis",https://www.gutenberg.org/ebooks/42.txt.utf-8,2065,"identities, life would be relieved of all that was unbearable; the"
42,The strange case of Dr. Jekyll and Mr. Hyde,"Stevenson, Robert Louis",https://www.gutenberg.org/ebooks/42.txt.utf-8,2066,"unjust might go his way, delivered from the aspirations and remorse of"
42,The strange case of Dr. Jekyll and Mr. Hyde,"Stevenson, Robert Louis",https://www.gutenberg.org/ebooks/42.txt.utf-8,2067,his more upright twin; and the just could walk steadfastly and securely
42,The strange case of Dr. Jekyll and Mr. Hyde,"Stevenson, Robert Louis",https://www.gutenberg.org/ebooks/42.txt.utf-8,2068,"on his upward path, doing the good things in which he found his"
42,The strange case of Dr. Jekyll and Mr. Hyde,"Stevenson, Robert Louis",https://www.gutenberg.org/ebooks/42.txt.utf-8,2069,"pleasure, and no longer exposed to disgrace and penitence by the hands"
42,The strange case of Dr. Jekyll and Mr. Hyde,"Stevenson, Robert Louis",https://www.gutenberg.org/ebooks/42.txt.utf-8,2070,of this extraneous evil. It was the curse of mankind that these
42,The strange case of Dr. Jekyll and Mr. Hyde,"Stevenson, Robert Louis",https://www.gutenberg.org/ebooks/42.txt.utf-8,2071,incongruous fagots were thus bound together that in the agonised womb
42,The strange case of Dr. Jekyll and Mr. Hyde,"Stevenson, Robert Louis",https://www.gutenberg.org/ebooks/42.txt.utf-8,2072,"of consciousness, these polar twins should be continuously struggling."
42,The strange case of Dr. Jekyll and Mr. Hyde,"Stevenson, Robert Louis",https://www.gutenberg.org/ebooks/42.txt.utf-8,2073,"How, then, were they dissociated?"
42,The strange case of Dr. Jekyll and Mr. Hyde,"Stevenson, Robert Louis",https://www.gutenberg.org/ebooks/42.txt.utf-8,2074,
42,The strange case of Dr. Jekyll and Mr. Hyde,"Stevenson, Robert Louis",https://www.gutenberg.org/ebooks/42.txt.utf-8,2075,"I was so far in my reflections when, as I have said, a side-light began"
42,The strange case of Dr. Jekyll and Mr. Hyde,"Stevenson, Robert Louis",https://www.gutenberg.org/ebooks/42.txt.utf-8,2076,to shine upon the subject from the laboratory table. I began to
42,The strange case of Dr. Jekyll and Mr. Hyde,"Stevenson, Robert Louis",https://www.gutenberg.org/ebooks/42.txt.utf-8,2077,"perceive more deeply than it has ever yet been stated, the trembling"
42,The strange case of Dr. Jekyll and Mr. Hyde,"Stevenson, Robert Louis",https://www.gutenberg.org/ebooks/42.txt.utf-8,2078,"immateriality, the mist-like transience of this seemingly so solid body"
42,The strange case of Dr. Jekyll and Mr. Hyde,"Stevenson, Robert Louis",https://www.gutenberg.org/ebooks/42.txt.utf-8,2079,in which we walk attired. Certain agents I found to have the power to
42,The strange case of Dr. Jekyll and Mr. Hyde,"Stevenson, Robert Louis",https://www.gutenberg.org/ebooks/42.txt.utf-8,2080,"shake and to pluck back that fleshly vestment, even as a wind might"
42,The strange case of Dr. Jekyll and Mr. Hyde,"Stevenson, Robert Louis",https://www.gutenberg.org/ebooks/42.txt.utf-8,2081,"toss the curtains of a pavilion. For two good reasons, I will not enter"
42,The strange case of Dr. Jekyll and Mr. Hyde,"Stevenson, Robert Louis",https://www.gutenberg.org/ebooks/42.txt.utf-8,2082,"deeply into this scientific branch of my confession. First, because I"
42,The strange case of Dr. Jekyll and Mr. Hyde,"Stevenson, Robert Louis",https://www.gutenberg.org/ebooks/42.txt.utf-8,2083,have been made to learn that the doom and burthen of our life is bound
42,The strange case of Dr. Jekyll and Mr. Hyde,"Stevenson, Robert Louis",https://www.gutenberg.org/ebooks/42.txt.utf-8,2084,"for ever on man’s shoulders, and when the attempt is made to cast it"
42,The strange case of Dr. Jekyll and Mr. Hyde,"Stevenson, Robert Louis",https://www.gutenberg.org/ebooks/42.txt.utf-8,2085,"off, it but returns upon us with more unfamiliar and more awful"
42,The strange case of Dr. Jekyll and Mr. Hyde,"Stevenson, Robert Louis",https://www.gutenberg.org/ebooks/42.txt.utf-8,2086,"pressure. Second, because, as my narrative will make, alas! too"
42,The strange case of Dr. Jekyll and Mr. Hyde,"Stevenson, Robert Louis",https://www.gutenberg.org/ebooks/42.txt.utf-8,2087,"evident, my discoveries were incomplete. Enough, then, that I not only"
42,The strange case of Dr. Jekyll and Mr. Hyde,"Stevenson, Robert Louis",https://www.gutenberg.org/ebooks/42.txt.utf-8,2088,recognised my natural body for the mere aura and effulgence of certain
42,The strange case of Dr. Jekyll and Mr. Hyde,"Stevenson, Robert Louis",https://www.gutenberg.org/ebooks/42.txt.utf-8,2089,"of the powers that made up my spirit, but managed to compound a drug by"
42,The strange case of Dr. Jekyll and Mr. Hyde,"Stevenson, Robert Louis",https://www.gutenberg.org/ebooks/42.txt.utf-8,2090,"which these powers should be dethroned from their supremacy, and a"
42,The strange case of Dr. Jekyll and Mr. Hyde,"Stevenson, Robert Louis",https://www.gutenberg.org/ebooks/42.txt.utf-8,2091,"second form and countenance substituted, none the less natural to me"
42,The strange case of Dr. Jekyll and Mr. Hyde,"Stevenson, Robert Louis",https://www.gutenberg.org/ebooks/42.txt.utf-8,2092,"because they were the expression, and bore the stamp, of lower elements"
42,The strange case of Dr. Jekyll and Mr. Hyde,"Stevenson, Robert Louis",https://www.gutenberg.org/ebooks/42.txt.utf-8,2093,in my soul.
42,The strange case of Dr. Jekyll and Mr. Hyde,"Stevenson, Robert Louis",https://www.gutenberg.org/ebooks/42.txt.utf-8,2094,
42,The strange case of Dr. Jekyll and Mr. Hyde,"Stevenson, Robert Louis",https://www.gutenberg.org/ebooks/42.txt.utf-8,2095,I hesitated long before I put this theory to the test of practice. I
42,The strange case of Dr. Jekyll and Mr. Hyde,"Stevenson, Robert Louis",https://www.gutenberg.org/ebooks/42.txt.utf-8,2096,knew well that I risked death; for any drug that so potently controlled
42,The strange case of Dr. Jekyll and Mr. Hyde,"Stevenson, Robert Louis",https://www.gutenberg.org/ebooks/42.txt.utf-8,2097,"and shook the very fortress of identity, might by the least scruple of"
42,The strange case of Dr. Jekyll and Mr. Hyde,"Stevenson, Robert Louis",https://www.gutenberg.org/ebooks/42.txt.utf-8,2098,"an overdose or at the least inopportunity in the moment of exhibition,"
42,The strange case of Dr. Jekyll and Mr. Hyde,"Stevenson, Robert Louis",https://www.gutenberg.org/ebooks/42.txt.utf-8,2099,utterly blot out that immaterial tabernacle which I looked to it to
42,The strange case of Dr. Jekyll and Mr. Hyde,"Stevenson, Robert Louis",https://www.gutenberg.org/ebooks/42.txt.utf-8,2100,"change. But the temptation of a discovery so singular and profound, at"
42,The strange case of Dr. Jekyll and Mr. Hyde,"Stevenson, Robert Louis",https://www.gutenberg.org/ebooks/42.txt.utf-8,2101,last overcame the suggestions of alarm. I had long since prepared my
42,The strange case of Dr. Jekyll and Mr. Hyde,"Stevenson, Robert Louis",https://www.gutenberg.org/ebooks/42.txt.utf-8,2102,"tincture; I purchased at once, from a firm of wholesale chemists, a"
42,The strange case of Dr. Jekyll and Mr. Hyde,"Stevenson, Robert Louis",https://www.gutenberg.org/ebooks/42.txt.utf-8,2103,"large quantity of a particular salt which I knew, from my experiments,"
42,The strange case of Dr. Jekyll and Mr. Hyde,"Stevenson, Robert Louis",https://www.gutenberg.org/ebooks/42.txt.utf-8,2104,"to be the last ingredient required; and late one accursed night, I"
42,The strange case of Dr. Jekyll and Mr. Hyde,"Stevenson, Robert Louis",https://www.gutenberg.org/ebooks/42.txt.utf-8,2105,"compounded the elements, watched them boil and smoke together in the"
42,The strange case of Dr. Jekyll and Mr. Hyde,"Stevenson, Robert Louis",https://www.gutenberg.org/ebooks/42.txt.utf-8,2106,"glass, and when the ebullition had subsided, with a strong glow of"
42,The strange case of Dr. Jekyll and Mr. Hyde,"Stevenson, Robert Louis",https://www.gutenberg.org/ebooks/42.txt.utf-8,2107,"courage, drank off the potion."
42,The strange case of Dr. Jekyll and Mr. Hyde,"Stevenson, Robert Louis",https://www.gutenberg.org/ebooks/42.txt.utf-8,2108,
42,The strange case of Dr. Jekyll and Mr. Hyde,"Stevenson, Robert Louis",https://www.gutenberg.org/ebooks/42.txt.utf-8,2109,"The most racking pangs succeeded: a grinding in the bones, deadly"
42,The strange case of Dr. Jekyll and Mr. Hyde,"Stevenson, Robert Louis",https://www.gutenberg.org/ebooks/42.txt.utf-8,2110,"nausea, and a horror of the spirit that cannot be exceeded at the hour"
42,The strange case of Dr. Jekyll and Mr. Hyde,"Stevenson, Robert Louis",https://www.gutenberg.org/ebooks/42.txt.utf-8,2111,"of birth or death. Then these agonies began swiftly to subside, and I"
42,The strange case of Dr. Jekyll and Mr. Hyde,"Stevenson, Robert Louis",https://www.gutenberg.org/ebooks/42.txt.utf-8,2112,came to myself as if out of a great sickness. There was something
42,The strange case of Dr. Jekyll and Mr. Hyde,"Stevenson, Robert Louis",https://www.gutenberg.org/ebooks/42.txt.utf-8,2113,"strange in my sensations, something indescribably new and, from its"
42,The strange case of Dr. Jekyll and Mr. Hyde,"Stevenson, Robert Louis",https://www.gutenberg.org/ebooks/42.txt.utf-8,2114,"very novelty, incredibly sweet. I felt younger, lighter, happier in"
42,The strange case of Dr. Jekyll and Mr. Hyde,"Stevenson, Robert Louis",https://www.gutenberg.org/ebooks/42.txt.utf-8,2115,"body; within I was conscious of a heady recklessness, a current of"
42,The strange case of Dr. Jekyll and Mr. Hyde,"Stevenson, Robert Louis",https://www.gutenberg.org/ebooks/42.txt.utf-8,2116,"disordered sensual images running like a mill-race in my fancy, a"
42,The strange case of Dr. Jekyll and Mr. Hyde,"Stevenson, Robert Louis",https://www.gutenberg.org/ebooks/42.txt.utf-8,2117,"solution of the bonds of obligation, an unknown but not an innocent"
42,The strange case of Dr. Jekyll and Mr. Hyde,"Stevenson, Robert Louis",https://www.gutenberg.org/ebooks/42.txt.utf-8,2118,"freedom of the soul. I knew myself, at the first breath of this new"
42,The strange case of Dr. Jekyll and Mr. Hyde,"Stevenson, Robert Louis",https://www.gutenberg.org/ebooks/42.txt.utf-8,2119,"life, to be more wicked, tenfold more wicked, sold a slave to my"
42,The strange case of Dr. Jekyll and Mr. Hyde,"Stevenson, Robert Louis",https://www.gutenberg.org/ebooks/42.txt.utf-8,2120,"original evil; and the thought, in that moment, braced and delighted me"
42,The strange case of Dr. Jekyll and Mr. Hyde,"Stevenson, Robert Louis",https://www.gutenberg.org/ebooks/42.txt.utf-8,2121,"like wine. I stretched out my hands, exulting in the freshness of these"
42,The strange case of Dr. Jekyll and Mr. Hyde,"Stevenson, Robert Louis",https://www.gutenberg.org/ebooks/42.txt.utf-8,2122,"sensations; and in the act, I was suddenly aware that I had lost in"
42,The strange case of Dr. Jekyll and Mr. Hyde,"Stevenson, Robert Louis",https://www.gutenberg.org/ebooks/42.txt.utf-8,2123,stature.
42,The strange case of Dr. Jekyll and Mr. Hyde,"Stevenson, Robert Louis",https://www.gutenberg.org/ebooks/42.txt.utf-8,2124,
42,The strange case of Dr. Jekyll and Mr. Hyde,"Stevenson, Robert Louis",https://www.gutenberg.org/ebooks/42.txt.utf-8,2125,"There was no mirror, at that date, in my room; that which stands beside"
42,The strange case of Dr. Jekyll and Mr. Hyde,"Stevenson, Robert Louis",https://www.gutenberg.org/ebooks/42.txt.utf-8,2126,"me as I write, was brought there later on and for the very purpose of"
42,The strange case of Dr. Jekyll and Mr. Hyde,"Stevenson, Robert Louis",https://www.gutenberg.org/ebooks/42.txt.utf-8,2127,"these transformations. The night, however, was far gone into the"
42,The strange case of Dr. Jekyll and Mr. Hyde,"Stevenson, Robert Louis",https://www.gutenberg.org/ebooks/42.txt.utf-8,2128,"morning—the morning, black as it was, was nearly ripe for the"
42,The strange case of Dr. Jekyll and Mr. Hyde,"Stevenson, Robert Louis",https://www.gutenberg.org/ebooks/42.txt.utf-8,2129,conception of the day—the inmates of my house were locked in the most
42,The strange case of Dr. Jekyll and Mr. Hyde,"Stevenson, Robert Louis",https://www.gutenberg.org/ebooks/42.txt.utf-8,2130,"rigorous hours of slumber; and I determined, flushed as I was with hope"
42,The strange case of Dr. Jekyll and Mr. Hyde,"Stevenson, Robert Louis",https://www.gutenberg.org/ebooks/42.txt.utf-8,2131,"and triumph, to venture in my new shape as far as to my bedroom. I"
42,The strange case of Dr. Jekyll and Mr. Hyde,"Stevenson, Robert Louis",https://www.gutenberg.org/ebooks/42.txt.utf-8,2132,"crossed the yard, wherein the constellations looked down upon me, I"
42,The strange case of Dr. Jekyll and Mr. Hyde,"Stevenson, Robert Louis",https://www.gutenberg.org/ebooks/42.txt.utf-8,2133,"could have thought, with wonder, the first creature of that sort that"
42,The strange case of Dr. Jekyll and Mr. Hyde,"Stevenson, Robert Louis",https://www.gutenberg.org/ebooks/42.txt.utf-8,2134,their unsleeping vigilance had yet disclosed to them; I stole through
42,The strange case of Dr. Jekyll and Mr. Hyde,"Stevenson, Robert Louis",https://www.gutenberg.org/ebooks/42.txt.utf-8,2135,"the corridors, a stranger in my own house; and coming to my room, I saw"
42,The strange case of Dr. Jekyll and Mr. Hyde,"Stevenson, Robert Louis",https://www.gutenberg.org/ebooks/42.txt.utf-8,2136,for the first time the appearance of Edward Hyde.
42,The strange case of Dr. Jekyll and Mr. Hyde,"Stevenson, Robert Louis",https://www.gutenberg.org/ebooks/42.txt.utf-8,2137,
42,The strange case of Dr. Jekyll and Mr. Hyde,"Stevenson, Robert Louis",https://www.gutenberg.org/ebooks/42.txt.utf-8,2138,"I must here speak by theory alone, saying not that which I know, but"
42,The strange case of Dr. Jekyll and Mr. Hyde,"Stevenson, Robert Louis",https://www.gutenberg.org/ebooks/42.txt.utf-8,2139,"that which I suppose to be most probable. The evil side of my nature,"
42,The strange case of Dr. Jekyll and Mr. Hyde,"Stevenson, Robert Louis",https://www.gutenberg.org/ebooks/42.txt.utf-8,2140,"to which I had now transferred the stamping efficacy, was less robust"
42,The strange case of Dr. Jekyll and Mr. Hyde,"Stevenson, Robert Louis",https://www.gutenberg.org/ebooks/42.txt.utf-8,2141,"and less developed than the good which I had just deposed. Again, in"
42,The strange case of Dr. Jekyll and Mr. Hyde,"Stevenson, Robert Louis",https://www.gutenberg.org/ebooks/42.txt.utf-8,2142,"the course of my life, which had been, after all, nine-tenths a life of"
42,The strange case of Dr. Jekyll and Mr. Hyde,"Stevenson, Robert Louis",https://www.gutenberg.org/ebooks/42.txt.utf-8,2143,"effort, virtue, and control, it had been much less exercised and much"
42,The strange case of Dr. Jekyll and Mr. Hyde,"Stevenson, Robert Louis",https://www.gutenberg.org/ebooks/42.txt.utf-8,2144,"less exhausted. And hence, as I think, it came about that Edward Hyde"
42,The strange case of Dr. Jekyll and Mr. Hyde,"Stevenson, Robert Louis",https://www.gutenberg.org/ebooks/42.txt.utf-8,2145,"was so much smaller, slighter, and younger than Henry Jekyll. Even as"
42,The strange case of Dr. Jekyll and Mr. Hyde,"Stevenson, Robert Louis",https://www.gutenberg.org/ebooks/42.txt.utf-8,2146,"good shone upon the countenance of the one, evil was written broadly"
42,The strange case of Dr. Jekyll and Mr. Hyde,"Stevenson, Robert Louis",https://www.gutenberg.org/ebooks/42.txt.utf-8,2147,and plainly on the face of the other. Evil besides (which I must still
42,The strange case of Dr. Jekyll and Mr. Hyde,"Stevenson, Robert Louis",https://www.gutenberg.org/ebooks/42.txt.utf-8,2148,believe to be the lethal side of man) had left on that body an imprint
42,The strange case of Dr. Jekyll and Mr. Hyde,"Stevenson, Robert Louis",https://www.gutenberg.org/ebooks/42.txt.utf-8,2149,of deformity and decay. And yet when I looked upon that ugly idol in
42,The strange case of Dr. Jekyll and Mr. Hyde,"Stevenson, Robert Louis",https://www.gutenberg.org/ebooks/42.txt.utf-8,2150,"the glass, I was conscious of no repugnance, rather of a leap of"
42,The strange case of Dr. Jekyll and Mr. Hyde,"Stevenson, Robert Louis",https://www.gutenberg.org/ebooks/42.txt.utf-8,2151,"welcome. This, too, was myself. It seemed natural and human. In my eyes"
42,The strange case of Dr. Jekyll and Mr. Hyde,"Stevenson, Robert Louis",https://www.gutenberg.org/ebooks/42.txt.utf-8,2152,"it bore a livelier image of the spirit, it seemed more express and"
42,The strange case of Dr. Jekyll and Mr. Hyde,"Stevenson, Robert Louis",https://www.gutenberg.org/ebooks/42.txt.utf-8,2153,"single, than the imperfect and divided countenance I had been hitherto"
42,The strange case of Dr. Jekyll and Mr. Hyde,"Stevenson, Robert Louis",https://www.gutenberg.org/ebooks/42.txt.utf-8,2154,accustomed to call mine. And in so far I was doubtless right. I have
42,The strange case of Dr. Jekyll and Mr. Hyde,"Stevenson, Robert Louis",https://www.gutenberg.org/ebooks/42.txt.utf-8,2155,"observed that when I wore the semblance of Edward Hyde, none could come"
42,The strange case of Dr. Jekyll and Mr. Hyde,"Stevenson, Robert Louis",https://www.gutenberg.org/ebooks/42.txt.utf-8,2156,"near to me at first without a visible misgiving of the flesh. This, as"
42,The strange case of Dr. Jekyll and Mr. Hyde,"Stevenson, Robert Louis",https://www.gutenberg.org/ebooks/42.txt.utf-8,2157,"I take it, was because all human beings, as we meet them, are"
42,The strange case of Dr. Jekyll and Mr. Hyde,"Stevenson, Robert Louis",https://www.gutenberg.org/ebooks/42.txt.utf-8,2158,"commingled out of good and evil: and Edward Hyde, alone in the ranks of"
42,The strange case of Dr. Jekyll and Mr. Hyde,"Stevenson, Robert Louis",https://www.gutenberg.org/ebooks/42.txt.utf-8,2159,"mankind, was pure evil."
42,The strange case of Dr. Jekyll and Mr. Hyde,"Stevenson, Robert Louis",https://www.gutenberg.org/ebooks/42.txt.utf-8,2160,
42,The strange case of Dr. Jekyll and Mr. Hyde,"Stevenson, Robert Louis",https://www.gutenberg.org/ebooks/42.txt.utf-8,2161,I lingered but a moment at the mirror: the second and conclusive
42,The strange case of Dr. Jekyll and Mr. Hyde,"Stevenson, Robert Louis",https://www.gutenberg.org/ebooks/42.txt.utf-8,2162,experiment had yet to be attempted; it yet remained to be seen if I had
42,The strange case of Dr. Jekyll and Mr. Hyde,"Stevenson, Robert Louis",https://www.gutenberg.org/ebooks/42.txt.utf-8,2163,lost my identity beyond redemption and must flee before daylight from a
42,The strange case of Dr. Jekyll and Mr. Hyde,"Stevenson, Robert Louis",https://www.gutenberg.org/ebooks/42.txt.utf-8,2164,"house that was no longer mine; and hurrying back to my cabinet, I once"
42,The strange case of Dr. Jekyll and Mr. Hyde,"Stevenson, Robert Louis",https://www.gutenberg.org/ebooks/42.txt.utf-8,2165,"more prepared and drank the cup, once more suffered the pangs of"
42,The strange case of Dr. Jekyll and Mr. Hyde,"Stevenson, Robert Louis",https://www.gutenberg.org/ebooks/42.txt.utf-8,2166,"dissolution, and came to myself once more with the character, the"
42,The strange case of Dr. Jekyll and Mr. Hyde,"Stevenson, Robert Louis",https://www.gutenberg.org/ebooks/42.txt.utf-8,2167,"stature, and the face of Henry Jekyll."
42,The strange case of Dr. Jekyll and Mr. Hyde,"Stevenson, Robert Louis",https://www.gutenberg.org/ebooks/42.txt.utf-8,2168,
42,The strange case of Dr. Jekyll and Mr. Hyde,"Stevenson, Robert Louis",https://www.gutenberg.org/ebooks/42.txt.utf-8,2169,That night I had come to the fatal cross-roads. Had I approached my
42,The strange case of Dr. Jekyll and Mr. Hyde,"Stevenson, Robert Louis",https://www.gutenberg.org/ebooks/42.txt.utf-8,2170,"discovery in a more noble spirit, had I risked the experiment while"
42,The strange case of Dr. Jekyll and Mr. Hyde,"Stevenson, Robert Louis",https://www.gutenberg.org/ebooks/42.txt.utf-8,2171,"under the empire of generous or pious aspirations, all must have been"
42,The strange case of Dr. Jekyll and Mr. Hyde,"Stevenson, Robert Louis",https://www.gutenberg.org/ebooks/42.txt.utf-8,2172,"otherwise, and from these agonies of death and birth, I had come forth"
42,The strange case of Dr. Jekyll and Mr. Hyde,"Stevenson, Robert Louis",https://www.gutenberg.org/ebooks/42.txt.utf-8,2173,an angel instead of a fiend. The drug had no discriminating action; it
42,The strange case of Dr. Jekyll and Mr. Hyde,"Stevenson, Robert Louis",https://www.gutenberg.org/ebooks/42.txt.utf-8,2174,was neither diabolical nor divine; it but shook the doors of the
42,The strange case of Dr. Jekyll and Mr. Hyde,"Stevenson, Robert Louis",https://www.gutenberg.org/ebooks/42.txt.utf-8,2175,"prison-house of my disposition; and like the captives of Philippi, that"
42,The strange case of Dr. Jekyll and Mr. Hyde,"Stevenson, Robert Louis",https://www.gutenberg.org/ebooks/42.txt.utf-8,2176,which stood within ran forth. At that time my virtue slumbered; my
42,The strange case of Dr. Jekyll and Mr. Hyde,"Stevenson, Robert Louis",https://www.gutenberg.org/ebooks/42.txt.utf-8,2177,"evil, kept awake by ambition, was alert and swift to seize the"
42,The strange case of Dr. Jekyll and Mr. Hyde,"Stevenson, Robert Louis",https://www.gutenberg.org/ebooks/42.txt.utf-8,2178,"occasion; and the thing that was projected was Edward Hyde. Hence,"
42,The strange case of Dr. Jekyll and Mr. Hyde,"Stevenson, Robert Louis",https://www.gutenberg.org/ebooks/42.txt.utf-8,2179,"although I had now two characters as well as two appearances, one was"
42,The strange case of Dr. Jekyll and Mr. Hyde,"Stevenson, Robert Louis",https://www.gutenberg.org/ebooks/42.txt.utf-8,2180,"wholly evil, and the other was still the old Henry Jekyll, that"
42,The strange case of Dr. Jekyll and Mr. Hyde,"Stevenson, Robert Louis",https://www.gutenberg.org/ebooks/42.txt.utf-8,2181,incongruous compound of whose reformation and improvement I had already
42,The strange case of Dr. Jekyll and Mr. Hyde,"Stevenson, Robert Louis",https://www.gutenberg.org/ebooks/42.txt.utf-8,2182,learned to despair. The movement was thus wholly toward the worse.
42,The strange case of Dr. Jekyll and Mr. Hyde,"Stevenson, Robert Louis",https://www.gutenberg.org/ebooks/42.txt.utf-8,2183,
42,The strange case of Dr. Jekyll and Mr. Hyde,"Stevenson, Robert Louis",https://www.gutenberg.org/ebooks/42.txt.utf-8,2184,"Even at that time, I had not yet conquered my aversion to the dryness"
42,The strange case of Dr. Jekyll and Mr. Hyde,"Stevenson, Robert Louis",https://www.gutenberg.org/ebooks/42.txt.utf-8,2185,of a life of study. I would still be merrily disposed at times; and as
42,The strange case of Dr. Jekyll and Mr. Hyde,"Stevenson, Robert Louis",https://www.gutenberg.org/ebooks/42.txt.utf-8,2186,"my pleasures were (to say the least) undignified, and I was not only"
42,The strange case of Dr. Jekyll and Mr. Hyde,"Stevenson, Robert Louis",https://www.gutenberg.org/ebooks/42.txt.utf-8,2187,"well known and highly considered, but growing toward the elderly man,"
42,The strange case of Dr. Jekyll and Mr. Hyde,"Stevenson, Robert Louis",https://www.gutenberg.org/ebooks/42.txt.utf-8,2188,this incoherency of my life was daily growing more unwelcome. It was on
42,The strange case of Dr. Jekyll and Mr. Hyde,"Stevenson, Robert Louis",https://www.gutenberg.org/ebooks/42.txt.utf-8,2189,this side that my new power tempted me until I fell in slavery. I had
42,The strange case of Dr. Jekyll and Mr. Hyde,"Stevenson, Robert Louis",https://www.gutenberg.org/ebooks/42.txt.utf-8,2190,"but to drink the cup, to doff at once the body of the noted professor,"
42,The strange case of Dr. Jekyll and Mr. Hyde,"Stevenson, Robert Louis",https://www.gutenberg.org/ebooks/42.txt.utf-8,2191,"and to assume, like a thick cloak, that of Edward Hyde. I smiled at the"
42,The strange case of Dr. Jekyll and Mr. Hyde,"Stevenson, Robert Louis",https://www.gutenberg.org/ebooks/42.txt.utf-8,2192,notion; it seemed to me at the time to be humorous; and I made my
42,The strange case of Dr. Jekyll and Mr. Hyde,"Stevenson, Robert Louis",https://www.gutenberg.org/ebooks/42.txt.utf-8,2193,preparations with the most studious care. I took and furnished that
42,The strange case of Dr. Jekyll and Mr. Hyde,"Stevenson, Robert Louis",https://www.gutenberg.org/ebooks/42.txt.utf-8,2194,"house in Soho, to which Hyde was tracked by the police; and engaged as"
42,The strange case of Dr. Jekyll and Mr. Hyde,"Stevenson, Robert Louis",https://www.gutenberg.org/ebooks/42.txt.utf-8,2195,housekeeper a creature whom I well knew to be silent and unscrupulous.
42,The strange case of Dr. Jekyll and Mr. Hyde,"Stevenson, Robert Louis",https://www.gutenberg.org/ebooks/42.txt.utf-8,2196,"On the other side, I announced to my servants that a Mr. Hyde (whom I"
42,The strange case of Dr. Jekyll and Mr. Hyde,"Stevenson, Robert Louis",https://www.gutenberg.org/ebooks/42.txt.utf-8,2197,described) was to have full liberty and power about my house in the
42,The strange case of Dr. Jekyll and Mr. Hyde,"Stevenson, Robert Louis",https://www.gutenberg.org/ebooks/42.txt.utf-8,2198,"square; and to parry mishaps, I even called and made myself a familiar"
42,The strange case of Dr. Jekyll and Mr. Hyde,"Stevenson, Robert Louis",https://www.gutenberg.org/ebooks/42.txt.utf-8,2199,"object, in my second character. I next drew up that will to which you"
42,The strange case of Dr. Jekyll and Mr. Hyde,"Stevenson, Robert Louis",https://www.gutenberg.org/ebooks/42.txt.utf-8,2200,so much objected; so that if anything befell me in the person of Dr.
42,The strange case of Dr. Jekyll and Mr. Hyde,"Stevenson, Robert Louis",https://www.gutenberg.org/ebooks/42.txt.utf-8,2201,"Jekyll, I could enter on that of Edward Hyde without pecuniary loss."
42,The strange case of Dr. Jekyll and Mr. Hyde,"Stevenson, Robert Louis",https://www.gutenberg.org/ebooks/42.txt.utf-8,2202,"And thus fortified, as I supposed, on every side, I began to profit by"
42,The strange case of Dr. Jekyll and Mr. Hyde,"Stevenson, Robert Louis",https://www.gutenberg.org/ebooks/42.txt.utf-8,2203,the strange immunities of my position.
42,The strange case of Dr. Jekyll and Mr. Hyde,"Stevenson, Robert Louis",https://www.gutenberg.org/ebooks/42.txt.utf-8,2204,
42,The strange case of Dr. Jekyll and Mr. Hyde,"Stevenson, Robert Louis",https://www.gutenberg.org/ebooks/42.txt.utf-8,2205,"Men have before hired bravos to transact their crimes, while their own"
42,The strange case of Dr. Jekyll and Mr. Hyde,"Stevenson, Robert Louis",https://www.gutenberg.org/ebooks/42.txt.utf-8,2206,person and reputation sat under shelter. I was the first that ever did
42,The strange case of Dr. Jekyll and Mr. Hyde,"Stevenson, Robert Louis",https://www.gutenberg.org/ebooks/42.txt.utf-8,2207,so for his pleasures. I was the first that could thus plod in the
42,The strange case of Dr. Jekyll and Mr. Hyde,"Stevenson, Robert Louis",https://www.gutenberg.org/ebooks/42.txt.utf-8,2208,"public eye with a load of genial respectability, and in a moment, like"
42,The strange case of Dr. Jekyll and Mr. Hyde,"Stevenson, Robert Louis",https://www.gutenberg.org/ebooks/42.txt.utf-8,2209,"a schoolboy, strip off these lendings and spring headlong into the sea"
42,The strange case of Dr. Jekyll and Mr. Hyde,"Stevenson, Robert Louis",https://www.gutenberg.org/ebooks/42.txt.utf-8,2210,"of liberty. But for me, in my impenetrable mantle, the safety was"
42,The strange case of Dr. Jekyll and Mr. Hyde,"Stevenson, Robert Louis",https://www.gutenberg.org/ebooks/42.txt.utf-8,2211,complete. Think of it—I did not even exist! Let me but escape into my
42,The strange case of Dr. Jekyll and Mr. Hyde,"Stevenson, Robert Louis",https://www.gutenberg.org/ebooks/42.txt.utf-8,2212,"laboratory door, give me but a second or two to mix and swallow the"
42,The strange case of Dr. Jekyll and Mr. Hyde,"Stevenson, Robert Louis",https://www.gutenberg.org/ebooks/42.txt.utf-8,2213,"draught that I had always standing ready; and whatever he had done,"
42,The strange case of Dr. Jekyll and Mr. Hyde,"Stevenson, Robert Louis",https://www.gutenberg.org/ebooks/42.txt.utf-8,2214,Edward Hyde would pass away like the stain of breath upon a mirror; and
42,The strange case of Dr. Jekyll and Mr. Hyde,"Stevenson, Robert Louis",https://www.gutenberg.org/ebooks/42.txt.utf-8,2215,"there in his stead, quietly at home, trimming the midnight lamp in his"
42,The strange case of Dr. Jekyll and Mr. Hyde,"Stevenson, Robert Louis",https://www.gutenberg.org/ebooks/42.txt.utf-8,2216,"study, a man who could afford to laugh at suspicion, would be Henry"
42,The strange case of Dr. Jekyll and Mr. Hyde,"Stevenson, Robert Louis",https://www.gutenberg.org/ebooks/42.txt.utf-8,2217,Jekyll.
42,The strange case of Dr. Jekyll and Mr. Hyde,"Stevenson, Robert Louis",https://www.gutenberg.org/ebooks/42.txt.utf-8,2218,
42,The strange case of Dr. Jekyll and Mr. Hyde,"Stevenson, Robert Louis",https://www.gutenberg.org/ebooks/42.txt.utf-8,2219,"The pleasures which I made haste to seek in my disguise were, as I have"
42,The strange case of Dr. Jekyll and Mr. Hyde,"Stevenson, Robert Louis",https://www.gutenberg.org/ebooks/42.txt.utf-8,2220,"said, undignified; I would scarce use a harder term. But in the hands"
42,The strange case of Dr. Jekyll and Mr. Hyde,"Stevenson, Robert Louis",https://www.gutenberg.org/ebooks/42.txt.utf-8,2221,"of Edward Hyde, they soon began to turn toward the monstrous. When I"
42,The strange case of Dr. Jekyll and Mr. Hyde,"Stevenson, Robert Louis",https://www.gutenberg.org/ebooks/42.txt.utf-8,2222,"would come back from these excursions, I was often plunged into a kind"
42,The strange case of Dr. Jekyll and Mr. Hyde,"Stevenson, Robert Louis",https://www.gutenberg.org/ebooks/42.txt.utf-8,2223,of wonder at my vicarious depravity. This familiar that I called out of
42,The strange case of Dr. Jekyll and Mr. Hyde,"Stevenson, Robert Louis",https://www.gutenberg.org/ebooks/42.txt.utf-8,2224,"my own soul, and sent forth alone to do his good pleasure, was a being"
42,The strange case of Dr. Jekyll and Mr. Hyde,"Stevenson, Robert Louis",https://www.gutenberg.org/ebooks/42.txt.utf-8,2225,inherently malign and villainous; his every act and thought centred on
42,The strange case of Dr. Jekyll and Mr. Hyde,"Stevenson, Robert Louis",https://www.gutenberg.org/ebooks/42.txt.utf-8,2226,self; drinking pleasure with bestial avidity from any degree of torture
42,The strange case of Dr. Jekyll and Mr. Hyde,"Stevenson, Robert Louis",https://www.gutenberg.org/ebooks/42.txt.utf-8,2227,to another; relentless like a man of stone. Henry Jekyll stood at times
42,The strange case of Dr. Jekyll and Mr. Hyde,"Stevenson, Robert Louis",https://www.gutenberg.org/ebooks/42.txt.utf-8,2228,aghast before the acts of Edward Hyde; but the situation was apart from
42,The strange case of Dr. Jekyll and Mr. Hyde,"Stevenson, Robert Louis",https://www.gutenberg.org/ebooks/42.txt.utf-8,2229,"ordinary laws, and insidiously relaxed the grasp of conscience. It was"
42,The strange case of Dr. Jekyll and Mr. Hyde,"Stevenson, Robert Louis",https://www.gutenberg.org/ebooks/42.txt.utf-8,2230,"Hyde, after all, and Hyde alone, that was guilty. Jekyll was no worse;"
42,The strange case of Dr. Jekyll and Mr. Hyde,"Stevenson, Robert Louis",https://www.gutenberg.org/ebooks/42.txt.utf-8,2231,he woke again to his good qualities seemingly unimpaired; he would even
42,The strange case of Dr. Jekyll and Mr. Hyde,"Stevenson, Robert Louis",https://www.gutenberg.org/ebooks/42.txt.utf-8,2232,"make haste, where it was possible, to undo the evil done by Hyde. And"
42,The strange case of Dr. Jekyll and Mr. Hyde,"Stevenson, Robert Louis",https://www.gutenberg.org/ebooks/42.txt.utf-8,2233,thus his conscience slumbered.
42,The strange case of Dr. Jekyll and Mr. Hyde,"Stevenson, Robert Louis",https://www.gutenberg.org/ebooks/42.txt.utf-8,2234,
42,The strange case of Dr. Jekyll and Mr. Hyde,"Stevenson, Robert Louis",https://www.gutenberg.org/ebooks/42.txt.utf-8,2235,Into the details of the infamy at which I thus connived (for even now I
42,The strange case of Dr. Jekyll and Mr. Hyde,"Stevenson, Robert Louis",https://www.gutenberg.org/ebooks/42.txt.utf-8,2236,can scarce grant that I committed it) I have no design of entering; I
42,The strange case of Dr. Jekyll and Mr. Hyde,"Stevenson, Robert Louis",https://www.gutenberg.org/ebooks/42.txt.utf-8,2237,mean but to point out the warnings and the successive steps with which
42,The strange case of Dr. Jekyll and Mr. Hyde,"Stevenson, Robert Louis",https://www.gutenberg.org/ebooks/42.txt.utf-8,2238,"my chastisement approached. I met with one accident which, as it"
42,The strange case of Dr. Jekyll and Mr. Hyde,"Stevenson, Robert Louis",https://www.gutenberg.org/ebooks/42.txt.utf-8,2239,"brought on no consequence, I shall no more than mention. An act of"
42,The strange case of Dr. Jekyll and Mr. Hyde,"Stevenson, Robert Louis",https://www.gutenberg.org/ebooks/42.txt.utf-8,2240,"cruelty to a child aroused against me the anger of a passer-by, whom I"
42,The strange case of Dr. Jekyll and Mr. Hyde,"Stevenson, Robert Louis",https://www.gutenberg.org/ebooks/42.txt.utf-8,2241,recognised the other day in the person of your kinsman; the doctor and
42,The strange case of Dr. Jekyll and Mr. Hyde,"Stevenson, Robert Louis",https://www.gutenberg.org/ebooks/42.txt.utf-8,2242,the child’s family joined him; there were moments when I feared for my
42,The strange case of Dr. Jekyll and Mr. Hyde,"Stevenson, Robert Louis",https://www.gutenberg.org/ebooks/42.txt.utf-8,2243,"life; and at last, in order to pacify their too just resentment, Edward"
42,The strange case of Dr. Jekyll and Mr. Hyde,"Stevenson, Robert Louis",https://www.gutenberg.org/ebooks/42.txt.utf-8,2244,"Hyde had to bring them to the door, and pay them in a cheque drawn in"
42,The strange case of Dr. Jekyll and Mr. Hyde,"Stevenson, Robert Louis",https://www.gutenberg.org/ebooks/42.txt.utf-8,2245,the name of Henry Jekyll. But this danger was easily eliminated from
42,The strange case of Dr. Jekyll and Mr. Hyde,"Stevenson, Robert Louis",https://www.gutenberg.org/ebooks/42.txt.utf-8,2246,"the future, by opening an account at another bank in the name of Edward"
42,The strange case of Dr. Jekyll and Mr. Hyde,"Stevenson, Robert Louis",https://www.gutenberg.org/ebooks/42.txt.utf-8,2247,"Hyde himself; and when, by sloping my own hand backward, I had supplied"
42,The strange case of Dr. Jekyll and Mr. Hyde,"Stevenson, Robert Louis",https://www.gutenberg.org/ebooks/42.txt.utf-8,2248,"my double with a signature, I thought I sat beyond the reach of fate."
42,The strange case of Dr. Jekyll and Mr. Hyde,"Stevenson, Robert Louis",https://www.gutenberg.org/ebooks/42.txt.utf-8,2249,
42,The strange case of Dr. Jekyll and Mr. Hyde,"Stevenson, Robert Louis",https://www.gutenberg.org/ebooks/42.txt.utf-8,2250,"Some two months before the murder of Sir Danvers, I had been out for"
42,The strange case of Dr. Jekyll and Mr. Hyde,"Stevenson, Robert Louis",https://www.gutenberg.org/ebooks/42.txt.utf-8,2251,"one of my adventures, had returned at a late hour, and woke the next"
42,The strange case of Dr. Jekyll and Mr. Hyde,"Stevenson, Robert Louis",https://www.gutenberg.org/ebooks/42.txt.utf-8,2252,day in bed with somewhat odd sensations. It was in vain I looked about
42,The strange case of Dr. Jekyll and Mr. Hyde,"Stevenson, Robert Louis",https://www.gutenberg.org/ebooks/42.txt.utf-8,2253,me; in vain I saw the decent furniture and tall proportions of my room
42,The strange case of Dr. Jekyll and Mr. Hyde,"Stevenson, Robert Louis",https://www.gutenberg.org/ebooks/42.txt.utf-8,2254,in the square; in vain that I recognised the pattern of the
42,The strange case of Dr. Jekyll and Mr. Hyde,"Stevenson, Robert Louis",https://www.gutenberg.org/ebooks/42.txt.utf-8,2255,bed-curtains and the design of the mahogany frame; something still kept
42,The strange case of Dr. Jekyll and Mr. Hyde,"Stevenson, Robert Louis",https://www.gutenberg.org/ebooks/42.txt.utf-8,2256,"insisting that I was not where I was, that I had not wakened where I"
42,The strange case of Dr. Jekyll and Mr. Hyde,"Stevenson, Robert Louis",https://www.gutenberg.org/ebooks/42.txt.utf-8,2257,"seemed to be, but in the little room in Soho where I was accustomed to"
42,The strange case of Dr. Jekyll and Mr. Hyde,"Stevenson, Robert Louis",https://www.gutenberg.org/ebooks/42.txt.utf-8,2258,"sleep in the body of Edward Hyde. I smiled to myself, and, in my"
42,The strange case of Dr. Jekyll and Mr. Hyde,"Stevenson, Robert Louis",https://www.gutenberg.org/ebooks/42.txt.utf-8,2259,psychological way began lazily to inquire into the elements of this
42,The strange case of Dr. Jekyll and Mr. Hyde,"Stevenson, Robert Louis",https://www.gutenberg.org/ebooks/42.txt.utf-8,2260,"illusion, occasionally, even as I did so, dropping back into a"
42,The strange case of Dr. Jekyll and Mr. Hyde,"Stevenson, Robert Louis",https://www.gutenberg.org/ebooks/42.txt.utf-8,2261,"comfortable morning doze. I was still so engaged when, in one of my"
42,The strange case of Dr. Jekyll and Mr. Hyde,"Stevenson, Robert Louis",https://www.gutenberg.org/ebooks/42.txt.utf-8,2262,"more wakeful moments, my eyes fell upon my hand. Now the hand of Henry"
42,The strange case of Dr. Jekyll and Mr. Hyde,"Stevenson, Robert Louis",https://www.gutenberg.org/ebooks/42.txt.utf-8,2263,Jekyll (as you have often remarked) was professional in shape and size:
42,The strange case of Dr. Jekyll and Mr. Hyde,"Stevenson, Robert Louis",https://www.gutenberg.org/ebooks/42.txt.utf-8,2264,"it was large, firm, white, and comely. But the hand which I now saw,"
42,The strange case of Dr. Jekyll and Mr. Hyde,"Stevenson, Robert Louis",https://www.gutenberg.org/ebooks/42.txt.utf-8,2265,"clearly enough, in the yellow light of a mid-London morning, lying half"
42,The strange case of Dr. Jekyll and Mr. Hyde,"Stevenson, Robert Louis",https://www.gutenberg.org/ebooks/42.txt.utf-8,2266,"shut on the bed-clothes, was lean, corded, knuckly, of a dusky pallor"
42,The strange case of Dr. Jekyll and Mr. Hyde,"Stevenson, Robert Louis",https://www.gutenberg.org/ebooks/42.txt.utf-8,2267,and thickly shaded with a swart growth of hair. It was the hand of
42,The strange case of Dr. Jekyll and Mr. Hyde,"Stevenson, Robert Louis",https://www.gutenberg.org/ebooks/42.txt.utf-8,2268,Edward Hyde.
42,The strange case of Dr. Jekyll and Mr. Hyde,"Stevenson, Robert Louis",https://www.gutenberg.org/ebooks/42.txt.utf-8,2269,
42,The strange case of Dr. Jekyll and Mr. Hyde,"Stevenson, Robert Louis",https://www.gutenberg.org/ebooks/42.txt.utf-8,2270,"I must have stared upon it for near half a minute, sunk as I was in the"
42,The strange case of Dr. Jekyll and Mr. Hyde,"Stevenson, Robert Louis",https://www.gutenberg.org/ebooks/42.txt.utf-8,2271,"mere stupidity of wonder, before terror woke up in my breast as sudden"
42,The strange case of Dr. Jekyll and Mr. Hyde,"Stevenson, Robert Louis",https://www.gutenberg.org/ebooks/42.txt.utf-8,2272,"and startling as the crash of cymbals; and bounding from my bed, I"
42,The strange case of Dr. Jekyll and Mr. Hyde,"Stevenson, Robert Louis",https://www.gutenberg.org/ebooks/42.txt.utf-8,2273,"rushed to the mirror. At the sight that met my eyes, my blood was"
42,The strange case of Dr. Jekyll and Mr. Hyde,"Stevenson, Robert Louis",https://www.gutenberg.org/ebooks/42.txt.utf-8,2274,"changed into something exquisitely thin and icy. Yes, I had gone to bed"
42,The strange case of Dr. Jekyll and Mr. Hyde,"Stevenson, Robert Louis",https://www.gutenberg.org/ebooks/42.txt.utf-8,2275,"Henry Jekyll, I had awakened Edward Hyde. How was this to be explained?"
42,The strange case of Dr. Jekyll and Mr. Hyde,"Stevenson, Robert Louis",https://www.gutenberg.org/ebooks/42.txt.utf-8,2276,"I asked myself, and then, with another bound of terror—how was it to be"
42,The strange case of Dr. Jekyll and Mr. Hyde,"Stevenson, Robert Louis",https://www.gutenberg.org/ebooks/42.txt.utf-8,2277,remedied? It was well on in the morning; the servants were up; all my
42,The strange case of Dr. Jekyll and Mr. Hyde,"Stevenson, Robert Louis",https://www.gutenberg.org/ebooks/42.txt.utf-8,2278,"drugs were in the cabinet—a long journey down two pairs of stairs,"
42,The strange case of Dr. Jekyll and Mr. Hyde,"Stevenson, Robert Louis",https://www.gutenberg.org/ebooks/42.txt.utf-8,2279,"through the back passage, across the open court and through the"
42,The strange case of Dr. Jekyll and Mr. Hyde,"Stevenson, Robert Louis",https://www.gutenberg.org/ebooks/42.txt.utf-8,2280,"anatomical theatre, from where I was then standing horror-struck. It"
42,The strange case of Dr. Jekyll and Mr. Hyde,"Stevenson, Robert Louis",https://www.gutenberg.org/ebooks/42.txt.utf-8,2281,"might indeed be possible to cover my face; but of what use was that,"
42,The strange case of Dr. Jekyll and Mr. Hyde,"Stevenson, Robert Louis",https://www.gutenberg.org/ebooks/42.txt.utf-8,2282,when I was unable to conceal the alteration in my stature? And then
42,The strange case of Dr. Jekyll and Mr. Hyde,"Stevenson, Robert Louis",https://www.gutenberg.org/ebooks/42.txt.utf-8,2283,"with an overpowering sweetness of relief, it came back upon my mind"
42,The strange case of Dr. Jekyll and Mr. Hyde,"Stevenson, Robert Louis",https://www.gutenberg.org/ebooks/42.txt.utf-8,2284,that the servants were already used to the coming and going of my
42,The strange case of Dr. Jekyll and Mr. Hyde,"Stevenson, Robert Louis",https://www.gutenberg.org/ebooks/42.txt.utf-8,2285,"second self. I had soon dressed, as well as I was able, in clothes of"
42,The strange case of Dr. Jekyll and Mr. Hyde,"Stevenson, Robert Louis",https://www.gutenberg.org/ebooks/42.txt.utf-8,2286,"my own size: had soon passed through the house, where Bradshaw stared"
42,The strange case of Dr. Jekyll and Mr. Hyde,"Stevenson, Robert Louis",https://www.gutenberg.org/ebooks/42.txt.utf-8,2287,and drew back at seeing Mr. Hyde at such an hour and in such a strange
42,The strange case of Dr. Jekyll and Mr. Hyde,"Stevenson, Robert Louis",https://www.gutenberg.org/ebooks/42.txt.utf-8,2288,"array; and ten minutes later, Dr. Jekyll had returned to his own shape"
42,The strange case of Dr. Jekyll and Mr. Hyde,"Stevenson, Robert Louis",https://www.gutenberg.org/ebooks/42.txt.utf-8,2289,"and was sitting down, with a darkened brow, to make a feint of"
42,The strange case of Dr. Jekyll and Mr. Hyde,"Stevenson, Robert Louis",https://www.gutenberg.org/ebooks/42.txt.utf-8,2290,breakfasting.
42,The strange case of Dr. Jekyll and Mr. Hyde,"Stevenson, Robert Louis",https://www.gutenberg.org/ebooks/42.txt.utf-8,2291,
42,The strange case of Dr. Jekyll and Mr. Hyde,"Stevenson, Robert Louis",https://www.gutenberg.org/ebooks/42.txt.utf-8,2292,"Small indeed was my appetite. This inexplicable incident, this reversal"
42,The strange case of Dr. Jekyll and Mr. Hyde,"Stevenson, Robert Louis",https://www.gutenberg.org/ebooks/42.txt.utf-8,2293,"of my previous experience, seemed, like the Babylonian finger on the"
42,The strange case of Dr. Jekyll and Mr. Hyde,"Stevenson, Robert Louis",https://www.gutenberg.org/ebooks/42.txt.utf-8,2294,"wall, to be spelling out the letters of my judgment; and I began to"
42,The strange case of Dr. Jekyll and Mr. Hyde,"Stevenson, Robert Louis",https://www.gutenberg.org/ebooks/42.txt.utf-8,2295,reflect more seriously than ever before on the issues and possibilities
42,The strange case of Dr. Jekyll and Mr. Hyde,"Stevenson, Robert Louis",https://www.gutenberg.org/ebooks/42.txt.utf-8,2296,of my double existence. That part of me which I had the power of
42,The strange case of Dr. Jekyll and Mr. Hyde,"Stevenson, Robert Louis",https://www.gutenberg.org/ebooks/42.txt.utf-8,2297,"projecting, had lately been much exercised and nourished; it had seemed"
42,The strange case of Dr. Jekyll and Mr. Hyde,"Stevenson, Robert Louis",https://www.gutenberg.org/ebooks/42.txt.utf-8,2298,"to me of late as though the body of Edward Hyde had grown in stature,"
42,The strange case of Dr. Jekyll and Mr. Hyde,"Stevenson, Robert Louis",https://www.gutenberg.org/ebooks/42.txt.utf-8,2299,as though (when I wore that form) I were conscious of a more generous
42,The strange case of Dr. Jekyll and Mr. Hyde,"Stevenson, Robert Louis",https://www.gutenberg.org/ebooks/42.txt.utf-8,2300,"tide of blood; and I began to spy a danger that, if this were much"
42,The strange case of Dr. Jekyll and Mr. Hyde,"Stevenson, Robert Louis",https://www.gutenberg.org/ebooks/42.txt.utf-8,2301,"prolonged, the balance of my nature might be permanently overthrown,"
42,The strange case of Dr. Jekyll and Mr. Hyde,"Stevenson, Robert Louis",https://www.gutenberg.org/ebooks/42.txt.utf-8,2302,"the power of voluntary change be forfeited, and the character of Edward"
42,The strange case of Dr. Jekyll and Mr. Hyde,"Stevenson, Robert Louis",https://www.gutenberg.org/ebooks/42.txt.utf-8,2303,Hyde become irrevocably mine. The power of the drug had not been always
42,The strange case of Dr. Jekyll and Mr. Hyde,"Stevenson, Robert Louis",https://www.gutenberg.org/ebooks/42.txt.utf-8,2304,"equally displayed. Once, very early in my career, it had totally failed"
42,The strange case of Dr. Jekyll and Mr. Hyde,"Stevenson, Robert Louis",https://www.gutenberg.org/ebooks/42.txt.utf-8,2305,"me; since then I had been obliged on more than one occasion to double,"
42,The strange case of Dr. Jekyll and Mr. Hyde,"Stevenson, Robert Louis",https://www.gutenberg.org/ebooks/42.txt.utf-8,2306,"and once, with infinite risk of death, to treble the amount; and these"
42,The strange case of Dr. Jekyll and Mr. Hyde,"Stevenson, Robert Louis",https://www.gutenberg.org/ebooks/42.txt.utf-8,2307,rare uncertainties had cast hitherto the sole shadow on my contentment.
42,The strange case of Dr. Jekyll and Mr. Hyde,"Stevenson, Robert Louis",https://www.gutenberg.org/ebooks/42.txt.utf-8,2308,"Now, however, and in the light of that morning’s accident, I was led to"
42,The strange case of Dr. Jekyll and Mr. Hyde,"Stevenson, Robert Louis",https://www.gutenberg.org/ebooks/42.txt.utf-8,2309,"remark that whereas, in the beginning, the difficulty had been to throw"
42,The strange case of Dr. Jekyll and Mr. Hyde,"Stevenson, Robert Louis",https://www.gutenberg.org/ebooks/42.txt.utf-8,2310,"off the body of Jekyll, it had of late gradually but decidedly"
42,The strange case of Dr. Jekyll and Mr. Hyde,"Stevenson, Robert Louis",https://www.gutenberg.org/ebooks/42.txt.utf-8,2311,transferred itself to the other side. All things therefore seemed to
42,The strange case of Dr. Jekyll and Mr. Hyde,"Stevenson, Robert Louis",https://www.gutenberg.org/ebooks/42.txt.utf-8,2312,point to this: that I was slowly losing hold of my original and better
42,The strange case of Dr. Jekyll and Mr. Hyde,"Stevenson, Robert Louis",https://www.gutenberg.org/ebooks/42.txt.utf-8,2313,"self, and becoming slowly incorporated with my second and worse."
42,The strange case of Dr. Jekyll and Mr. Hyde,"Stevenson, Robert Louis",https://www.gutenberg.org/ebooks/42.txt.utf-8,2314,
42,The strange case of Dr. Jekyll and Mr. Hyde,"Stevenson, Robert Louis",https://www.gutenberg.org/ebooks/42.txt.utf-8,2315,"Between these two, I now felt I had to choose. My two natures had"
42,The strange case of Dr. Jekyll and Mr. Hyde,"Stevenson, Robert Louis",https://www.gutenberg.org/ebooks/42.txt.utf-8,2316,"memory in common, but all other faculties were most unequally shared"
42,The strange case of Dr. Jekyll and Mr. Hyde,"Stevenson, Robert Louis",https://www.gutenberg.org/ebooks/42.txt.utf-8,2317,between them. Jekyll (who was composite) now with the most sensitive
42,The strange case of Dr. Jekyll and Mr. Hyde,"Stevenson, Robert Louis",https://www.gutenberg.org/ebooks/42.txt.utf-8,2318,"apprehensions, now with a greedy gusto, projected and shared in the"
42,The strange case of Dr. Jekyll and Mr. Hyde,"Stevenson, Robert Louis",https://www.gutenberg.org/ebooks/42.txt.utf-8,2319,"pleasures and adventures of Hyde; but Hyde was indifferent to Jekyll,"
42,The strange case of Dr. Jekyll and Mr. Hyde,"Stevenson, Robert Louis",https://www.gutenberg.org/ebooks/42.txt.utf-8,2320,or but remembered him as the mountain bandit remembers the cavern in
42,The strange case of Dr. Jekyll and Mr. Hyde,"Stevenson, Robert Louis",https://www.gutenberg.org/ebooks/42.txt.utf-8,2321,which he conceals himself from pursuit. Jekyll had more than a father’s
42,The strange case of Dr. Jekyll and Mr. Hyde,"Stevenson, Robert Louis",https://www.gutenberg.org/ebooks/42.txt.utf-8,2322,interest; Hyde had more than a son’s indifference. To cast in my lot
42,The strange case of Dr. Jekyll and Mr. Hyde,"Stevenson, Robert Louis",https://www.gutenberg.org/ebooks/42.txt.utf-8,2323,"with Jekyll, was to die to those appetites which I had long secretly"
42,The strange case of Dr. Jekyll and Mr. Hyde,"Stevenson, Robert Louis",https://www.gutenberg.org/ebooks/42.txt.utf-8,2324,"indulged and had of late begun to pamper. To cast it in with Hyde, was"
42,The strange case of Dr. Jekyll and Mr. Hyde,"Stevenson, Robert Louis",https://www.gutenberg.org/ebooks/42.txt.utf-8,2325,"to die to a thousand interests and aspirations, and to become, at a"
42,The strange case of Dr. Jekyll and Mr. Hyde,"Stevenson, Robert Louis",https://www.gutenberg.org/ebooks/42.txt.utf-8,2326,"blow and for ever, despised and friendless. The bargain might appear"
42,The strange case of Dr. Jekyll and Mr. Hyde,"Stevenson, Robert Louis",https://www.gutenberg.org/ebooks/42.txt.utf-8,2327,unequal; but there was still another consideration in the scales; for
42,The strange case of Dr. Jekyll and Mr. Hyde,"Stevenson, Robert Louis",https://www.gutenberg.org/ebooks/42.txt.utf-8,2328,"while Jekyll would suffer smartingly in the fires of abstinence, Hyde"
42,The strange case of Dr. Jekyll and Mr. Hyde,"Stevenson, Robert Louis",https://www.gutenberg.org/ebooks/42.txt.utf-8,2329,would be not even conscious of all that he had lost. Strange as my
42,The strange case of Dr. Jekyll and Mr. Hyde,"Stevenson, Robert Louis",https://www.gutenberg.org/ebooks/42.txt.utf-8,2330,"circumstances were, the terms of this debate are as old and commonplace"
42,The strange case of Dr. Jekyll and Mr. Hyde,"Stevenson, Robert Louis",https://www.gutenberg.org/ebooks/42.txt.utf-8,2331,as man; much the same inducements and alarms cast the die for any
42,The strange case of Dr. Jekyll and Mr. Hyde,"Stevenson, Robert Louis",https://www.gutenberg.org/ebooks/42.txt.utf-8,2332,"tempted and trembling sinner; and it fell out with me, as it falls with"
42,The strange case of Dr. Jekyll and Mr. Hyde,"Stevenson, Robert Louis",https://www.gutenberg.org/ebooks/42.txt.utf-8,2333,"so vast a majority of my fellows, that I chose the better part and was"
42,The strange case of Dr. Jekyll and Mr. Hyde,"Stevenson, Robert Louis",https://www.gutenberg.org/ebooks/42.txt.utf-8,2334,found wanting in the strength to keep to it.
42,The strange case of Dr. Jekyll and Mr. Hyde,"Stevenson, Robert Louis",https://www.gutenberg.org/ebooks/42.txt.utf-8,2335,
42,The strange case of Dr. Jekyll and Mr. Hyde,"Stevenson, Robert Louis",https://www.gutenberg.org/ebooks/42.txt.utf-8,2336,"Yes, I preferred the elderly and discontented doctor, surrounded by"
42,The strange case of Dr. Jekyll and Mr. Hyde,"Stevenson, Robert Louis",https://www.gutenberg.org/ebooks/42.txt.utf-8,2337,friends and cherishing honest hopes; and bade a resolute farewell to
42,The strange case of Dr. Jekyll and Mr. Hyde,"Stevenson, Robert Louis",https://www.gutenberg.org/ebooks/42.txt.utf-8,2338,"the liberty, the comparative youth, the light step, leaping impulses"
42,The strange case of Dr. Jekyll and Mr. Hyde,"Stevenson, Robert Louis",https://www.gutenberg.org/ebooks/42.txt.utf-8,2339,"and secret pleasures, that I had enjoyed in the disguise of Hyde. I"
42,The strange case of Dr. Jekyll and Mr. Hyde,"Stevenson, Robert Louis",https://www.gutenberg.org/ebooks/42.txt.utf-8,2340,"made this choice perhaps with some unconscious reservation, for I"
42,The strange case of Dr. Jekyll and Mr. Hyde,"Stevenson, Robert Louis",https://www.gutenberg.org/ebooks/42.txt.utf-8,2341,"neither gave up the house in Soho, nor destroyed the clothes of Edward"
42,The strange case of Dr. Jekyll and Mr. Hyde,"Stevenson, Robert Louis",https://www.gutenberg.org/ebooks/42.txt.utf-8,2342,"Hyde, which still lay ready in my cabinet. For two months, however, I"
42,The strange case of Dr. Jekyll and Mr. Hyde,"Stevenson, Robert Louis",https://www.gutenberg.org/ebooks/42.txt.utf-8,2343,was true to my determination; for two months I led a life of such
42,The strange case of Dr. Jekyll and Mr. Hyde,"Stevenson, Robert Louis",https://www.gutenberg.org/ebooks/42.txt.utf-8,2344,"severity as I had never before attained to, and enjoyed the"
42,The strange case of Dr. Jekyll and Mr. Hyde,"Stevenson, Robert Louis",https://www.gutenberg.org/ebooks/42.txt.utf-8,2345,compensations of an approving conscience. But time began at last to
42,The strange case of Dr. Jekyll and Mr. Hyde,"Stevenson, Robert Louis",https://www.gutenberg.org/ebooks/42.txt.utf-8,2346,obliterate the freshness of my alarm; the praises of conscience began
42,The strange case of Dr. Jekyll and Mr. Hyde,"Stevenson, Robert Louis",https://www.gutenberg.org/ebooks/42.txt.utf-8,2347,to grow into a thing of course; I began to be tortured with throes and
42,The strange case of Dr. Jekyll and Mr. Hyde,"Stevenson, Robert Louis",https://www.gutenberg.org/ebooks/42.txt.utf-8,2348,"longings, as of Hyde struggling after freedom; and at last, in an hour"
42,The strange case of Dr. Jekyll and Mr. Hyde,"Stevenson, Robert Louis",https://www.gutenberg.org/ebooks/42.txt.utf-8,2349,"of moral weakness, I once again compounded and swallowed the"
42,The strange case of Dr. Jekyll and Mr. Hyde,"Stevenson, Robert Louis",https://www.gutenberg.org/ebooks/42.txt.utf-8,2350,transforming draught.
42,The strange case of Dr. Jekyll and Mr. Hyde,"Stevenson, Robert Louis",https://www.gutenberg.org/ebooks/42.txt.utf-8,2351,
42,The strange case of Dr. Jekyll and Mr. Hyde,"Stevenson, Robert Louis",https://www.gutenberg.org/ebooks/42.txt.utf-8,2352,"I do not suppose that, when a drunkard reasons with himself upon his"
42,The strange case of Dr. Jekyll and Mr. Hyde,"Stevenson, Robert Louis",https://www.gutenberg.org/ebooks/42.txt.utf-8,2353,"vice, he is once out of five hundred times affected by the dangers that"
42,The strange case of Dr. Jekyll and Mr. Hyde,"Stevenson, Robert Louis",https://www.gutenberg.org/ebooks/42.txt.utf-8,2354,"he runs through his brutish, physical insensibility; neither had I,"
42,The strange case of Dr. Jekyll and Mr. Hyde,"Stevenson, Robert Louis",https://www.gutenberg.org/ebooks/42.txt.utf-8,2355,"long as I had considered my position, made enough allowance for the"
42,The strange case of Dr. Jekyll and Mr. Hyde,"Stevenson, Robert Louis",https://www.gutenberg.org/ebooks/42.txt.utf-8,2356,"complete moral insensibility and insensate readiness to evil, which"
42,The strange case of Dr. Jekyll and Mr. Hyde,"Stevenson, Robert Louis",https://www.gutenberg.org/ebooks/42.txt.utf-8,2357,were the leading characters of Edward Hyde. Yet it was by these that I
42,The strange case of Dr. Jekyll and Mr. Hyde,"Stevenson, Robert Louis",https://www.gutenberg.org/ebooks/42.txt.utf-8,2358,"was punished. My devil had been long caged, he came out roaring. I was"
42,The strange case of Dr. Jekyll and Mr. Hyde,"Stevenson, Robert Louis",https://www.gutenberg.org/ebooks/42.txt.utf-8,2359,"conscious, even when I took the draught, of a more unbridled, a more"
42,The strange case of Dr. Jekyll and Mr. Hyde,"Stevenson, Robert Louis",https://www.gutenberg.org/ebooks/42.txt.utf-8,2360,"furious propensity to ill. It must have been this, I suppose, that"
42,The strange case of Dr. Jekyll and Mr. Hyde,"Stevenson, Robert Louis",https://www.gutenberg.org/ebooks/42.txt.utf-8,2361,stirred in my soul that tempest of impatience with which I listened to
42,The strange case of Dr. Jekyll and Mr. Hyde,"Stevenson, Robert Louis",https://www.gutenberg.org/ebooks/42.txt.utf-8,2362,"the civilities of my unhappy victim; I declare, at least, before God,"
42,The strange case of Dr. Jekyll and Mr. Hyde,"Stevenson, Robert Louis",https://www.gutenberg.org/ebooks/42.txt.utf-8,2363,no man morally sane could have been guilty of that crime upon so
42,The strange case of Dr. Jekyll and Mr. Hyde,"Stevenson, Robert Louis",https://www.gutenberg.org/ebooks/42.txt.utf-8,2364,pitiful a provocation; and that I struck in no more reasonable spirit
42,The strange case of Dr. Jekyll and Mr. Hyde,"Stevenson, Robert Louis",https://www.gutenberg.org/ebooks/42.txt.utf-8,2365,than that in which a sick child may break a plaything. But I had
42,The strange case of Dr. Jekyll and Mr. Hyde,"Stevenson, Robert Louis",https://www.gutenberg.org/ebooks/42.txt.utf-8,2366,voluntarily stripped myself of all those balancing instincts by which
42,The strange case of Dr. Jekyll and Mr. Hyde,"Stevenson, Robert Louis",https://www.gutenberg.org/ebooks/42.txt.utf-8,2367,even the worst of us continues to walk with some degree of steadiness
42,The strange case of Dr. Jekyll and Mr. Hyde,"Stevenson, Robert Louis",https://www.gutenberg.org/ebooks/42.txt.utf-8,2368,"among temptations; and in my case, to be tempted, however slightly, was"
42,The strange case of Dr. Jekyll and Mr. Hyde,"Stevenson, Robert Louis",https://www.gutenberg.org/ebooks/42.txt.utf-8,2369,to fall.
42,The strange case of Dr. Jekyll and Mr. Hyde,"Stevenson, Robert Louis",https://www.gutenberg.org/ebooks/42.txt.utf-8,2370,
42,The strange case of Dr. Jekyll and Mr. Hyde,"Stevenson, Robert Louis",https://www.gutenberg.org/ebooks/42.txt.utf-8,2371,Instantly the spirit of hell awoke in me and raged. With a transport of
42,The strange case of Dr. Jekyll and Mr. Hyde,"Stevenson, Robert Louis",https://www.gutenberg.org/ebooks/42.txt.utf-8,2372,"glee, I mauled the unresisting body, tasting delight from every blow;"
42,The strange case of Dr. Jekyll and Mr. Hyde,"Stevenson, Robert Louis",https://www.gutenberg.org/ebooks/42.txt.utf-8,2373,"and it was not till weariness had begun to succeed, that I was"
42,The strange case of Dr. Jekyll and Mr. Hyde,"Stevenson, Robert Louis",https://www.gutenberg.org/ebooks/42.txt.utf-8,2374,"suddenly, in the top fit of my delirium, struck through the heart by a"
42,The strange case of Dr. Jekyll and Mr. Hyde,"Stevenson, Robert Louis",https://www.gutenberg.org/ebooks/42.txt.utf-8,2375,cold thrill of terror. A mist dispersed; I saw my life to be forfeit;
42,The strange case of Dr. Jekyll and Mr. Hyde,"Stevenson, Robert Louis",https://www.gutenberg.org/ebooks/42.txt.utf-8,2376,"and fled from the scene of these excesses, at once glorying and"
42,The strange case of Dr. Jekyll and Mr. Hyde,"Stevenson, Robert Louis",https://www.gutenberg.org/ebooks/42.txt.utf-8,2377,"trembling, my lust of evil gratified and stimulated, my love of life"
42,The strange case of Dr. Jekyll and Mr. Hyde,"Stevenson, Robert Louis",https://www.gutenberg.org/ebooks/42.txt.utf-8,2378,"screwed to the topmost peg. I ran to the house in Soho, and (to make"
42,The strange case of Dr. Jekyll and Mr. Hyde,"Stevenson, Robert Louis",https://www.gutenberg.org/ebooks/42.txt.utf-8,2379,assurance doubly sure) destroyed my papers; thence I set out through
42,The strange case of Dr. Jekyll and Mr. Hyde,"Stevenson, Robert Louis",https://www.gutenberg.org/ebooks/42.txt.utf-8,2380,"the lamplit streets, in the same divided ecstasy of mind, gloating on"
42,The strange case of Dr. Jekyll and Mr. Hyde,"Stevenson, Robert Louis",https://www.gutenberg.org/ebooks/42.txt.utf-8,2381,"my crime, light-headedly devising others in the future, and yet still"
42,The strange case of Dr. Jekyll and Mr. Hyde,"Stevenson, Robert Louis",https://www.gutenberg.org/ebooks/42.txt.utf-8,2382,hastening and still hearkening in my wake for the steps of the avenger.
42,The strange case of Dr. Jekyll and Mr. Hyde,"Stevenson, Robert Louis",https://www.gutenberg.org/ebooks/42.txt.utf-8,2383,"Hyde had a song upon his lips as he compounded the draught, and as he"
42,The strange case of Dr. Jekyll and Mr. Hyde,"Stevenson, Robert Louis",https://www.gutenberg.org/ebooks/42.txt.utf-8,2384,"drank it, pledged the dead man. The pangs of transformation had not"
42,The strange case of Dr. Jekyll and Mr. Hyde,"Stevenson, Robert Louis",https://www.gutenberg.org/ebooks/42.txt.utf-8,2385,"done tearing him, before Henry Jekyll, with streaming tears of"
42,The strange case of Dr. Jekyll and Mr. Hyde,"Stevenson, Robert Louis",https://www.gutenberg.org/ebooks/42.txt.utf-8,2386,"gratitude and remorse, had fallen upon his knees and lifted his clasped"
42,The strange case of Dr. Jekyll and Mr. Hyde,"Stevenson, Robert Louis",https://www.gutenberg.org/ebooks/42.txt.utf-8,2387,"hands to God. The veil of self-indulgence was rent from head to foot, I"
42,The strange case of Dr. Jekyll and Mr. Hyde,"Stevenson, Robert Louis",https://www.gutenberg.org/ebooks/42.txt.utf-8,2388,"saw my life as a whole: I followed it up from the days of childhood,"
42,The strange case of Dr. Jekyll and Mr. Hyde,"Stevenson, Robert Louis",https://www.gutenberg.org/ebooks/42.txt.utf-8,2389,"when I had walked with my father’s hand, and through the self-denying"
42,The strange case of Dr. Jekyll and Mr. Hyde,"Stevenson, Robert Louis",https://www.gutenberg.org/ebooks/42.txt.utf-8,2390,"toils of my professional life, to arrive again and again, with the same"
42,The strange case of Dr. Jekyll and Mr. Hyde,"Stevenson, Robert Louis",https://www.gutenberg.org/ebooks/42.txt.utf-8,2391,"sense of unreality, at the damned horrors of the evening. I could have"
42,The strange case of Dr. Jekyll and Mr. Hyde,"Stevenson, Robert Louis",https://www.gutenberg.org/ebooks/42.txt.utf-8,2392,screamed aloud; I sought with tears and prayers to smother down the
42,The strange case of Dr. Jekyll and Mr. Hyde,"Stevenson, Robert Louis",https://www.gutenberg.org/ebooks/42.txt.utf-8,2393,crowd of hideous images and sounds with which my memory swarmed against
42,The strange case of Dr. Jekyll and Mr. Hyde,"Stevenson, Robert Louis",https://www.gutenberg.org/ebooks/42.txt.utf-8,2394,"me; and still, between the petitions, the ugly face of my iniquity"
42,The strange case of Dr. Jekyll and Mr. Hyde,"Stevenson, Robert Louis",https://www.gutenberg.org/ebooks/42.txt.utf-8,2395,stared into my soul. As the acuteness of this remorse began to die
42,The strange case of Dr. Jekyll and Mr. Hyde,"Stevenson, Robert Louis",https://www.gutenberg.org/ebooks/42.txt.utf-8,2396,"away, it was succeeded by a sense of joy. The problem of my conduct was"
42,The strange case of Dr. Jekyll and Mr. Hyde,"Stevenson, Robert Louis",https://www.gutenberg.org/ebooks/42.txt.utf-8,2397,"solved. Hyde was thenceforth impossible; whether I would or not, I was"
42,The strange case of Dr. Jekyll and Mr. Hyde,"Stevenson, Robert Louis",https://www.gutenberg.org/ebooks/42.txt.utf-8,2398,"now confined to the better part of my existence; and oh, how I rejoiced"
42,The strange case of Dr. Jekyll and Mr. Hyde,"Stevenson, Robert Louis",https://www.gutenberg.org/ebooks/42.txt.utf-8,2399,"to think it! with what willing humility, I embraced anew the"
42,The strange case of Dr. Jekyll and Mr. Hyde,"Stevenson, Robert Louis",https://www.gutenberg.org/ebooks/42.txt.utf-8,2400,"restrictions of natural life! with what sincere renunciation, I locked"
42,The strange case of Dr. Jekyll and Mr. Hyde,"Stevenson, Robert Louis",https://www.gutenberg.org/ebooks/42.txt.utf-8,2401,"the door by which I had so often gone and come, and ground the key"
42,The strange case of Dr. Jekyll and Mr. Hyde,"Stevenson, Robert Louis",https://www.gutenberg.org/ebooks/42.txt.utf-8,2402,under my heel!
42,The strange case of Dr. Jekyll and Mr. Hyde,"Stevenson, Robert Louis",https://www.gutenberg.org/ebooks/42.txt.utf-8,2403,
42,The strange case of Dr. Jekyll and Mr. Hyde,"Stevenson, Robert Louis",https://www.gutenberg.org/ebooks/42.txt.utf-8,2404,"The next day, came the news that the murder not had been overlooked,"
42,The strange case of Dr. Jekyll and Mr. Hyde,"Stevenson, Robert Louis",https://www.gutenberg.org/ebooks/42.txt.utf-8,2405,"that the guilt of Hyde was patent to the world, and that the victim was"
42,The strange case of Dr. Jekyll and Mr. Hyde,"Stevenson, Robert Louis",https://www.gutenberg.org/ebooks/42.txt.utf-8,2406,"a man high in public estimation. It was not only a crime, it had been a"
42,The strange case of Dr. Jekyll and Mr. Hyde,"Stevenson, Robert Louis",https://www.gutenberg.org/ebooks/42.txt.utf-8,2407,tragic folly. I think I was glad to know it; I think I was glad to have
42,The strange case of Dr. Jekyll and Mr. Hyde,"Stevenson, Robert Louis",https://www.gutenberg.org/ebooks/42.txt.utf-8,2408,my better impulses thus buttressed and guarded by the terrors of the
42,The strange case of Dr. Jekyll and Mr. Hyde,"Stevenson, Robert Louis",https://www.gutenberg.org/ebooks/42.txt.utf-8,2409,scaffold. Jekyll was now my city of refuge; let but Hyde peep out an
42,The strange case of Dr. Jekyll and Mr. Hyde,"Stevenson, Robert Louis",https://www.gutenberg.org/ebooks/42.txt.utf-8,2410,"instant, and the hands of all men would be raised to take and slay him."
42,The strange case of Dr. Jekyll and Mr. Hyde,"Stevenson, Robert Louis",https://www.gutenberg.org/ebooks/42.txt.utf-8,2411,
42,The strange case of Dr. Jekyll and Mr. Hyde,"Stevenson, Robert Louis",https://www.gutenberg.org/ebooks/42.txt.utf-8,2412,I resolved in my future conduct to redeem the past; and I can say with
42,The strange case of Dr. Jekyll and Mr. Hyde,"Stevenson, Robert Louis",https://www.gutenberg.org/ebooks/42.txt.utf-8,2413,honesty that my resolve was fruitful of some good. You know yourself
42,The strange case of Dr. Jekyll and Mr. Hyde,"Stevenson, Robert Louis",https://www.gutenberg.org/ebooks/42.txt.utf-8,2414,"how earnestly in the last months of last year, I laboured to relieve"
42,The strange case of Dr. Jekyll and Mr. Hyde,"Stevenson, Robert Louis",https://www.gutenberg.org/ebooks/42.txt.utf-8,2415,"suffering; you know that much was done for others, and that the days"
42,The strange case of Dr. Jekyll and Mr. Hyde,"Stevenson, Robert Louis",https://www.gutenberg.org/ebooks/42.txt.utf-8,2416,"passed quietly, almost happily for myself. Nor can I truly say that I"
42,The strange case of Dr. Jekyll and Mr. Hyde,"Stevenson, Robert Louis",https://www.gutenberg.org/ebooks/42.txt.utf-8,2417,wearied of this beneficent and innocent life; I think instead that I
42,The strange case of Dr. Jekyll and Mr. Hyde,"Stevenson, Robert Louis",https://www.gutenberg.org/ebooks/42.txt.utf-8,2418,daily enjoyed it more completely; but I was still cursed with my
42,The strange case of Dr. Jekyll and Mr. Hyde,"Stevenson, Robert Louis",https://www.gutenberg.org/ebooks/42.txt.utf-8,2419,"duality of purpose; and as the first edge of my penitence wore off, the"
42,The strange case of Dr. Jekyll and Mr. Hyde,"Stevenson, Robert Louis",https://www.gutenberg.org/ebooks/42.txt.utf-8,2420,"lower side of me, so long indulged, so recently chained down, began to"
42,The strange case of Dr. Jekyll and Mr. Hyde,"Stevenson, Robert Louis",https://www.gutenberg.org/ebooks/42.txt.utf-8,2421,growl for licence. Not that I dreamed of resuscitating Hyde; the bare
42,The strange case of Dr. Jekyll and Mr. Hyde,"Stevenson, Robert Louis",https://www.gutenberg.org/ebooks/42.txt.utf-8,2422,"idea of that would startle me to frenzy: no, it was in my own person,"
42,The strange case of Dr. Jekyll and Mr. Hyde,"Stevenson, Robert Louis",https://www.gutenberg.org/ebooks/42.txt.utf-8,2423,that I was once more tempted to trifle with my conscience; and it was
42,The strange case of Dr. Jekyll and Mr. Hyde,"Stevenson, Robert Louis",https://www.gutenberg.org/ebooks/42.txt.utf-8,2424,"as an ordinary secret sinner, that I at last fell before the assaults"
42,The strange case of Dr. Jekyll and Mr. Hyde,"Stevenson, Robert Louis",https://www.gutenberg.org/ebooks/42.txt.utf-8,2425,of temptation.
42,The strange case of Dr. Jekyll and Mr. Hyde,"Stevenson, Robert Louis",https://www.gutenberg.org/ebooks/42.txt.utf-8,2426,
42,The strange case of Dr. Jekyll and Mr. Hyde,"Stevenson, Robert Louis",https://www.gutenberg.org/ebooks/42.txt.utf-8,2427,There comes an end to all things; the most capacious measure is filled
42,The strange case of Dr. Jekyll and Mr. Hyde,"Stevenson, Robert Louis",https://www.gutenberg.org/ebooks/42.txt.utf-8,2428,at last; and this brief condescension to evil finally destroyed the
42,The strange case of Dr. Jekyll and Mr. Hyde,"Stevenson, Robert Louis",https://www.gutenberg.org/ebooks/42.txt.utf-8,2429,"balance of my soul. And yet I was not alarmed; the fall seemed natural,"
42,The strange case of Dr. Jekyll and Mr. Hyde,"Stevenson, Robert Louis",https://www.gutenberg.org/ebooks/42.txt.utf-8,2430,like a return to the old days before I had made discovery. It was a
42,The strange case of Dr. Jekyll and Mr. Hyde,"Stevenson, Robert Louis",https://www.gutenberg.org/ebooks/42.txt.utf-8,2431,"fine, clear, January day, wet under foot where the frost had melted,"
42,The strange case of Dr. Jekyll and Mr. Hyde,"Stevenson, Robert Louis",https://www.gutenberg.org/ebooks/42.txt.utf-8,2432,but cloudless overhead; and the Regent’s Park was full of winter
42,The strange case of Dr. Jekyll and Mr. Hyde,"Stevenson, Robert Louis",https://www.gutenberg.org/ebooks/42.txt.utf-8,2433,chirrupings and sweet with spring odours. I sat in the sun on a bench;
42,The strange case of Dr. Jekyll and Mr. Hyde,"Stevenson, Robert Louis",https://www.gutenberg.org/ebooks/42.txt.utf-8,2434,the animal within me licking the chops of memory; the spiritual side a
42,The strange case of Dr. Jekyll and Mr. Hyde,"Stevenson, Robert Louis",https://www.gutenberg.org/ebooks/42.txt.utf-8,2435,"little drowsed, promising subsequent penitence, but not yet moved to"
42,The strange case of Dr. Jekyll and Mr. Hyde,"Stevenson, Robert Louis",https://www.gutenberg.org/ebooks/42.txt.utf-8,2436,"begin. After all, I reflected, I was like my neighbours; and then I"
42,The strange case of Dr. Jekyll and Mr. Hyde,"Stevenson, Robert Louis",https://www.gutenberg.org/ebooks/42.txt.utf-8,2437,"smiled, comparing myself with other men, comparing my active goodwill"
42,The strange case of Dr. Jekyll and Mr. Hyde,"Stevenson, Robert Louis",https://www.gutenberg.org/ebooks/42.txt.utf-8,2438,with the lazy cruelty of their neglect. And at the very moment of that
42,The strange case of Dr. Jekyll and Mr. Hyde,"Stevenson, Robert Louis",https://www.gutenberg.org/ebooks/42.txt.utf-8,2439,"vain-glorious thought, a qualm came over me, a horrid nausea and the"
42,The strange case of Dr. Jekyll and Mr. Hyde,"Stevenson, Robert Louis",https://www.gutenberg.org/ebooks/42.txt.utf-8,2440,"most deadly shuddering. These passed away, and left me faint; and then"
42,The strange case of Dr. Jekyll and Mr. Hyde,"Stevenson, Robert Louis",https://www.gutenberg.org/ebooks/42.txt.utf-8,2441,"as in its turn the faintness subsided, I began to be aware of a change"
42,The strange case of Dr. Jekyll and Mr. Hyde,"Stevenson, Robert Louis",https://www.gutenberg.org/ebooks/42.txt.utf-8,2442,"in the temper of my thoughts, a greater boldness, a contempt of danger,"
42,The strange case of Dr. Jekyll and Mr. Hyde,"Stevenson, Robert Louis",https://www.gutenberg.org/ebooks/42.txt.utf-8,2443,a solution of the bonds of obligation. I looked down; my clothes hung
42,The strange case of Dr. Jekyll and Mr. Hyde,"Stevenson, Robert Louis",https://www.gutenberg.org/ebooks/42.txt.utf-8,2444,formlessly on my shrunken limbs; the hand that lay on my knee was
42,The strange case of Dr. Jekyll and Mr. Hyde,"Stevenson, Robert Louis",https://www.gutenberg.org/ebooks/42.txt.utf-8,2445,corded and hairy. I was once more Edward Hyde. A moment before I had
42,The strange case of Dr. Jekyll and Mr. Hyde,"Stevenson, Robert Louis",https://www.gutenberg.org/ebooks/42.txt.utf-8,2446,"been safe of all men’s respect, wealthy, beloved—the cloth laying for"
42,The strange case of Dr. Jekyll and Mr. Hyde,"Stevenson, Robert Louis",https://www.gutenberg.org/ebooks/42.txt.utf-8,2447,me in the dining-room at home; and now I was the common quarry of
42,The strange case of Dr. Jekyll and Mr. Hyde,"Stevenson, Robert Louis",https://www.gutenberg.org/ebooks/42.txt.utf-8,2448,"mankind, hunted, houseless, a known murderer, thrall to the gallows."
42,The strange case of Dr. Jekyll and Mr. Hyde,"Stevenson, Robert Louis",https://www.gutenberg.org/ebooks/42.txt.utf-8,2449,
42,The strange case of Dr. Jekyll and Mr. Hyde,"Stevenson, Robert Louis",https://www.gutenberg.org/ebooks/42.txt.utf-8,2450,"My reason wavered, but it did not fail me utterly. I have more than"
42,The strange case of Dr. Jekyll and Mr. Hyde,"Stevenson, Robert Louis",https://www.gutenberg.org/ebooks/42.txt.utf-8,2451,"once observed that, in my second character, my faculties seemed"
42,The strange case of Dr. Jekyll and Mr. Hyde,"Stevenson, Robert Louis",https://www.gutenberg.org/ebooks/42.txt.utf-8,2452,sharpened to a point and my spirits more tensely elastic; thus it came
42,The strange case of Dr. Jekyll and Mr. Hyde,"Stevenson, Robert Louis",https://www.gutenberg.org/ebooks/42.txt.utf-8,2453,"about that, where Jekyll perhaps might have succumbed, Hyde rose to the"
42,The strange case of Dr. Jekyll and Mr. Hyde,"Stevenson, Robert Louis",https://www.gutenberg.org/ebooks/42.txt.utf-8,2454,importance of the moment. My drugs were in one of the presses of my
42,The strange case of Dr. Jekyll and Mr. Hyde,"Stevenson, Robert Louis",https://www.gutenberg.org/ebooks/42.txt.utf-8,2455,cabinet; how was I to reach them? That was the problem that (crushing
42,The strange case of Dr. Jekyll and Mr. Hyde,"Stevenson, Robert Louis",https://www.gutenberg.org/ebooks/42.txt.utf-8,2456,my temples in my hands) I set myself to solve. The laboratory door I
42,The strange case of Dr. Jekyll and Mr. Hyde,"Stevenson, Robert Louis",https://www.gutenberg.org/ebooks/42.txt.utf-8,2457,"had closed. If I sought to enter by the house, my own servants would"
42,The strange case of Dr. Jekyll and Mr. Hyde,"Stevenson, Robert Louis",https://www.gutenberg.org/ebooks/42.txt.utf-8,2458,"consign me to the gallows. I saw I must employ another hand, and"
42,The strange case of Dr. Jekyll and Mr. Hyde,"Stevenson, Robert Louis",https://www.gutenberg.org/ebooks/42.txt.utf-8,2459,thought of Lanyon. How was he to be reached? how persuaded? Supposing
42,The strange case of Dr. Jekyll and Mr. Hyde,"Stevenson, Robert Louis",https://www.gutenberg.org/ebooks/42.txt.utf-8,2460,"that I escaped capture in the streets, how was I to make my way into"
42,The strange case of Dr. Jekyll and Mr. Hyde,"Stevenson, Robert Louis",https://www.gutenberg.org/ebooks/42.txt.utf-8,2461,"his presence? and how should I, an unknown and displeasing visitor,"
42,The strange case of Dr. Jekyll and Mr. Hyde,"Stevenson, Robert Louis",https://www.gutenberg.org/ebooks/42.txt.utf-8,2462,"prevail on the famous physician to rifle the study of his colleague,"
42,The strange case of Dr. Jekyll and Mr. Hyde,"Stevenson, Robert Louis",https://www.gutenberg.org/ebooks/42.txt.utf-8,2463,"Dr. Jekyll? Then I remembered that of my original character, one part"
42,The strange case of Dr. Jekyll and Mr. Hyde,"Stevenson, Robert Louis",https://www.gutenberg.org/ebooks/42.txt.utf-8,2464,remained to me: I could write my own hand; and once I had conceived
42,The strange case of Dr. Jekyll and Mr. Hyde,"Stevenson, Robert Louis",https://www.gutenberg.org/ebooks/42.txt.utf-8,2465,"that kindling spark, the way that I must follow became lighted up from"
42,The strange case of Dr. Jekyll and Mr. Hyde,"Stevenson, Robert Louis",https://www.gutenberg.org/ebooks/42.txt.utf-8,2466,end to end.
42,The strange case of Dr. Jekyll and Mr. Hyde,"Stevenson, Robert Louis",https://www.gutenberg.org/ebooks/42.txt.utf-8,2467,
42,The strange case of Dr. Jekyll and Mr. Hyde,"Stevenson, Robert Louis",https://www.gutenberg.org/ebooks/42.txt.utf-8,2468,"Thereupon, I arranged my clothes as best I could, and summoning a"
42,The strange case of Dr. Jekyll and Mr. Hyde,"Stevenson, Robert Louis",https://www.gutenberg.org/ebooks/42.txt.utf-8,2469,"passing hansom, drove to an hotel in Portland Street, the name of which"
42,The strange case of Dr. Jekyll and Mr. Hyde,"Stevenson, Robert Louis",https://www.gutenberg.org/ebooks/42.txt.utf-8,2470,I chanced to remember. At my appearance (which was indeed comical
42,The strange case of Dr. Jekyll and Mr. Hyde,"Stevenson, Robert Louis",https://www.gutenberg.org/ebooks/42.txt.utf-8,2471,"enough, however tragic a fate these garments covered) the driver could"
42,The strange case of Dr. Jekyll and Mr. Hyde,"Stevenson, Robert Louis",https://www.gutenberg.org/ebooks/42.txt.utf-8,2472,not conceal his mirth. I gnashed my teeth upon him with a gust of
42,The strange case of Dr. Jekyll and Mr. Hyde,"Stevenson, Robert Louis",https://www.gutenberg.org/ebooks/42.txt.utf-8,2473,devilish fury; and the smile withered from his face—happily for him—yet
42,The strange case of Dr. Jekyll and Mr. Hyde,"Stevenson, Robert Louis",https://www.gutenberg.org/ebooks/42.txt.utf-8,2474,"more happily for myself, for in another instant I had certainly dragged"
42,The strange case of Dr. Jekyll and Mr. Hyde,"Stevenson, Robert Louis",https://www.gutenberg.org/ebooks/42.txt.utf-8,2475,"him from his perch. At the inn, as I entered, I looked about me with so"
42,The strange case of Dr. Jekyll and Mr. Hyde,"Stevenson, Robert Louis",https://www.gutenberg.org/ebooks/42.txt.utf-8,2476,black a countenance as made the attendants tremble; not a look did they
42,The strange case of Dr. Jekyll and Mr. Hyde,"Stevenson, Robert Louis",https://www.gutenberg.org/ebooks/42.txt.utf-8,2477,"exchange in my presence; but obsequiously took my orders, led me to a"
42,The strange case of Dr. Jekyll and Mr. Hyde,"Stevenson, Robert Louis",https://www.gutenberg.org/ebooks/42.txt.utf-8,2478,"private room, and brought me wherewithal to write. Hyde in danger of"
42,The strange case of Dr. Jekyll and Mr. Hyde,"Stevenson, Robert Louis",https://www.gutenberg.org/ebooks/42.txt.utf-8,2479,"his life was a creature new to me; shaken with inordinate anger, strung"
42,The strange case of Dr. Jekyll and Mr. Hyde,"Stevenson, Robert Louis",https://www.gutenberg.org/ebooks/42.txt.utf-8,2480,"to the pitch of murder, lusting to inflict pain. Yet the creature was"
42,The strange case of Dr. Jekyll and Mr. Hyde,"Stevenson, Robert Louis",https://www.gutenberg.org/ebooks/42.txt.utf-8,2481,astute; mastered his fury with a great effort of the will; composed his
42,The strange case of Dr. Jekyll and Mr. Hyde,"Stevenson, Robert Louis",https://www.gutenberg.org/ebooks/42.txt.utf-8,2482,"two important letters, one to Lanyon and one to Poole; and that he"
42,The strange case of Dr. Jekyll and Mr. Hyde,"Stevenson, Robert Louis",https://www.gutenberg.org/ebooks/42.txt.utf-8,2483,"might receive actual evidence of their being posted, sent them out with"
42,The strange case of Dr. Jekyll and Mr. Hyde,"Stevenson, Robert Louis",https://www.gutenberg.org/ebooks/42.txt.utf-8,2484,directions that they should be registered.
42,The strange case of Dr. Jekyll and Mr. Hyde,"Stevenson, Robert Louis",https://www.gutenberg.org/ebooks/42.txt.utf-8,2485,
42,The strange case of Dr. Jekyll and Mr. Hyde,"Stevenson, Robert Louis",https://www.gutenberg.org/ebooks/42.txt.utf-8,2486,"Thenceforward, he sat all day over the fire in the private room,"
42,The strange case of Dr. Jekyll and Mr. Hyde,"Stevenson, Robert Louis",https://www.gutenberg.org/ebooks/42.txt.utf-8,2487,"gnawing his nails; there he dined, sitting alone with his fears, the"
42,The strange case of Dr. Jekyll and Mr. Hyde,"Stevenson, Robert Louis",https://www.gutenberg.org/ebooks/42.txt.utf-8,2488,"waiter visibly quailing before his eye; and thence, when the night was"
42,The strange case of Dr. Jekyll and Mr. Hyde,"Stevenson, Robert Louis",https://www.gutenberg.org/ebooks/42.txt.utf-8,2489,"fully come, he set forth in the corner of a closed cab, and was driven"
42,The strange case of Dr. Jekyll and Mr. Hyde,"Stevenson, Robert Louis",https://www.gutenberg.org/ebooks/42.txt.utf-8,2490,"to and fro about the streets of the city. He, I say—I cannot say, I."
42,The strange case of Dr. Jekyll and Mr. Hyde,"Stevenson, Robert Louis",https://www.gutenberg.org/ebooks/42.txt.utf-8,2491,That child of Hell had nothing human; nothing lived in him but fear and
42,The strange case of Dr. Jekyll and Mr. Hyde,"Stevenson, Robert Louis",https://www.gutenberg.org/ebooks/42.txt.utf-8,2492,"hatred. And when at last, thinking the driver had begun to grow"
42,The strange case of Dr. Jekyll and Mr. Hyde,"Stevenson, Robert Louis",https://www.gutenberg.org/ebooks/42.txt.utf-8,2493,"suspicious, he discharged the cab and ventured on foot, attired in his"
42,The strange case of Dr. Jekyll and Mr. Hyde,"Stevenson, Robert Louis",https://www.gutenberg.org/ebooks/42.txt.utf-8,2494,"misfitting clothes, an object marked out for observation, into the"
42,The strange case of Dr. Jekyll and Mr. Hyde,"Stevenson, Robert Louis",https://www.gutenberg.org/ebooks/42.txt.utf-8,2495,"midst of the nocturnal passengers, these two base passions raged within"
42,The strange case of Dr. Jekyll and Mr. Hyde,"Stevenson, Robert Louis",https://www.gutenberg.org/ebooks/42.txt.utf-8,2496,"him like a tempest. He walked fast, hunted by his fears, chattering to"
42,The strange case of Dr. Jekyll and Mr. Hyde,"Stevenson, Robert Louis",https://www.gutenberg.org/ebooks/42.txt.utf-8,2497,"himself, skulking through the less-frequented thoroughfares, counting"
42,The strange case of Dr. Jekyll and Mr. Hyde,"Stevenson, Robert Louis",https://www.gutenberg.org/ebooks/42.txt.utf-8,2498,the minutes that still divided him from midnight. Once a woman spoke to
42,The strange case of Dr. Jekyll and Mr. Hyde,"Stevenson, Robert Louis",https://www.gutenberg.org/ebooks/42.txt.utf-8,2499,"him, offering, I think, a box of lights. He smote her in the face, and"
42,The strange case of Dr. Jekyll and Mr. Hyde,"Stevenson, Robert Louis",https://www.gutenberg.org/ebooks/42.txt.utf-8,2500,she fled.
42,The strange case of Dr. Jekyll and Mr. Hyde,"Stevenson, Robert Louis",https://www.gutenberg.org/ebooks/42.txt.utf-8,2501,
42,The strange case of Dr. Jekyll and Mr. Hyde,"Stevenson, Robert Louis",https://www.gutenberg.org/ebooks/42.txt.utf-8,2502,"When I came to myself at Lanyon’s, the horror of my old friend perhaps"
42,The strange case of Dr. Jekyll and Mr. Hyde,"Stevenson, Robert Louis",https://www.gutenberg.org/ebooks/42.txt.utf-8,2503,affected me somewhat: I do not know; it was at least but a drop in the
42,The strange case of Dr. Jekyll and Mr. Hyde,"Stevenson, Robert Louis",https://www.gutenberg.org/ebooks/42.txt.utf-8,2504,sea to the abhorrence with which I looked back upon these hours. A
42,The strange case of Dr. Jekyll and Mr. Hyde,"Stevenson, Robert Louis",https://www.gutenberg.org/ebooks/42.txt.utf-8,2505,"change had come over me. It was no longer the fear of the gallows, it"
42,The strange case of Dr. Jekyll and Mr. Hyde,"Stevenson, Robert Louis",https://www.gutenberg.org/ebooks/42.txt.utf-8,2506,was the horror of being Hyde that racked me. I received Lanyon’s
42,The strange case of Dr. Jekyll and Mr. Hyde,"Stevenson, Robert Louis",https://www.gutenberg.org/ebooks/42.txt.utf-8,2507,condemnation partly in a dream; it was partly in a dream that I came
42,The strange case of Dr. Jekyll and Mr. Hyde,"Stevenson, Robert Louis",https://www.gutenberg.org/ebooks/42.txt.utf-8,2508,home to my own house and got into bed. I slept after the prostration of
42,The strange case of Dr. Jekyll and Mr. Hyde,"Stevenson, Robert Louis",https://www.gutenberg.org/ebooks/42.txt.utf-8,2509,"the day, with a stringent and profound slumber which not even the"
42,The strange case of Dr. Jekyll and Mr. Hyde,"Stevenson, Robert Louis",https://www.gutenberg.org/ebooks/42.txt.utf-8,2510,nightmares that wrung me could avail to break. I awoke in the morning
42,The strange case of Dr. Jekyll and Mr. Hyde,"Stevenson, Robert Louis",https://www.gutenberg.org/ebooks/42.txt.utf-8,2511,"shaken, weakened, but refreshed. I still hated and feared the thought"
42,The strange case of Dr. Jekyll and Mr. Hyde,"Stevenson, Robert Louis",https://www.gutenberg.org/ebooks/42.txt.utf-8,2512,"of the brute that slept within me, and I had not of course forgotten"
42,The strange case of Dr. Jekyll and Mr. Hyde,"Stevenson, Robert Louis",https://www.gutenberg.org/ebooks/42.txt.utf-8,2513,"the appalling dangers of the day before; but I was once more at home,"
42,The strange case of Dr. Jekyll and Mr. Hyde,"Stevenson, Robert Louis",https://www.gutenberg.org/ebooks/42.txt.utf-8,2514,in my own house and close to my drugs; and gratitude for my escape
42,The strange case of Dr. Jekyll and Mr. Hyde,"Stevenson, Robert Louis",https://www.gutenberg.org/ebooks/42.txt.utf-8,2515,shone so strong in my soul that it almost rivalled the brightness of
42,The strange case of Dr. Jekyll and Mr. Hyde,"Stevenson, Robert Louis",https://www.gutenberg.org/ebooks/42.txt.utf-8,2516,hope.
42,The strange case of Dr. Jekyll and Mr. Hyde,"Stevenson, Robert Louis",https://www.gutenberg.org/ebooks/42.txt.utf-8,2517,
42,The strange case of Dr. Jekyll and Mr. Hyde,"Stevenson, Robert Louis",https://www.gutenberg.org/ebooks/42.txt.utf-8,2518,"I was stepping leisurely across the court after breakfast, drinking the"
42,The strange case of Dr. Jekyll and Mr. Hyde,"Stevenson, Robert Louis",https://www.gutenberg.org/ebooks/42.txt.utf-8,2519,"chill of the air with pleasure, when I was seized again with those"
42,The strange case of Dr. Jekyll and Mr. Hyde,"Stevenson, Robert Louis",https://www.gutenberg.org/ebooks/42.txt.utf-8,2520,indescribable sensations that heralded the change; and I had but the
42,The strange case of Dr. Jekyll and Mr. Hyde,"Stevenson, Robert Louis",https://www.gutenberg.org/ebooks/42.txt.utf-8,2521,"time to gain the shelter of my cabinet, before I was once again raging"
42,The strange case of Dr. Jekyll and Mr. Hyde,"Stevenson, Robert Louis",https://www.gutenberg.org/ebooks/42.txt.utf-8,2522,and freezing with the passions of Hyde. It took on this occasion a
42,The strange case of Dr. Jekyll and Mr. Hyde,"Stevenson, Robert Louis",https://www.gutenberg.org/ebooks/42.txt.utf-8,2523,"double dose to recall me to myself; and alas! Six hours after, as I sat"
42,The strange case of Dr. Jekyll and Mr. Hyde,"Stevenson, Robert Louis",https://www.gutenberg.org/ebooks/42.txt.utf-8,2524,"looking sadly in the fire, the pangs returned, and the drug had to be"
42,The strange case of Dr. Jekyll and Mr. Hyde,"Stevenson, Robert Louis",https://www.gutenberg.org/ebooks/42.txt.utf-8,2525,"re-administered. In short, from that day forth it seemed only by a"
42,The strange case of Dr. Jekyll and Mr. Hyde,"Stevenson, Robert Louis",https://www.gutenberg.org/ebooks/42.txt.utf-8,2526,"great effort as of gymnastics, and only under the immediate stimulation"
42,The strange case of Dr. Jekyll and Mr. Hyde,"Stevenson, Robert Louis",https://www.gutenberg.org/ebooks/42.txt.utf-8,2527,"of the drug, that I was able to wear the countenance of Jekyll. At all"
42,The strange case of Dr. Jekyll and Mr. Hyde,"Stevenson, Robert Louis",https://www.gutenberg.org/ebooks/42.txt.utf-8,2528,"hours of the day and night, I would be taken with the premonitory"
42,The strange case of Dr. Jekyll and Mr. Hyde,"Stevenson, Robert Louis",https://www.gutenberg.org/ebooks/42.txt.utf-8,2529,"shudder; above all, if I slept, or even dozed for a moment in my chair,"
42,The strange case of Dr. Jekyll and Mr. Hyde,"Stevenson, Robert Louis",https://www.gutenberg.org/ebooks/42.txt.utf-8,2530,it was always as Hyde that I awakened. Under the strain of this
42,The strange case of Dr. Jekyll and Mr. Hyde,"Stevenson, Robert Louis",https://www.gutenberg.org/ebooks/42.txt.utf-8,2531,continually-impending doom and by the sleeplessness to which I now
42,The strange case of Dr. Jekyll and Mr. Hyde,"Stevenson, Robert Louis",https://www.gutenberg.org/ebooks/42.txt.utf-8,2532,"condemned myself, ay, even beyond what I had thought possible to man, I"
42,The strange case of Dr. Jekyll and Mr. Hyde,"Stevenson, Robert Louis",https://www.gutenberg.org/ebooks/42.txt.utf-8,2533,"became, in my own person, a creature eaten up and emptied by fever,"
42,The strange case of Dr. Jekyll and Mr. Hyde,"Stevenson, Robert Louis",https://www.gutenberg.org/ebooks/42.txt.utf-8,2534,"languidly weak both in body and mind, and solely occupied by one"
42,The strange case of Dr. Jekyll and Mr. Hyde,"Stevenson, Robert Louis",https://www.gutenberg.org/ebooks/42.txt.utf-8,2535,"thought: the horror of my other self. But when I slept, or when the"
42,The strange case of Dr. Jekyll and Mr. Hyde,"Stevenson, Robert Louis",https://www.gutenberg.org/ebooks/42.txt.utf-8,2536,"virtue of the medicine wore off, I would leap almost without transition"
42,The strange case of Dr. Jekyll and Mr. Hyde,"Stevenson, Robert Louis",https://www.gutenberg.org/ebooks/42.txt.utf-8,2537,(for the pangs of transformation grew daily less marked) into the
42,The strange case of Dr. Jekyll and Mr. Hyde,"Stevenson, Robert Louis",https://www.gutenberg.org/ebooks/42.txt.utf-8,2538,"possession of a fancy brimming with images of terror, a soul boiling"
42,The strange case of Dr. Jekyll and Mr. Hyde,"Stevenson, Robert Louis",https://www.gutenberg.org/ebooks/42.txt.utf-8,2539,"with causeless hatreds, and a body that seemed not strong enough to"
42,The strange case of Dr. Jekyll and Mr. Hyde,"Stevenson, Robert Louis",https://www.gutenberg.org/ebooks/42.txt.utf-8,2540,contain the raging energies of life. The powers of Hyde seemed to have
42,The strange case of Dr. Jekyll and Mr. Hyde,"Stevenson, Robert Louis",https://www.gutenberg.org/ebooks/42.txt.utf-8,2541,grown with the sickliness of Jekyll. And certainly the hate that now
42,The strange case of Dr. Jekyll and Mr. Hyde,"Stevenson, Robert Louis",https://www.gutenberg.org/ebooks/42.txt.utf-8,2542,"divided them was equal on each side. With Jekyll, it was a thing of"
42,The strange case of Dr. Jekyll and Mr. Hyde,"Stevenson, Robert Louis",https://www.gutenberg.org/ebooks/42.txt.utf-8,2543,vital instinct. He had now seen the full deformity of that creature
42,The strange case of Dr. Jekyll and Mr. Hyde,"Stevenson, Robert Louis",https://www.gutenberg.org/ebooks/42.txt.utf-8,2544,"that shared with him some of the phenomena of consciousness, and was"
42,The strange case of Dr. Jekyll and Mr. Hyde,"Stevenson, Robert Louis",https://www.gutenberg.org/ebooks/42.txt.utf-8,2545,"co-heir with him to death: and beyond these links of community, which"
42,The strange case of Dr. Jekyll and Mr. Hyde,"Stevenson, Robert Louis",https://www.gutenberg.org/ebooks/42.txt.utf-8,2546,"in themselves made the most poignant part of his distress, he thought"
42,The strange case of Dr. Jekyll and Mr. Hyde,"Stevenson, Robert Louis",https://www.gutenberg.org/ebooks/42.txt.utf-8,2547,"of Hyde, for all his energy of life, as of something not only hellish"
42,The strange case of Dr. Jekyll and Mr. Hyde,"Stevenson, Robert Louis",https://www.gutenberg.org/ebooks/42.txt.utf-8,2548,but inorganic. This was the shocking thing; that the slime of the pit
42,The strange case of Dr. Jekyll and Mr. Hyde,"Stevenson, Robert Louis",https://www.gutenberg.org/ebooks/42.txt.utf-8,2549,seemed to utter cries and voices; that the amorphous dust gesticulated
42,The strange case of Dr. Jekyll and Mr. Hyde,"Stevenson, Robert Louis",https://www.gutenberg.org/ebooks/42.txt.utf-8,2550,"and sinned; that what was dead, and had no shape, should usurp the"
42,The strange case of Dr. Jekyll and Mr. Hyde,"Stevenson, Robert Louis",https://www.gutenberg.org/ebooks/42.txt.utf-8,2551,"offices of life. And this again, that that insurgent horror was knit to"
42,The strange case of Dr. Jekyll and Mr. Hyde,"Stevenson, Robert Louis",https://www.gutenberg.org/ebooks/42.txt.utf-8,2552,"him closer than a wife, closer than an eye; lay caged in his flesh,"
42,The strange case of Dr. Jekyll and Mr. Hyde,"Stevenson, Robert Louis",https://www.gutenberg.org/ebooks/42.txt.utf-8,2553,where he heard it mutter and felt it struggle to be born; and at every
42,The strange case of Dr. Jekyll and Mr. Hyde,"Stevenson, Robert Louis",https://www.gutenberg.org/ebooks/42.txt.utf-8,2554,"hour of weakness, and in the confidence of slumber, prevailed against"
42,The strange case of Dr. Jekyll and Mr. Hyde,"Stevenson, Robert Louis",https://www.gutenberg.org/ebooks/42.txt.utf-8,2555,"him and deposed him out of life. The hatred of Hyde for Jekyll, was of"
42,The strange case of Dr. Jekyll and Mr. Hyde,"Stevenson, Robert Louis",https://www.gutenberg.org/ebooks/42.txt.utf-8,2556,a different order. His terror of the gallows drove him continually to
42,The strange case of Dr. Jekyll and Mr. Hyde,"Stevenson, Robert Louis",https://www.gutenberg.org/ebooks/42.txt.utf-8,2557,"commit temporary suicide, and return to his subordinate station of a"
42,The strange case of Dr. Jekyll and Mr. Hyde,"Stevenson, Robert Louis",https://www.gutenberg.org/ebooks/42.txt.utf-8,2558,"part instead of a person; but he loathed the necessity, he loathed the"
42,The strange case of Dr. Jekyll and Mr. Hyde,"Stevenson, Robert Louis",https://www.gutenberg.org/ebooks/42.txt.utf-8,2559,"despondency into which Jekyll was now fallen, and he resented the"
42,The strange case of Dr. Jekyll and Mr. Hyde,"Stevenson, Robert Louis",https://www.gutenberg.org/ebooks/42.txt.utf-8,2560,dislike with which he was himself regarded. Hence the ape-like tricks
42,The strange case of Dr. Jekyll and Mr. Hyde,"Stevenson, Robert Louis",https://www.gutenberg.org/ebooks/42.txt.utf-8,2561,"that he would play me, scrawling in my own hand blasphemies on the"
42,The strange case of Dr. Jekyll and Mr. Hyde,"Stevenson, Robert Louis",https://www.gutenberg.org/ebooks/42.txt.utf-8,2562,"pages of my books, burning the letters and destroying the portrait of"
42,The strange case of Dr. Jekyll and Mr. Hyde,"Stevenson, Robert Louis",https://www.gutenberg.org/ebooks/42.txt.utf-8,2563,"my father; and indeed, had it not been for his fear of death, he would"
42,The strange case of Dr. Jekyll and Mr. Hyde,"Stevenson, Robert Louis",https://www.gutenberg.org/ebooks/42.txt.utf-8,2564,long ago have ruined himself in order to involve me in the ruin. But
42,The strange case of Dr. Jekyll and Mr. Hyde,"Stevenson, Robert Louis",https://www.gutenberg.org/ebooks/42.txt.utf-8,2565,"his love of life is wonderful; I go further: I, who sicken and freeze"
42,The strange case of Dr. Jekyll and Mr. Hyde,"Stevenson, Robert Louis",https://www.gutenberg.org/ebooks/42.txt.utf-8,2566,"at the mere thought of him, when I recall the abjection and passion of"
42,The strange case of Dr. Jekyll and Mr. Hyde,"Stevenson, Robert Louis",https://www.gutenberg.org/ebooks/42.txt.utf-8,2567,"this attachment, and when I know how he fears my power to cut him off"
42,The strange case of Dr. Jekyll and Mr. Hyde,"Stevenson, Robert Louis",https://www.gutenberg.org/ebooks/42.txt.utf-8,2568,"by suicide, I find it in my heart to pity him."
42,The strange case of Dr. Jekyll and Mr. Hyde,"Stevenson, Robert Louis",https://www.gutenberg.org/ebooks/42.txt.utf-8,2569,
42,The strange case of Dr. Jekyll and Mr. Hyde,"Stevenson, Robert Louis",https://www.gutenberg.org/ebooks/42.txt.utf-8,2570,"It is useless, and the time awfully fails me, to prolong this"
42,The strange case of Dr. Jekyll and Mr. Hyde,"Stevenson, Robert Louis",https://www.gutenberg.org/ebooks/42.txt.utf-8,2571,"description; no one has ever suffered such torments, let that suffice;"
42,The strange case of Dr. Jekyll and Mr. Hyde,"Stevenson, Robert Louis",https://www.gutenberg.org/ebooks/42.txt.utf-8,2572,"and yet even to these, habit brought—no, not alleviation—but a certain"
42,The strange case of Dr. Jekyll and Mr. Hyde,"Stevenson, Robert Louis",https://www.gutenberg.org/ebooks/42.txt.utf-8,2573,"callousness of soul, a certain acquiescence of despair; and my"
42,The strange case of Dr. Jekyll and Mr. Hyde,"Stevenson, Robert Louis",https://www.gutenberg.org/ebooks/42.txt.utf-8,2574,"punishment might have gone on for years, but for the last calamity"
42,The strange case of Dr. Jekyll and Mr. Hyde,"Stevenson, Robert Louis",https://www.gutenberg.org/ebooks/42.txt.utf-8,2575,"which has now fallen, and which has finally severed me from my own face"
42,The strange case of Dr. Jekyll and Mr. Hyde,"Stevenson, Robert Louis",https://www.gutenberg.org/ebooks/42.txt.utf-8,2576,"and nature. My provision of the salt, which had never been renewed"
42,The strange case of Dr. Jekyll and Mr. Hyde,"Stevenson, Robert Louis",https://www.gutenberg.org/ebooks/42.txt.utf-8,2577,"since the date of the first experiment, began to run low. I sent out"
42,The strange case of Dr. Jekyll and Mr. Hyde,"Stevenson, Robert Louis",https://www.gutenberg.org/ebooks/42.txt.utf-8,2578,"for a fresh supply, and mixed the draught; the ebullition followed, and"
42,The strange case of Dr. Jekyll and Mr. Hyde,"Stevenson, Robert Louis",https://www.gutenberg.org/ebooks/42.txt.utf-8,2579,"the first change of colour, not the second; I drank it and it was"
42,The strange case of Dr. Jekyll and Mr. Hyde,"Stevenson, Robert Louis",https://www.gutenberg.org/ebooks/42.txt.utf-8,2580,without efficiency. You will learn from Poole how I have had London
42,The strange case of Dr. Jekyll and Mr. Hyde,"Stevenson, Robert Louis",https://www.gutenberg.org/ebooks/42.txt.utf-8,2581,ransacked; it was in vain; and I am now persuaded that my first supply
42,The strange case of Dr. Jekyll and Mr. Hyde,"Stevenson, Robert Louis",https://www.gutenberg.org/ebooks/42.txt.utf-8,2582,"was impure, and that it was that unknown impurity which lent efficacy"
42,The strange case of Dr. Jekyll and Mr. Hyde,"Stevenson, Robert Louis",https://www.gutenberg.org/ebooks/42.txt.utf-8,2583,to the draught.
42,The strange case of Dr. Jekyll and Mr. Hyde,"Stevenson, Robert Louis",https://www.gutenberg.org/ebooks/42.txt.utf-8,2584,
42,The strange case of Dr. Jekyll and Mr. Hyde,"Stevenson, Robert Louis",https://www.gutenberg.org/ebooks/42.txt.utf-8,2585,"About a week has passed, and I am now finishing this statement under"
42,The strange case of Dr. Jekyll and Mr. Hyde,"Stevenson, Robert Louis",https://www.gutenberg.org/ebooks/42.txt.utf-8,2586,"the influence of the last of the old powders. This, then, is the last"
42,The strange case of Dr. Jekyll and Mr. Hyde,"Stevenson, Robert Louis",https://www.gutenberg.org/ebooks/42.txt.utf-8,2587,"time, short of a miracle, that Henry Jekyll can think his own thoughts"
42,The strange case of Dr. Jekyll and Mr. Hyde,"Stevenson, Robert Louis",https://www.gutenberg.org/ebooks/42.txt.utf-8,2588,or see his own face (now how sadly altered!) in the glass. Nor must I
42,The strange case of Dr. Jekyll and Mr. Hyde,"Stevenson, Robert Louis",https://www.gutenberg.org/ebooks/42.txt.utf-8,2589,delay too long to bring my writing to an end; for if my narrative has
42,The strange case of Dr. Jekyll and Mr. Hyde,"Stevenson, Robert Louis",https://www.gutenberg.org/ebooks/42.txt.utf-8,2590,"hitherto escaped destruction, it has been by a combination of great"
42,The strange case of Dr. Jekyll and Mr. Hyde,"Stevenson, Robert Louis",https://www.gutenberg.org/ebooks/42.txt.utf-8,2591,prudence and great good luck. Should the throes of change take me in
42,The strange case of Dr. Jekyll and Mr. Hyde,"Stevenson, Robert Louis",https://www.gutenberg.org/ebooks/42.txt.utf-8,2592,"the act of writing it, Hyde will tear it in pieces; but if some time"
42,The strange case of Dr. Jekyll and Mr. Hyde,"Stevenson, Robert Louis",https://www.gutenberg.org/ebooks/42.txt.utf-8,2593,"shall have elapsed after I have laid it by, his wonderful selfishness"
42,The strange case of Dr. Jekyll and Mr. Hyde,"Stevenson, Robert Louis",https://www.gutenberg.org/ebooks/42.txt.utf-8,2594,and Circumscription to the moment will probably save it once again from
42,The strange case of Dr. Jekyll and Mr. Hyde,"Stevenson, Robert Louis",https://www.gutenberg.org/ebooks/42.txt.utf-8,2595,the action of his ape-like spite. And indeed the doom that is closing
42,The strange case of Dr. Jekyll and Mr. Hyde,"Stevenson, Robert Louis",https://www.gutenberg.org/ebooks/42.txt.utf-8,2596,"on us both, has already changed and crushed him. Half an hour from now,"
42,The strange case of Dr. Jekyll and Mr. Hyde,"Stevenson, Robert Louis",https://www.gutenberg.org/ebooks/42.txt.utf-8,2597,"when I shall again and for ever re-indue that hated personality, I know"
42,The strange case of Dr. Jekyll and Mr. Hyde,"Stevenson, Robert Louis",https://www.gutenberg.org/ebooks/42.txt.utf-8,2598,"how I shall sit shuddering and weeping in my chair, or continue, with"
42,The strange case of Dr. Jekyll and Mr. Hyde,"Stevenson, Robert Louis",https://www.gutenberg.org/ebooks/42.txt.utf-8,2599,"the most strained and fear-struck ecstasy of listening, to pace up and"
42,The strange case of Dr. Jekyll and Mr. Hyde,"Stevenson, Robert Louis",https://www.gutenberg.org/ebooks/42.txt.utf-8,2600,down this room (my last earthly refuge) and give ear to every sound of
42,The strange case of Dr. Jekyll and Mr. Hyde,"Stevenson, Robert Louis",https://www.gutenberg.org/ebooks/42.txt.utf-8,2601,menace. Will Hyde die upon the scaffold? or will he find courage to
42,The strange case of Dr. Jekyll and Mr. Hyde,"Stevenson, Robert Louis",https://www.gutenberg.org/ebooks/42.txt.utf-8,2602,release himself at the last moment? God knows; I am careless; this is
42,The strange case of Dr. Jekyll and Mr. Hyde,"Stevenson, Robert Louis",https://www.gutenberg.org/ebooks/42.txt.utf-8,2603,"my true hour of death, and what is to follow concerns another than"
42,The strange case of Dr. Jekyll and Mr. Hyde,"Stevenson, Robert Louis",https://www.gutenberg.org/ebooks/42.txt.utf-8,2604,"myself. Here then, as I lay down the pen and proceed to seal up my"
42,The strange case of Dr. Jekyll and Mr. Hyde,"Stevenson, Robert Louis",https://www.gutenberg.org/ebooks/42.txt.utf-8,2605,"confession, I bring the life of that unhappy Henry Jekyll to an end."
42,The strange case of Dr. Jekyll and Mr. Hyde,"Stevenson, Robert Louis",https://www.gutenberg.org/ebooks/42.txt.utf-8,2606,
42,The strange case of Dr. Jekyll and Mr. Hyde,"Stevenson, Robert Louis",https://www.gutenberg.org/ebooks/42.txt.utf-8,2607,
42,The strange case of Dr. Jekyll and Mr. Hyde,"Stevenson, Robert Louis",https://www.gutenberg.org/ebooks/42.txt.utf-8,2608,
42,The strange case of Dr. Jekyll and Mr. Hyde,"Stevenson, Robert Louis",https://www.gutenberg.org/ebooks/42.txt.utf-8,2609,
42,The strange case of Dr. Jekyll and Mr. Hyde,"Stevenson, Robert Louis",https://www.gutenberg.org/ebooks/42.txt.utf-8,2610,
42,The strange case of Dr. Jekyll and Mr. Hyde,"Stevenson, Robert Louis",https://www.gutenberg.org/ebooks/42.txt.utf-8,2611,
42,The strange case of Dr. Jekyll and Mr. Hyde,"Stevenson, Robert Louis",https://www.gutenberg.org/ebooks/42.txt.utf-8,2612,*** END OF THE PROJECT GUTENBERG EBOOK THE STRANGE CASE OF DR. JEKYLL AND MR. HYDE ***
42,The strange case of Dr. Jekyll and Mr. Hyde,"Stevenson, Robert Louis",https://www.gutenberg.org/ebooks/42.txt.utf-8,2613,
42,The strange case of Dr. Jekyll and Mr. Hyde,"Stevenson, Robert Louis",https://www.gutenberg.org/ebooks/42.txt.utf-8,2614,
42,The strange case of Dr. Jekyll and Mr. Hyde,"Stevenson, Robert Louis",https://www.gutenberg.org/ebooks/42.txt.utf-8,2615,
42,The strange case of Dr. Jekyll and Mr. Hyde,"Stevenson, Robert Louis",https://www.gutenberg.org/ebooks/42.txt.utf-8,2616,
42,The strange case of Dr. Jekyll and Mr. Hyde,"Stevenson, Robert Louis",https://www.gutenberg.org/ebooks/42.txt.utf-8,2617,Updated editions will replace the previous one—the old editions will
42,The strange case of Dr. Jekyll and Mr. Hyde,"Stevenson, Robert Louis",https://www.gutenberg.org/ebooks/42.txt.utf-8,2618,be renamed.
42,The strange case of Dr. Jekyll and Mr. Hyde,"Stevenson, Robert Louis",https://www.gutenberg.org/ebooks/42.txt.utf-8,2619,
42,The strange case of Dr. Jekyll and Mr. Hyde,"Stevenson, Robert Louis",https://www.gutenberg.org/ebooks/42.txt.utf-8,2620,Creating the works from print editions not protected by U.S. copyright
42,The strange case of Dr. Jekyll and Mr. Hyde,"Stevenson, Robert Louis",https://www.gutenberg.org/ebooks/42.txt.utf-8,2621,"law means that no one owns a United States copyright in these works,"
42,The strange case of Dr. Jekyll and Mr. Hyde,"Stevenson, Robert Louis",https://www.gutenberg.org/ebooks/42.txt.utf-8,2622,so the Foundation (and you!) can copy and distribute it in the United
42,The strange case of Dr. Jekyll and Mr. Hyde,"Stevenson, Robert Louis",https://www.gutenberg.org/ebooks/42.txt.utf-8,2623,States without permission and without paying copyright
42,The strange case of Dr. Jekyll and Mr. Hyde,"Stevenson, Robert Louis",https://www.gutenberg.org/ebooks/42.txt.utf-8,2624,"royalties. Special rules, set forth in the General Terms of Use part"
42,The strange case of Dr. Jekyll and Mr. Hyde,"Stevenson, Robert Louis",https://www.gutenberg.org/ebooks/42.txt.utf-8,2625,"of this license, apply to copying and distributing Project"
42,The strange case of Dr. Jekyll and Mr. Hyde,"Stevenson, Robert Louis",https://www.gutenberg.org/ebooks/42.txt.utf-8,2626,Gutenberg™ electronic works to protect the PROJECT GUTENBERG™
42,The strange case of Dr. Jekyll and Mr. Hyde,"Stevenson, Robert Louis",https://www.gutenberg.org/ebooks/42.txt.utf-8,2627,"concept and trademark. Project Gutenberg is a registered trademark,"
42,The strange case of Dr. Jekyll and Mr. Hyde,"Stevenson, Robert Louis",https://www.gutenberg.org/ebooks/42.txt.utf-8,2628,"and may not be used if you charge for an eBook, except by following"
42,The strange case of Dr. Jekyll and Mr. Hyde,"Stevenson, Robert Louis",https://www.gutenberg.org/ebooks/42.txt.utf-8,2629,"the terms of the trademark license, including paying royalties for use"
42,The strange case of Dr. Jekyll and Mr. Hyde,"Stevenson, Robert Louis",https://www.gutenberg.org/ebooks/42.txt.utf-8,2630,of the Project Gutenberg trademark. If you do not charge anything for
42,The strange case of Dr. Jekyll and Mr. Hyde,"Stevenson, Robert Louis",https://www.gutenberg.org/ebooks/42.txt.utf-8,2631,"copies of this eBook, complying with the trademark license is very"
42,The strange case of Dr. Jekyll and Mr. Hyde,"Stevenson, Robert Louis",https://www.gutenberg.org/ebooks/42.txt.utf-8,2632,easy. You may use this eBook for nearly any purpose such as creation
42,The strange case of Dr. Jekyll and Mr. Hyde,"Stevenson, Robert Louis",https://www.gutenberg.org/ebooks/42.txt.utf-8,2633,"of derivative works, reports, performances and research. Project"
42,The strange case of Dr. Jekyll and Mr. Hyde,"Stevenson, Robert Louis",https://www.gutenberg.org/ebooks/42.txt.utf-8,2634,Gutenberg eBooks may be modified and printed and given away—you may
42,The strange case of Dr. Jekyll and Mr. Hyde,"Stevenson, Robert Louis",https://www.gutenberg.org/ebooks/42.txt.utf-8,2635,do practically ANYTHING in the United States with eBooks not protected
42,The strange case of Dr. Jekyll and Mr. Hyde,"Stevenson, Robert Louis",https://www.gutenberg.org/ebooks/42.txt.utf-8,2636,by U.S. copyright law. Redistribution is subject to the trademark
42,The strange case of Dr. Jekyll and Mr. Hyde,"Stevenson, Robert Louis",https://www.gutenberg.org/ebooks/42.txt.utf-8,2637,"license, especially commercial redistribution."
42,The strange case of Dr. Jekyll and Mr. Hyde,"Stevenson, Robert Louis",https://www.gutenberg.org/ebooks/42.txt.utf-8,2638,
42,The strange case of Dr. Jekyll and Mr. Hyde,"Stevenson, Robert Louis",https://www.gutenberg.org/ebooks/42.txt.utf-8,2639,
42,The strange case of Dr. Jekyll and Mr. Hyde,"Stevenson, Robert Louis",https://www.gutenberg.org/ebooks/42.txt.utf-8,2640,START: FULL LICENSE
42,The strange case of Dr. Jekyll and Mr. Hyde,"Stevenson, Robert Louis",https://www.gutenberg.org/ebooks/42.txt.utf-8,2641,
42,The strange case of Dr. Jekyll and Mr. Hyde,"Stevenson, Robert Louis",https://www.gutenberg.org/ebooks/42.txt.utf-8,2642,THE FULL PROJECT GUTENBERG™ LICENSE
42,The strange case of Dr. Jekyll and Mr. Hyde,"Stevenson, Robert Louis",https://www.gutenberg.org/ebooks/42.txt.utf-8,2643,
42,The strange case of Dr. Jekyll and Mr. Hyde,"Stevenson, Robert Louis",https://www.gutenberg.org/ebooks/42.txt.utf-8,2644,PLEASE READ THIS BEFORE YOU DISTRIBUTE OR USE THIS WORK
42,The strange case of Dr. Jekyll and Mr. Hyde,"Stevenson, Robert Louis",https://www.gutenberg.org/ebooks/42.txt.utf-8,2645,
42,The strange case of Dr. Jekyll and Mr. Hyde,"Stevenson, Robert Louis",https://www.gutenberg.org/ebooks/42.txt.utf-8,2646,To protect the Project Gutenberg™ mission of promoting the free
42,The strange case of Dr. Jekyll and Mr. Hyde,"Stevenson, Robert Louis",https://www.gutenberg.org/ebooks/42.txt.utf-8,2647,"distribution of electronic works, by using or distributing this work"
42,The strange case of Dr. Jekyll and Mr. Hyde,"Stevenson, Robert Louis",https://www.gutenberg.org/ebooks/42.txt.utf-8,2648,(or any other work associated in any way with the phrase “Project
42,The strange case of Dr. Jekyll and Mr. Hyde,"Stevenson, Robert Louis",https://www.gutenberg.org/ebooks/42.txt.utf-8,2649,"Gutenberg”), you agree to comply with all the terms of the Full"
42,The strange case of Dr. Jekyll and Mr. Hyde,"Stevenson, Robert Louis",https://www.gutenberg.org/ebooks/42.txt.utf-8,2650,Project Gutenberg License available with this file or online at
42,The strange case of Dr. Jekyll and Mr. Hyde,"Stevenson, Robert Louis",https://www.gutenberg.org/ebooks/42.txt.utf-8,2651,www.gutenberg.org/license.
42,The strange case of Dr. Jekyll and Mr. Hyde,"Stevenson, Robert Louis",https://www.gutenberg.org/ebooks/42.txt.utf-8,2652,
42,The strange case of Dr. Jekyll and Mr. Hyde,"Stevenson, Robert Louis",https://www.gutenberg.org/ebooks/42.txt.utf-8,2653,Section 1. General Terms of Use and Redistributing Project Gutenberg
42,The strange case of Dr. Jekyll and Mr. Hyde,"Stevenson, Robert Louis",https://www.gutenberg.org/ebooks/42.txt.utf-8,2654,electronic works
42,The strange case of Dr. Jekyll and Mr. Hyde,"Stevenson, Robert Louis",https://www.gutenberg.org/ebooks/42.txt.utf-8,2655,
42,The strange case of Dr. Jekyll and Mr. Hyde,"Stevenson, Robert Louis",https://www.gutenberg.org/ebooks/42.txt.utf-8,2656,1.A. By reading or using any part of this Project Gutenberg
42,The strange case of Dr. Jekyll and Mr. Hyde,"Stevenson, Robert Louis",https://www.gutenberg.org/ebooks/42.txt.utf-8,2657,"electronic work, you indicate that you have read, understand, agree to"
42,The strange case of Dr. Jekyll and Mr. Hyde,"Stevenson, Robert Louis",https://www.gutenberg.org/ebooks/42.txt.utf-8,2658,and accept all the terms of this license and intellectual property
42,The strange case of Dr. Jekyll and Mr. Hyde,"Stevenson, Robert Louis",https://www.gutenberg.org/ebooks/42.txt.utf-8,2659,(trademark/copyright) agreement. If you do not agree to abide by all
42,The strange case of Dr. Jekyll and Mr. Hyde,"Stevenson, Robert Louis",https://www.gutenberg.org/ebooks/42.txt.utf-8,2660,"the terms of this agreement, you must cease using and return or"
42,The strange case of Dr. Jekyll and Mr. Hyde,"Stevenson, Robert Louis",https://www.gutenberg.org/ebooks/42.txt.utf-8,2661,destroy all copies of Project Gutenberg electronic works in your
42,The strange case of Dr. Jekyll and Mr. Hyde,"Stevenson, Robert Louis",https://www.gutenberg.org/ebooks/42.txt.utf-8,2662,possession. If you paid a fee for obtaining a copy of or access to a
42,The strange case of Dr. Jekyll and Mr. Hyde,"Stevenson, Robert Louis",https://www.gutenberg.org/ebooks/42.txt.utf-8,2663,Project Gutenberg electronic work and you do not agree to be bound
42,The strange case of Dr. Jekyll and Mr. Hyde,"Stevenson, Robert Louis",https://www.gutenberg.org/ebooks/42.txt.utf-8,2664,"by the terms of this agreement, you may obtain a refund from the person"
42,The strange case of Dr. Jekyll and Mr. Hyde,"Stevenson, Robert Louis",https://www.gutenberg.org/ebooks/42.txt.utf-8,2665,or entity to whom you paid the fee as set forth in paragraph 1.E.8.
42,The strange case of Dr. Jekyll and Mr. Hyde,"Stevenson, Robert Louis",https://www.gutenberg.org/ebooks/42.txt.utf-8,2666,
42,The strange case of Dr. Jekyll and Mr. Hyde,"Stevenson, Robert Louis",https://www.gutenberg.org/ebooks/42.txt.utf-8,2667,1.B. “Project Gutenberg” is a registered trademark. It may only be
42,The strange case of Dr. Jekyll and Mr. Hyde,"Stevenson, Robert Louis",https://www.gutenberg.org/ebooks/42.txt.utf-8,2668,used on or associated in any way with an electronic work by people who
42,The strange case of Dr. Jekyll and Mr. Hyde,"Stevenson, Robert Louis",https://www.gutenberg.org/ebooks/42.txt.utf-8,2669,agree to be bound by the terms of this agreement. There are a few
42,The strange case of Dr. Jekyll and Mr. Hyde,"Stevenson, Robert Louis",https://www.gutenberg.org/ebooks/42.txt.utf-8,2670,things that you can do with most Project Gutenberg electronic works
42,The strange case of Dr. Jekyll and Mr. Hyde,"Stevenson, Robert Louis",https://www.gutenberg.org/ebooks/42.txt.utf-8,2671,even without complying with the full terms of this agreement. See
42,The strange case of Dr. Jekyll and Mr. Hyde,"Stevenson, Robert Louis",https://www.gutenberg.org/ebooks/42.txt.utf-8,2672,paragraph 1.C below. There are a lot of things you can do with Project
42,The strange case of Dr. Jekyll and Mr. Hyde,"Stevenson, Robert Louis",https://www.gutenberg.org/ebooks/42.txt.utf-8,2673,Gutenberg electronic works if you follow the terms of this
42,The strange case of Dr. Jekyll and Mr. Hyde,"Stevenson, Robert Louis",https://www.gutenberg.org/ebooks/42.txt.utf-8,2674,agreement and help preserve free future access to Project Gutenberg
42,The strange case of Dr. Jekyll and Mr. Hyde,"Stevenson, Robert Louis",https://www.gutenberg.org/ebooks/42.txt.utf-8,2675,electronic works. See paragraph 1.E below.
42,The strange case of Dr. Jekyll and Mr. Hyde,"Stevenson, Robert Louis",https://www.gutenberg.org/ebooks/42.txt.utf-8,2676,
42,The strange case of Dr. Jekyll and Mr. Hyde,"Stevenson, Robert Louis",https://www.gutenberg.org/ebooks/42.txt.utf-8,2677,1.C. The Project Gutenberg Literary Archive Foundation (“the
42,The strange case of Dr. Jekyll and Mr. Hyde,"Stevenson, Robert Louis",https://www.gutenberg.org/ebooks/42.txt.utf-8,2678,"Foundation” or PGLAF), owns a compilation copyright in the collection"
42,The strange case of Dr. Jekyll and Mr. Hyde,"Stevenson, Robert Louis",https://www.gutenberg.org/ebooks/42.txt.utf-8,2679,of Project Gutenberg electronic works. Nearly all the individual
42,The strange case of Dr. Jekyll and Mr. Hyde,"Stevenson, Robert Louis",https://www.gutenberg.org/ebooks/42.txt.utf-8,2680,works in the collection are in the public domain in the United
42,The strange case of Dr. Jekyll and Mr. Hyde,"Stevenson, Robert Louis",https://www.gutenberg.org/ebooks/42.txt.utf-8,2681,States. If an individual work is unprotected by copyright law in the
42,The strange case of Dr. Jekyll and Mr. Hyde,"Stevenson, Robert Louis",https://www.gutenberg.org/ebooks/42.txt.utf-8,2682,"United States and you are located in the United States, we do not"
42,The strange case of Dr. Jekyll and Mr. Hyde,"Stevenson, Robert Louis",https://www.gutenberg.org/ebooks/42.txt.utf-8,2683,"claim a right to prevent you from copying, distributing, performing,"
42,The strange case of Dr. Jekyll and Mr. Hyde,"Stevenson, Robert Louis",https://www.gutenberg.org/ebooks/42.txt.utf-8,2684,displaying or creating derivative works based on the work as long as
42,The strange case of Dr. Jekyll and Mr. Hyde,"Stevenson, Robert Louis",https://www.gutenberg.org/ebooks/42.txt.utf-8,2685,"all references to Project Gutenberg are removed. Of course, we hope"
42,The strange case of Dr. Jekyll and Mr. Hyde,"Stevenson, Robert Louis",https://www.gutenberg.org/ebooks/42.txt.utf-8,2686,that you will support the Project Gutenberg mission of promoting
42,The strange case of Dr. Jekyll and Mr. Hyde,"Stevenson, Robert Louis",https://www.gutenberg.org/ebooks/42.txt.utf-8,2687,free access to electronic works by freely sharing Project Gutenberg
42,The strange case of Dr. Jekyll and Mr. Hyde,"Stevenson, Robert Louis",https://www.gutenberg.org/ebooks/42.txt.utf-8,2688,works in compliance with the terms of this agreement for keeping the
42,The strange case of Dr. Jekyll and Mr. Hyde,"Stevenson, Robert Louis",https://www.gutenberg.org/ebooks/42.txt.utf-8,2689,Project Gutenberg name associated with the work. You can easily
42,The strange case of Dr. Jekyll and Mr. Hyde,"Stevenson, Robert Louis",https://www.gutenberg.org/ebooks/42.txt.utf-8,2690,comply with the terms of this agreement by keeping this work in the
42,The strange case of Dr. Jekyll and Mr. Hyde,"Stevenson, Robert Louis",https://www.gutenberg.org/ebooks/42.txt.utf-8,2691,same format with its attached full Project Gutenberg License when
42,The strange case of Dr. Jekyll and Mr. Hyde,"Stevenson, Robert Louis",https://www.gutenberg.org/ebooks/42.txt.utf-8,2692,you share it without charge with others.
42,The strange case of Dr. Jekyll and Mr. Hyde,"Stevenson, Robert Louis",https://www.gutenberg.org/ebooks/42.txt.utf-8,2693,
42,The strange case of Dr. Jekyll and Mr. Hyde,"Stevenson, Robert Louis",https://www.gutenberg.org/ebooks/42.txt.utf-8,2694,1.D. The copyright laws of the place where you are located also govern
42,The strange case of Dr. Jekyll and Mr. Hyde,"Stevenson, Robert Louis",https://www.gutenberg.org/ebooks/42.txt.utf-8,2695,what you can do with this work. Copyright laws in most countries are
42,The strange case of Dr. Jekyll and Mr. Hyde,"Stevenson, Robert Louis",https://www.gutenberg.org/ebooks/42.txt.utf-8,2696,"in a constant state of change. If you are outside the United States,"
42,The strange case of Dr. Jekyll and Mr. Hyde,"Stevenson, Robert Louis",https://www.gutenberg.org/ebooks/42.txt.utf-8,2697,check the laws of your country in addition to the terms of this
42,The strange case of Dr. Jekyll and Mr. Hyde,"Stevenson, Robert Louis",https://www.gutenberg.org/ebooks/42.txt.utf-8,2698,"agreement before downloading, copying, displaying, performing,"
42,The strange case of Dr. Jekyll and Mr. Hyde,"Stevenson, Robert Louis",https://www.gutenberg.org/ebooks/42.txt.utf-8,2699,distributing or creating derivative works based on this work or any
42,The strange case of Dr. Jekyll and Mr. Hyde,"Stevenson, Robert Louis",https://www.gutenberg.org/ebooks/42.txt.utf-8,2700,other Project Gutenberg work. The Foundation makes no
42,The strange case of Dr. Jekyll and Mr. Hyde,"Stevenson, Robert Louis",https://www.gutenberg.org/ebooks/42.txt.utf-8,2701,representations concerning the copyright status of any work in any
42,The strange case of Dr. Jekyll and Mr. Hyde,"Stevenson, Robert Louis",https://www.gutenberg.org/ebooks/42.txt.utf-8,2702,country other than the United States.
42,The strange case of Dr. Jekyll and Mr. Hyde,"Stevenson, Robert Louis",https://www.gutenberg.org/ebooks/42.txt.utf-8,2703,
42,The strange case of Dr. Jekyll and Mr. Hyde,"Stevenson, Robert Louis",https://www.gutenberg.org/ebooks/42.txt.utf-8,2704,1.E. Unless you have removed all references to Project Gutenberg:
42,The strange case of Dr. Jekyll and Mr. Hyde,"Stevenson, Robert Louis",https://www.gutenberg.org/ebooks/42.txt.utf-8,2705,
42,The strange case of Dr. Jekyll and Mr. Hyde,"Stevenson, Robert Louis",https://www.gutenberg.org/ebooks/42.txt.utf-8,2706,"1.E.1. The following sentence, with active links to, or other"
42,The strange case of Dr. Jekyll and Mr. Hyde,"Stevenson, Robert Louis",https://www.gutenberg.org/ebooks/42.txt.utf-8,2707,"immediate access to, the full Project Gutenberg License must appear"
42,The strange case of Dr. Jekyll and Mr. Hyde,"Stevenson, Robert Louis",https://www.gutenberg.org/ebooks/42.txt.utf-8,2708,prominently whenever any copy of a Project Gutenberg work (any work
42,The strange case of Dr. Jekyll and Mr. Hyde,"Stevenson, Robert Louis",https://www.gutenberg.org/ebooks/42.txt.utf-8,2709,"on which the phrase “Project Gutenberg” appears, or with which the"
42,The strange case of Dr. Jekyll and Mr. Hyde,"Stevenson, Robert Louis",https://www.gutenberg.org/ebooks/42.txt.utf-8,2710,"phrase “Project Gutenberg” is associated) is accessed, displayed,"
42,The strange case of Dr. Jekyll and Mr. Hyde,"Stevenson, Robert Louis",https://www.gutenberg.org/ebooks/42.txt.utf-8,2711,"performed, viewed, copied or distributed:"
42,The strange case of Dr. Jekyll and Mr. Hyde,"Stevenson, Robert Louis",https://www.gutenberg.org/ebooks/42.txt.utf-8,2712,
42,The strange case of Dr. Jekyll and Mr. Hyde,"Stevenson, Robert Louis",https://www.gutenberg.org/ebooks/42.txt.utf-8,2713,    This eBook is for the use of anyone anywhere in the United States and most
42,The strange case of Dr. Jekyll and Mr. Hyde,"Stevenson, Robert Louis",https://www.gutenberg.org/ebooks/42.txt.utf-8,2714,    other parts of the world at no cost and with almost no restrictions
42,The strange case of Dr. Jekyll and Mr. Hyde,"Stevenson, Robert Louis",https://www.gutenberg.org/ebooks/42.txt.utf-8,2715,"    whatsoever. You may copy it, give it away or re-use it under the terms"
42,The strange case of Dr. Jekyll and Mr. Hyde,"Stevenson, Robert Louis",https://www.gutenberg.org/ebooks/42.txt.utf-8,2716,    of the Project Gutenberg™ License included with this eBook or online
42,The strange case of Dr. Jekyll and Mr. Hyde,"Stevenson, Robert Louis",https://www.gutenberg.org/ebooks/42.txt.utf-8,2717,    at www.gutenberg.org. If you
42,The strange case of Dr. Jekyll and Mr. Hyde,"Stevenson, Robert Louis",https://www.gutenberg.org/ebooks/42.txt.utf-8,2718,"    are not located in the United States, you will have to check the laws"
42,The strange case of Dr. Jekyll and Mr. Hyde,"Stevenson, Robert Louis",https://www.gutenberg.org/ebooks/42.txt.utf-8,2719,    of the country where you are located before using this eBook.
42,The strange case of Dr. Jekyll and Mr. Hyde,"Stevenson, Robert Louis",https://www.gutenberg.org/ebooks/42.txt.utf-8,2720,
42,The strange case of Dr. Jekyll and Mr. Hyde,"Stevenson, Robert Louis",https://www.gutenberg.org/ebooks/42.txt.utf-8,2721,1.E.2. If an individual Project Gutenberg electronic work is
42,The strange case of Dr. Jekyll and Mr. Hyde,"Stevenson, Robert Louis",https://www.gutenberg.org/ebooks/42.txt.utf-8,2722,derived from texts not protected by U.S. copyright law (does not
42,The strange case of Dr. Jekyll and Mr. Hyde,"Stevenson, Robert Louis",https://www.gutenberg.org/ebooks/42.txt.utf-8,2723,contain a notice indicating that it is posted with permission of the
42,The strange case of Dr. Jekyll and Mr. Hyde,"Stevenson, Robert Louis",https://www.gutenberg.org/ebooks/42.txt.utf-8,2724,"copyright holder), the work can be copied and distributed to anyone in"
42,The strange case of Dr. Jekyll and Mr. Hyde,"Stevenson, Robert Louis",https://www.gutenberg.org/ebooks/42.txt.utf-8,2725,the United States without paying any fees or charges. If you are
42,The strange case of Dr. Jekyll and Mr. Hyde,"Stevenson, Robert Louis",https://www.gutenberg.org/ebooks/42.txt.utf-8,2726,redistributing or providing access to a work with the phrase “Project
42,The strange case of Dr. Jekyll and Mr. Hyde,"Stevenson, Robert Louis",https://www.gutenberg.org/ebooks/42.txt.utf-8,2727,"Gutenberg” associated with or appearing on the work, you must comply"
42,The strange case of Dr. Jekyll and Mr. Hyde,"Stevenson, Robert Louis",https://www.gutenberg.org/ebooks/42.txt.utf-8,2728,either with the requirements of paragraphs 1.E.1 through 1.E.7 or
42,The strange case of Dr. Jekyll and Mr. Hyde,"Stevenson, Robert Louis",https://www.gutenberg.org/ebooks/42.txt.utf-8,2729,obtain permission for the use of the work and the Project Gutenberg
42,The strange case of Dr. Jekyll and Mr. Hyde,"Stevenson, Robert Louis",https://www.gutenberg.org/ebooks/42.txt.utf-8,2730,trademark as set forth in paragraphs 1.E.8 or 1.E.9.
42,The strange case of Dr. Jekyll and Mr. Hyde,"Stevenson, Robert Louis",https://www.gutenberg.org/ebooks/42.txt.utf-8,2731,
42,The strange case of Dr. Jekyll and Mr. Hyde,"Stevenson, Robert Louis",https://www.gutenberg.org/ebooks/42.txt.utf-8,2732,1.E.3. If an individual Project Gutenberg electronic work is posted
42,The strange case of Dr. Jekyll and Mr. Hyde,"Stevenson, Robert Louis",https://www.gutenberg.org/ebooks/42.txt.utf-8,2733,"with the permission of the copyright holder, your use and distribution"
42,The strange case of Dr. Jekyll and Mr. Hyde,"Stevenson, Robert Louis",https://www.gutenberg.org/ebooks/42.txt.utf-8,2734,must comply with both paragraphs 1.E.1 through 1.E.7 and any
42,The strange case of Dr. Jekyll and Mr. Hyde,"Stevenson, Robert Louis",https://www.gutenberg.org/ebooks/42.txt.utf-8,2735,additional terms imposed by the copyright holder. Additional terms
42,The strange case of Dr. Jekyll and Mr. Hyde,"Stevenson, Robert Louis",https://www.gutenberg.org/ebooks/42.txt.utf-8,2736,will be linked to the Project Gutenberg License for all works
42,The strange case of Dr. Jekyll and Mr. Hyde,"Stevenson, Robert Louis",https://www.gutenberg.org/ebooks/42.txt.utf-8,2737,posted with the permission of the copyright holder found at the
42,The strange case of Dr. Jekyll and Mr. Hyde,"Stevenson, Robert Louis",https://www.gutenberg.org/ebooks/42.txt.utf-8,2738,beginning of this work.
42,The strange case of Dr. Jekyll and Mr. Hyde,"Stevenson, Robert Louis",https://www.gutenberg.org/ebooks/42.txt.utf-8,2739,
42,The strange case of Dr. Jekyll and Mr. Hyde,"Stevenson, Robert Louis",https://www.gutenberg.org/ebooks/42.txt.utf-8,2740,1.E.4. Do not unlink or detach or remove the full Project Gutenberg
42,The strange case of Dr. Jekyll and Mr. Hyde,"Stevenson, Robert Louis",https://www.gutenberg.org/ebooks/42.txt.utf-8,2741,"License terms from this work, or any files containing a part of this"
42,The strange case of Dr. Jekyll and Mr. Hyde,"Stevenson, Robert Louis",https://www.gutenberg.org/ebooks/42.txt.utf-8,2742,work or any other work associated with Project Gutenberg.
42,The strange case of Dr. Jekyll and Mr. Hyde,"Stevenson, Robert Louis",https://www.gutenberg.org/ebooks/42.txt.utf-8,2743,
42,The strange case of Dr. Jekyll and Mr. Hyde,"Stevenson, Robert Louis",https://www.gutenberg.org/ebooks/42.txt.utf-8,2744,"1.E.5. Do not copy, display, perform, distribute or redistribute this"
42,The strange case of Dr. Jekyll and Mr. Hyde,"Stevenson, Robert Louis",https://www.gutenberg.org/ebooks/42.txt.utf-8,2745,"electronic work, or any part of this electronic work, without"
42,The strange case of Dr. Jekyll and Mr. Hyde,"Stevenson, Robert Louis",https://www.gutenberg.org/ebooks/42.txt.utf-8,2746,prominently displaying the sentence set forth in paragraph 1.E.1 with
42,The strange case of Dr. Jekyll and Mr. Hyde,"Stevenson, Robert Louis",https://www.gutenberg.org/ebooks/42.txt.utf-8,2747,active links or immediate access to the full terms of the Project
42,The strange case of Dr. Jekyll and Mr. Hyde,"Stevenson, Robert Louis",https://www.gutenberg.org/ebooks/42.txt.utf-8,2748,Gutenberg License.
42,The strange case of Dr. Jekyll and Mr. Hyde,"Stevenson, Robert Louis",https://www.gutenberg.org/ebooks/42.txt.utf-8,2749,
42,The strange case of Dr. Jekyll and Mr. Hyde,"Stevenson, Robert Louis",https://www.gutenberg.org/ebooks/42.txt.utf-8,2750,"1.E.6. You may convert to and distribute this work in any binary,"
42,The strange case of Dr. Jekyll and Mr. Hyde,"Stevenson, Robert Louis",https://www.gutenberg.org/ebooks/42.txt.utf-8,2751,"compressed, marked up, nonproprietary or proprietary form, including"
42,The strange case of Dr. Jekyll and Mr. Hyde,"Stevenson, Robert Louis",https://www.gutenberg.org/ebooks/42.txt.utf-8,2752,"any word processing or hypertext form. However, if you provide access"
42,The strange case of Dr. Jekyll and Mr. Hyde,"Stevenson, Robert Louis",https://www.gutenberg.org/ebooks/42.txt.utf-8,2753,to or distribute copies of a Project Gutenberg work in a format
42,The strange case of Dr. Jekyll and Mr. Hyde,"Stevenson, Robert Louis",https://www.gutenberg.org/ebooks/42.txt.utf-8,2754,other than “Plain Vanilla ASCII” or other format used in the official
42,The strange case of Dr. Jekyll and Mr. Hyde,"Stevenson, Robert Louis",https://www.gutenberg.org/ebooks/42.txt.utf-8,2755,version posted on the official Project Gutenberg website
42,The strange case of Dr. Jekyll and Mr. Hyde,"Stevenson, Robert Louis",https://www.gutenberg.org/ebooks/42.txt.utf-8,2756,"(www.gutenberg.org), you must, at no additional cost, fee or expense"
42,The strange case of Dr. Jekyll and Mr. Hyde,"Stevenson, Robert Louis",https://www.gutenberg.org/ebooks/42.txt.utf-8,2757,"to the user, provide a copy, a means of exporting a copy, or a means"
42,The strange case of Dr. Jekyll and Mr. Hyde,"Stevenson, Robert Louis",https://www.gutenberg.org/ebooks/42.txt.utf-8,2758,"of obtaining a copy upon request, of the work in its original “Plain"
42,The strange case of Dr. Jekyll and Mr. Hyde,"Stevenson, Robert Louis",https://www.gutenberg.org/ebooks/42.txt.utf-8,2759,Vanilla ASCII” or other form. Any alternate format must include the
42,The strange case of Dr. Jekyll and Mr. Hyde,"Stevenson, Robert Louis",https://www.gutenberg.org/ebooks/42.txt.utf-8,2760,full Project Gutenberg License as specified in paragraph 1.E.1.
42,The strange case of Dr. Jekyll and Mr. Hyde,"Stevenson, Robert Louis",https://www.gutenberg.org/ebooks/42.txt.utf-8,2761,
42,The strange case of Dr. Jekyll and Mr. Hyde,"Stevenson, Robert Louis",https://www.gutenberg.org/ebooks/42.txt.utf-8,2762,"1.E.7. Do not charge a fee for access to, viewing, displaying,"
42,The strange case of Dr. Jekyll and Mr. Hyde,"Stevenson, Robert Louis",https://www.gutenberg.org/ebooks/42.txt.utf-8,2763,"performing, copying or distributing any Project Gutenberg works"
42,The strange case of Dr. Jekyll and Mr. Hyde,"Stevenson, Robert Louis",https://www.gutenberg.org/ebooks/42.txt.utf-8,2764,unless you comply with paragraph 1.E.8 or 1.E.9.
42,The strange case of Dr. Jekyll and Mr. Hyde,"Stevenson, Robert Louis",https://www.gutenberg.org/ebooks/42.txt.utf-8,2765,
42,The strange case of Dr. Jekyll and Mr. Hyde,"Stevenson, Robert Louis",https://www.gutenberg.org/ebooks/42.txt.utf-8,2766,1.E.8. You may charge a reasonable fee for copies of or providing
42,The strange case of Dr. Jekyll and Mr. Hyde,"Stevenson, Robert Louis",https://www.gutenberg.org/ebooks/42.txt.utf-8,2767,access to or distributing Project Gutenberg electronic works
42,The strange case of Dr. Jekyll and Mr. Hyde,"Stevenson, Robert Louis",https://www.gutenberg.org/ebooks/42.txt.utf-8,2768,provided that:
42,The strange case of Dr. Jekyll and Mr. Hyde,"Stevenson, Robert Louis",https://www.gutenberg.org/ebooks/42.txt.utf-8,2769,
42,The strange case of Dr. Jekyll and Mr. Hyde,"Stevenson, Robert Louis",https://www.gutenberg.org/ebooks/42.txt.utf-8,2770,    • You pay a royalty fee of 20% of the gross profits you derive from
42,The strange case of Dr. Jekyll and Mr. Hyde,"Stevenson, Robert Louis",https://www.gutenberg.org/ebooks/42.txt.utf-8,2771,        the use of Project Gutenberg works calculated using the method
42,The strange case of Dr. Jekyll and Mr. Hyde,"Stevenson, Robert Louis",https://www.gutenberg.org/ebooks/42.txt.utf-8,2772,        you already use to calculate your applicable taxes. The fee is owed
42,The strange case of Dr. Jekyll and Mr. Hyde,"Stevenson, Robert Louis",https://www.gutenberg.org/ebooks/42.txt.utf-8,2773,"        to the owner of the Project Gutenberg trademark, but he has"
42,The strange case of Dr. Jekyll and Mr. Hyde,"Stevenson, Robert Louis",https://www.gutenberg.org/ebooks/42.txt.utf-8,2774,        agreed to donate royalties under this paragraph to the Project
42,The strange case of Dr. Jekyll and Mr. Hyde,"Stevenson, Robert Louis",https://www.gutenberg.org/ebooks/42.txt.utf-8,2775,        Gutenberg Literary Archive Foundation. Royalty payments must be paid
42,The strange case of Dr. Jekyll and Mr. Hyde,"Stevenson, Robert Louis",https://www.gutenberg.org/ebooks/42.txt.utf-8,2776,        within 60 days following each date on which you prepare (or are
42,The strange case of Dr. Jekyll and Mr. Hyde,"Stevenson, Robert Louis",https://www.gutenberg.org/ebooks/42.txt.utf-8,2777,        legally required to prepare) your periodic tax returns. Royalty
42,The strange case of Dr. Jekyll and Mr. Hyde,"Stevenson, Robert Louis",https://www.gutenberg.org/ebooks/42.txt.utf-8,2778,        payments should be clearly marked as such and sent to the Project
42,The strange case of Dr. Jekyll and Mr. Hyde,"Stevenson, Robert Louis",https://www.gutenberg.org/ebooks/42.txt.utf-8,2779,        Gutenberg Literary Archive Foundation at the address specified in
42,The strange case of Dr. Jekyll and Mr. Hyde,"Stevenson, Robert Louis",https://www.gutenberg.org/ebooks/42.txt.utf-8,2780,"        Section 4, “Information about donations to the Project Gutenberg"
42,The strange case of Dr. Jekyll and Mr. Hyde,"Stevenson, Robert Louis",https://www.gutenberg.org/ebooks/42.txt.utf-8,2781,        Literary Archive Foundation.”
42,The strange case of Dr. Jekyll and Mr. Hyde,"Stevenson, Robert Louis",https://www.gutenberg.org/ebooks/42.txt.utf-8,2782,
42,The strange case of Dr. Jekyll and Mr. Hyde,"Stevenson, Robert Louis",https://www.gutenberg.org/ebooks/42.txt.utf-8,2783,    • You provide a full refund of any money paid by a user who notifies
42,The strange case of Dr. Jekyll and Mr. Hyde,"Stevenson, Robert Louis",https://www.gutenberg.org/ebooks/42.txt.utf-8,2784,        you in writing (or by e-mail) within 30 days of receipt that s/he
42,The strange case of Dr. Jekyll and Mr. Hyde,"Stevenson, Robert Louis",https://www.gutenberg.org/ebooks/42.txt.utf-8,2785,        does not agree to the terms of the full Project Gutenberg™
42,The strange case of Dr. Jekyll and Mr. Hyde,"Stevenson, Robert Louis",https://www.gutenberg.org/ebooks/42.txt.utf-8,2786,        License. You must require such a user to return or destroy all
42,The strange case of Dr. Jekyll and Mr. Hyde,"Stevenson, Robert Louis",https://www.gutenberg.org/ebooks/42.txt.utf-8,2787,        copies of the works possessed in a physical medium and discontinue
42,The strange case of Dr. Jekyll and Mr. Hyde,"Stevenson, Robert Louis",https://www.gutenberg.org/ebooks/42.txt.utf-8,2788,        all use of and all access to other copies of Project Gutenberg™
42,The strange case of Dr. Jekyll and Mr. Hyde,"Stevenson, Robert Louis",https://www.gutenberg.org/ebooks/42.txt.utf-8,2789,        works.
42,The strange case of Dr. Jekyll and Mr. Hyde,"Stevenson, Robert Louis",https://www.gutenberg.org/ebooks/42.txt.utf-8,2790,
42,The strange case of Dr. Jekyll and Mr. Hyde,"Stevenson, Robert Louis",https://www.gutenberg.org/ebooks/42.txt.utf-8,2791,"    • You provide, in accordance with paragraph 1.F.3, a full refund of"
42,The strange case of Dr. Jekyll and Mr. Hyde,"Stevenson, Robert Louis",https://www.gutenberg.org/ebooks/42.txt.utf-8,2792,"        any money paid for a work or a replacement copy, if a defect in the"
42,The strange case of Dr. Jekyll and Mr. Hyde,"Stevenson, Robert Louis",https://www.gutenberg.org/ebooks/42.txt.utf-8,2793,        electronic work is discovered and reported to you within 90 days of
42,The strange case of Dr. Jekyll and Mr. Hyde,"Stevenson, Robert Louis",https://www.gutenberg.org/ebooks/42.txt.utf-8,2794,        receipt of the work.
42,The strange case of Dr. Jekyll and Mr. Hyde,"Stevenson, Robert Louis",https://www.gutenberg.org/ebooks/42.txt.utf-8,2795,
42,The strange case of Dr. Jekyll and Mr. Hyde,"Stevenson, Robert Louis",https://www.gutenberg.org/ebooks/42.txt.utf-8,2796,    • You comply with all other terms of this agreement for free
42,The strange case of Dr. Jekyll and Mr. Hyde,"Stevenson, Robert Louis",https://www.gutenberg.org/ebooks/42.txt.utf-8,2797,        distribution of Project Gutenberg™ works.
42,The strange case of Dr. Jekyll and Mr. Hyde,"Stevenson, Robert Louis",https://www.gutenberg.org/ebooks/42.txt.utf-8,2798,
42,The strange case of Dr. Jekyll and Mr. Hyde,"Stevenson, Robert Louis",https://www.gutenberg.org/ebooks/42.txt.utf-8,2799,
42,The strange case of Dr. Jekyll and Mr. Hyde,"Stevenson, Robert Louis",https://www.gutenberg.org/ebooks/42.txt.utf-8,2800,1.E.9. If you wish to charge a fee or distribute a Project
42,The strange case of Dr. Jekyll and Mr. Hyde,"Stevenson, Robert Louis",https://www.gutenberg.org/ebooks/42.txt.utf-8,2801,Gutenberg™ electronic work or group of works on different terms than
42,The strange case of Dr. Jekyll and Mr. Hyde,"Stevenson, Robert Louis",https://www.gutenberg.org/ebooks/42.txt.utf-8,2802,"are set forth in this agreement, you must obtain permission in writing"
42,The strange case of Dr. Jekyll and Mr. Hyde,"Stevenson, Robert Louis",https://www.gutenberg.org/ebooks/42.txt.utf-8,2803,"from the Project Gutenberg Literary Archive Foundation, the manager of"
42,The strange case of Dr. Jekyll and Mr. Hyde,"Stevenson, Robert Louis",https://www.gutenberg.org/ebooks/42.txt.utf-8,2804,the Project Gutenberg™ trademark. Contact the Foundation as set
42,The strange case of Dr. Jekyll and Mr. Hyde,"Stevenson, Robert Louis",https://www.gutenberg.org/ebooks/42.txt.utf-8,2805,forth in Section 3 below.
42,The strange case of Dr. Jekyll and Mr. Hyde,"Stevenson, Robert Louis",https://www.gutenberg.org/ebooks/42.txt.utf-8,2806,
42,The strange case of Dr. Jekyll and Mr. Hyde,"Stevenson, Robert Louis",https://www.gutenberg.org/ebooks/42.txt.utf-8,2807,1.F.
42,The strange case of Dr. Jekyll and Mr. Hyde,"Stevenson, Robert Louis",https://www.gutenberg.org/ebooks/42.txt.utf-8,2808,
42,The strange case of Dr. Jekyll and Mr. Hyde,"Stevenson, Robert Louis",https://www.gutenberg.org/ebooks/42.txt.utf-8,2809,1.F.1. Project Gutenberg volunteers and employees expend considerable
42,The strange case of Dr. Jekyll and Mr. Hyde,"Stevenson, Robert Louis",https://www.gutenberg.org/ebooks/42.txt.utf-8,2810,"effort to identify, do copyright research on, transcribe and proofread"
42,The strange case of Dr. Jekyll and Mr. Hyde,"Stevenson, Robert Louis",https://www.gutenberg.org/ebooks/42.txt.utf-8,2811,works not protected by U.S. copyright law in creating the Project
42,The strange case of Dr. Jekyll and Mr. Hyde,"Stevenson, Robert Louis",https://www.gutenberg.org/ebooks/42.txt.utf-8,2812,"Gutenberg™ collection. Despite these efforts, Project Gutenberg™"
42,The strange case of Dr. Jekyll and Mr. Hyde,"Stevenson, Robert Louis",https://www.gutenberg.org/ebooks/42.txt.utf-8,2813,"electronic works, and the medium on which they may be stored, may"
42,The strange case of Dr. Jekyll and Mr. Hyde,"Stevenson, Robert Louis",https://www.gutenberg.org/ebooks/42.txt.utf-8,2814,"contain “Defects,” such as, but not limited to, incomplete, inaccurate"
42,The strange case of Dr. Jekyll and Mr. Hyde,"Stevenson, Robert Louis",https://www.gutenberg.org/ebooks/42.txt.utf-8,2815,"or corrupt data, transcription errors, a copyright or other"
42,The strange case of Dr. Jekyll and Mr. Hyde,"Stevenson, Robert Louis",https://www.gutenberg.org/ebooks/42.txt.utf-8,2816,"intellectual property infringement, a defective or damaged disk or"
42,The strange case of Dr. Jekyll and Mr. Hyde,"Stevenson, Robert Louis",https://www.gutenberg.org/ebooks/42.txt.utf-8,2817,"other medium, a computer virus, or computer codes that damage or"
42,The strange case of Dr. Jekyll and Mr. Hyde,"Stevenson, Robert Louis",https://www.gutenberg.org/ebooks/42.txt.utf-8,2818,cannot be read by your equipment.
42,The strange case of Dr. Jekyll and Mr. Hyde,"Stevenson, Robert Louis",https://www.gutenberg.org/ebooks/42.txt.utf-8,2819,
42,The strange case of Dr. Jekyll and Mr. Hyde,"Stevenson, Robert Louis",https://www.gutenberg.org/ebooks/42.txt.utf-8,2820,"1.F.2. LIMITED WARRANTY, DISCLAIMER OF DAMAGES - Except for the “Right"
42,The strange case of Dr. Jekyll and Mr. Hyde,"Stevenson, Robert Louis",https://www.gutenberg.org/ebooks/42.txt.utf-8,2821,"of Replacement or Refund” described in paragraph 1.F.3, the Project"
42,The strange case of Dr. Jekyll and Mr. Hyde,"Stevenson, Robert Louis",https://www.gutenberg.org/ebooks/42.txt.utf-8,2822,"Gutenberg Literary Archive Foundation, the owner of the Project"
42,The strange case of Dr. Jekyll and Mr. Hyde,"Stevenson, Robert Louis",https://www.gutenberg.org/ebooks/42.txt.utf-8,2823,"Gutenberg™ trademark, and any other party distributing a Project"
42,The strange case of Dr. Jekyll and Mr. Hyde,"Stevenson, Robert Louis",https://www.gutenberg.org/ebooks/42.txt.utf-8,2824,"Gutenberg™ electronic work under this agreement, disclaim all"
42,The strange case of Dr. Jekyll and Mr. Hyde,"Stevenson, Robert Louis",https://www.gutenberg.org/ebooks/42.txt.utf-8,2825,"liability to you for damages, costs and expenses, including legal"
42,The strange case of Dr. Jekyll and Mr. Hyde,"Stevenson, Robert Louis",https://www.gutenberg.org/ebooks/42.txt.utf-8,2826,"fees. YOU AGREE THAT YOU HAVE NO REMEDIES FOR NEGLIGENCE, STRICT"
42,The strange case of Dr. Jekyll and Mr. Hyde,"Stevenson, Robert Louis",https://www.gutenberg.org/ebooks/42.txt.utf-8,2827,"LIABILITY, BREACH OF WARRANTY OR BREACH OF CONTRACT EXCEPT THOSE"
42,The strange case of Dr. Jekyll and Mr. Hyde,"Stevenson, Robert Louis",https://www.gutenberg.org/ebooks/42.txt.utf-8,2828,"PROVIDED IN PARAGRAPH 1.F.3. YOU AGREE THAT THE FOUNDATION, THE"
42,The strange case of Dr. Jekyll and Mr. Hyde,"Stevenson, Robert Louis",https://www.gutenberg.org/ebooks/42.txt.utf-8,2829,"TRADEMARK OWNER, AND ANY DISTRIBUTOR UNDER THIS AGREEMENT WILL NOT BE"
42,The strange case of Dr. Jekyll and Mr. Hyde,"Stevenson, Robert Louis",https://www.gutenberg.org/ebooks/42.txt.utf-8,2830,"LIABLE TO YOU FOR ACTUAL, DIRECT, INDIRECT, CONSEQUENTIAL, PUNITIVE OR"
42,The strange case of Dr. Jekyll and Mr. Hyde,"Stevenson, Robert Louis",https://www.gutenberg.org/ebooks/42.txt.utf-8,2831,INCIDENTAL DAMAGES EVEN IF YOU GIVE NOTICE OF THE POSSIBILITY OF SUCH
42,The strange case of Dr. Jekyll and Mr. Hyde,"Stevenson, Robert Louis",https://www.gutenberg.org/ebooks/42.txt.utf-8,2832,DAMAGE.
42,The strange case of Dr. Jekyll and Mr. Hyde,"Stevenson, Robert Louis",https://www.gutenberg.org/ebooks/42.txt.utf-8,2833,
42,The strange case of Dr. Jekyll and Mr. Hyde,"Stevenson, Robert Louis",https://www.gutenberg.org/ebooks/42.txt.utf-8,2834,1.F.3. LIMITED RIGHT OF REPLACEMENT OR REFUND - If you discover a
42,The strange case of Dr. Jekyll and Mr. Hyde,"Stevenson, Robert Louis",https://www.gutenberg.org/ebooks/42.txt.utf-8,2835,"defect in this electronic work within 90 days of receiving it, you can"
42,The strange case of Dr. Jekyll and Mr. Hyde,"Stevenson, Robert Louis",https://www.gutenberg.org/ebooks/42.txt.utf-8,2836,receive a refund of the money (if any) you paid for it by sending a
42,The strange case of Dr. Jekyll and Mr. Hyde,"Stevenson, Robert Louis",https://www.gutenberg.org/ebooks/42.txt.utf-8,2837,written explanation to the person you received the work from. If you
42,The strange case of Dr. Jekyll and Mr. Hyde,"Stevenson, Robert Louis",https://www.gutenberg.org/ebooks/42.txt.utf-8,2838,"received the work on a physical medium, you must return the medium"
42,The strange case of Dr. Jekyll and Mr. Hyde,"Stevenson, Robert Louis",https://www.gutenberg.org/ebooks/42.txt.utf-8,2839,with your written explanation. The person or entity that provided you
42,The strange case of Dr. Jekyll and Mr. Hyde,"Stevenson, Robert Louis",https://www.gutenberg.org/ebooks/42.txt.utf-8,2840,with the defective work may elect to provide a replacement copy in
42,The strange case of Dr. Jekyll and Mr. Hyde,"Stevenson, Robert Louis",https://www.gutenberg.org/ebooks/42.txt.utf-8,2841,"lieu of a refund. If you received the work electronically, the person"
42,The strange case of Dr. Jekyll and Mr. Hyde,"Stevenson, Robert Louis",https://www.gutenberg.org/ebooks/42.txt.utf-8,2842,or entity providing it to you may choose to give you a second
42,The strange case of Dr. Jekyll and Mr. Hyde,"Stevenson, Robert Louis",https://www.gutenberg.org/ebooks/42.txt.utf-8,2843,opportunity to receive the work electronically in lieu of a refund. If
42,The strange case of Dr. Jekyll and Mr. Hyde,"Stevenson, Robert Louis",https://www.gutenberg.org/ebooks/42.txt.utf-8,2844,"the second copy is also defective, you may demand a refund in writing"
42,The strange case of Dr. Jekyll and Mr. Hyde,"Stevenson, Robert Louis",https://www.gutenberg.org/ebooks/42.txt.utf-8,2845,without further opportunities to fix the problem.
42,The strange case of Dr. Jekyll and Mr. Hyde,"Stevenson, Robert Louis",https://www.gutenberg.org/ebooks/42.txt.utf-8,2846,
42,The strange case of Dr. Jekyll and Mr. Hyde,"Stevenson, Robert Louis",https://www.gutenberg.org/ebooks/42.txt.utf-8,2847,1.F.4. Except for the limited right of replacement or refund set forth
42,The strange case of Dr. Jekyll and Mr. Hyde,"Stevenson, Robert Louis",https://www.gutenberg.org/ebooks/42.txt.utf-8,2848,"in paragraph 1.F.3, this work is provided to you ‘AS-IS’, WITH NO"
42,The strange case of Dr. Jekyll and Mr. Hyde,"Stevenson, Robert Louis",https://www.gutenberg.org/ebooks/42.txt.utf-8,2849,"OTHER WARRANTIES OF ANY KIND, EXPRESS OR IMPLIED, INCLUDING BUT NOT"
42,The strange case of Dr. Jekyll and Mr. Hyde,"Stevenson, Robert Louis",https://www.gutenberg.org/ebooks/42.txt.utf-8,2850,LIMITED TO WARRANTIES OF MERCHANTABILITY OR FITNESS FOR ANY PURPOSE.
42,The strange case of Dr. Jekyll and Mr. Hyde,"Stevenson, Robert Louis",https://www.gutenberg.org/ebooks/42.txt.utf-8,2851,
42,The strange case of Dr. Jekyll and Mr. Hyde,"Stevenson, Robert Louis",https://www.gutenberg.org/ebooks/42.txt.utf-8,2852,1.F.5. Some states do not allow disclaimers of certain implied
42,The strange case of Dr. Jekyll and Mr. Hyde,"Stevenson, Robert Louis",https://www.gutenberg.org/ebooks/42.txt.utf-8,2853,warranties or the exclusion or limitation of certain types of
42,The strange case of Dr. Jekyll and Mr. Hyde,"Stevenson, Robert Louis",https://www.gutenberg.org/ebooks/42.txt.utf-8,2854,damages. If any disclaimer or limitation set forth in this agreement
42,The strange case of Dr. Jekyll and Mr. Hyde,"Stevenson, Robert Louis",https://www.gutenberg.org/ebooks/42.txt.utf-8,2855,"violates the law of the state applicable to this agreement, the"
42,The strange case of Dr. Jekyll and Mr. Hyde,"Stevenson, Robert Louis",https://www.gutenberg.org/ebooks/42.txt.utf-8,2856,agreement shall be interpreted to make the maximum disclaimer or
42,The strange case of Dr. Jekyll and Mr. Hyde,"Stevenson, Robert Louis",https://www.gutenberg.org/ebooks/42.txt.utf-8,2857,limitation permitted by the applicable state law. The invalidity or
42,The strange case of Dr. Jekyll and Mr. Hyde,"Stevenson, Robert Louis",https://www.gutenberg.org/ebooks/42.txt.utf-8,2858,unenforceability of any provision of this agreement shall not void the
42,The strange case of Dr. Jekyll and Mr. Hyde,"Stevenson, Robert Louis",https://www.gutenberg.org/ebooks/42.txt.utf-8,2859,remaining provisions.
42,The strange case of Dr. Jekyll and Mr. Hyde,"Stevenson, Robert Louis",https://www.gutenberg.org/ebooks/42.txt.utf-8,2860,
42,The strange case of Dr. Jekyll and Mr. Hyde,"Stevenson, Robert Louis",https://www.gutenberg.org/ebooks/42.txt.utf-8,2861,"1.F.6. INDEMNITY - You agree to indemnify and hold the Foundation, the"
42,The strange case of Dr. Jekyll and Mr. Hyde,"Stevenson, Robert Louis",https://www.gutenberg.org/ebooks/42.txt.utf-8,2862,"trademark owner, any agent or employee of the Foundation, anyone"
42,The strange case of Dr. Jekyll and Mr. Hyde,"Stevenson, Robert Louis",https://www.gutenberg.org/ebooks/42.txt.utf-8,2863,providing copies of Project Gutenberg™ electronic works in
42,The strange case of Dr. Jekyll and Mr. Hyde,"Stevenson, Robert Louis",https://www.gutenberg.org/ebooks/42.txt.utf-8,2864,"accordance with this agreement, and any volunteers associated with the"
42,The strange case of Dr. Jekyll and Mr. Hyde,"Stevenson, Robert Louis",https://www.gutenberg.org/ebooks/42.txt.utf-8,2865,"production, promotion and distribution of Project Gutenberg™"
42,The strange case of Dr. Jekyll and Mr. Hyde,"Stevenson, Robert Louis",https://www.gutenberg.org/ebooks/42.txt.utf-8,2866,"electronic works, harmless from all liability, costs and expenses,"
42,The strange case of Dr. Jekyll and Mr. Hyde,"Stevenson, Robert Louis",https://www.gutenberg.org/ebooks/42.txt.utf-8,2867,"including legal fees, that arise directly or indirectly from any of"
42,The strange case of Dr. Jekyll and Mr. Hyde,"Stevenson, Robert Louis",https://www.gutenberg.org/ebooks/42.txt.utf-8,2868,the following which you do or cause to occur: (a) distribution of this
42,The strange case of Dr. Jekyll and Mr. Hyde,"Stevenson, Robert Louis",https://www.gutenberg.org/ebooks/42.txt.utf-8,2869,"or any Project Gutenberg work, (b) alteration, modification, or"
42,The strange case of Dr. Jekyll and Mr. Hyde,"Stevenson, Robert Louis",https://www.gutenberg.org/ebooks/42.txt.utf-8,2870,"additions or deletions to any Project Gutenberg work, and (c) any"
42,The strange case of Dr. Jekyll and Mr. Hyde,"Stevenson, Robert Louis",https://www.gutenberg.org/ebooks/42.txt.utf-8,2871,Defect you cause.
42,The strange case of Dr. Jekyll and Mr. Hyde,"Stevenson, Robert Louis",https://www.gutenberg.org/ebooks/42.txt.utf-8,2872,
42,The strange case of Dr. Jekyll and Mr. Hyde,"Stevenson, Robert Louis",https://www.gutenberg.org/ebooks/42.txt.utf-8,2873,Section 2. Information about the Mission of Project Gutenberg
42,The strange case of Dr. Jekyll and Mr. Hyde,"Stevenson, Robert Louis",https://www.gutenberg.org/ebooks/42.txt.utf-8,2874,
42,The strange case of Dr. Jekyll and Mr. Hyde,"Stevenson, Robert Louis",https://www.gutenberg.org/ebooks/42.txt.utf-8,2875,Project Gutenberg is synonymous with the free distribution of
42,The strange case of Dr. Jekyll and Mr. Hyde,"Stevenson, Robert Louis",https://www.gutenberg.org/ebooks/42.txt.utf-8,2876,electronic works in formats readable by the widest variety of
42,The strange case of Dr. Jekyll and Mr. Hyde,"Stevenson, Robert Louis",https://www.gutenberg.org/ebooks/42.txt.utf-8,2877,"computers including obsolete, old, middle-aged and new computers. It"
42,The strange case of Dr. Jekyll and Mr. Hyde,"Stevenson, Robert Louis",https://www.gutenberg.org/ebooks/42.txt.utf-8,2878,exists because of the efforts of hundreds of volunteers and donations
42,The strange case of Dr. Jekyll and Mr. Hyde,"Stevenson, Robert Louis",https://www.gutenberg.org/ebooks/42.txt.utf-8,2879,from people in all walks of life.
42,The strange case of Dr. Jekyll and Mr. Hyde,"Stevenson, Robert Louis",https://www.gutenberg.org/ebooks/42.txt.utf-8,2880,
42,The strange case of Dr. Jekyll and Mr. Hyde,"Stevenson, Robert Louis",https://www.gutenberg.org/ebooks/42.txt.utf-8,2881,Volunteers and financial support to provide volunteers with the
42,The strange case of Dr. Jekyll and Mr. Hyde,"Stevenson, Robert Louis",https://www.gutenberg.org/ebooks/42.txt.utf-8,2882,assistance they need are critical to reaching Project Gutenberg’s
42,The strange case of Dr. Jekyll and Mr. Hyde,"Stevenson, Robert Louis",https://www.gutenberg.org/ebooks/42.txt.utf-8,2883,goals and ensuring that the Project Gutenberg collection will
42,The strange case of Dr. Jekyll and Mr. Hyde,"Stevenson, Robert Louis",https://www.gutenberg.org/ebooks/42.txt.utf-8,2884,"remain freely available for generations to come. In 2001, the Project"
42,The strange case of Dr. Jekyll and Mr. Hyde,"Stevenson, Robert Louis",https://www.gutenberg.org/ebooks/42.txt.utf-8,2885,Gutenberg Literary Archive Foundation was created to provide a secure
42,The strange case of Dr. Jekyll and Mr. Hyde,"Stevenson, Robert Louis",https://www.gutenberg.org/ebooks/42.txt.utf-8,2886,and permanent future for Project Gutenberg and future
42,The strange case of Dr. Jekyll and Mr. Hyde,"Stevenson, Robert Louis",https://www.gutenberg.org/ebooks/42.txt.utf-8,2887,generations. To learn more about the Project Gutenberg Literary
42,The strange case of Dr. Jekyll and Mr. Hyde,"Stevenson, Robert Louis",https://www.gutenberg.org/ebooks/42.txt.utf-8,2888,"Archive Foundation and how your efforts and donations can help, see"
42,The strange case of Dr. Jekyll and Mr. Hyde,"Stevenson, Robert Louis",https://www.gutenberg.org/ebooks/42.txt.utf-8,2889,Sections 3 and 4 and the Foundation information page at www.gutenberg.org.
42,The strange case of Dr. Jekyll and Mr. Hyde,"Stevenson, Robert Louis",https://www.gutenberg.org/ebooks/42.txt.utf-8,2890,
42,The strange case of Dr. Jekyll and Mr. Hyde,"Stevenson, Robert Louis",https://www.gutenberg.org/ebooks/42.txt.utf-8,2891,Section 3. Information about the Project Gutenberg Literary Archive Foundation
42,The strange case of Dr. Jekyll and Mr. Hyde,"Stevenson, Robert Louis",https://www.gutenberg.org/ebooks/42.txt.utf-8,2892,
42,The strange case of Dr. Jekyll and Mr. Hyde,"Stevenson, Robert Louis",https://www.gutenberg.org/ebooks/42.txt.utf-8,2893,The Project Gutenberg Literary Archive Foundation is a non-profit
42,The strange case of Dr. Jekyll and Mr. Hyde,"Stevenson, Robert Louis",https://www.gutenberg.org/ebooks/42.txt.utf-8,2894,501(c)(3) educational corporation organized under the laws of the
42,The strange case of Dr. Jekyll and Mr. Hyde,"Stevenson, Robert Louis",https://www.gutenberg.org/ebooks/42.txt.utf-8,2895,state of Mississippi and granted tax exempt status by the Internal
42,The strange case of Dr. Jekyll and Mr. Hyde,"Stevenson, Robert Louis",https://www.gutenberg.org/ebooks/42.txt.utf-8,2896,Revenue Service. The Foundation’s EIN or federal tax identification
42,The strange case of Dr. Jekyll and Mr. Hyde,"Stevenson, Robert Louis",https://www.gutenberg.org/ebooks/42.txt.utf-8,2897,number is 64-6221541. Contributions to the Project Gutenberg Literary
42,The strange case of Dr. Jekyll and Mr. Hyde,"Stevenson, Robert Louis",https://www.gutenberg.org/ebooks/42.txt.utf-8,2898,Archive Foundation are tax deductible to the full extent permitted by
42,The strange case of Dr. Jekyll and Mr. Hyde,"Stevenson, Robert Louis",https://www.gutenberg.org/ebooks/42.txt.utf-8,2899,U.S. federal laws and your state’s laws.
42,The strange case of Dr. Jekyll and Mr. Hyde,"Stevenson, Robert Louis",https://www.gutenberg.org/ebooks/42.txt.utf-8,2900,
42,The strange case of Dr. Jekyll and Mr. Hyde,"Stevenson, Robert Louis",https://www.gutenberg.org/ebooks/42.txt.utf-8,2901,"The Foundation’s business office is located at 41 Watchung Plaza #516,"
42,The strange case of Dr. Jekyll and Mr. Hyde,"Stevenson, Robert Louis",https://www.gutenberg.org/ebooks/42.txt.utf-8,2902,"Montclair NJ 07042, USA, +1 (862) 621-9288. Email contact links and up"
42,The strange case of Dr. Jekyll and Mr. Hyde,"Stevenson, Robert Louis",https://www.gutenberg.org/ebooks/42.txt.utf-8,2903,to date contact information can be found at the Foundation’s website
42,The strange case of Dr. Jekyll and Mr. Hyde,"Stevenson, Robert Louis",https://www.gutenberg.org/ebooks/42.txt.utf-8,2904,and official page at www.gutenberg.org/contact
42,The strange case of Dr. Jekyll and Mr. Hyde,"Stevenson, Robert Louis",https://www.gutenberg.org/ebooks/42.txt.utf-8,2905,
42,The strange case of Dr. Jekyll and Mr. Hyde,"Stevenson, Robert Louis",https://www.gutenberg.org/ebooks/42.txt.utf-8,2906,Section 4. Information about Donations to the Project Gutenberg
42,The strange case of Dr. Jekyll and Mr. Hyde,"Stevenson, Robert Louis",https://www.gutenberg.org/ebooks/42.txt.utf-8,2907,Literary Archive Foundation
42,The strange case of Dr. Jekyll and Mr. Hyde,"Stevenson, Robert Louis",https://www.gutenberg.org/ebooks/42.txt.utf-8,2908,
42,The strange case of Dr. Jekyll and Mr. Hyde,"Stevenson, Robert Louis",https://www.gutenberg.org/ebooks/42.txt.utf-8,2909,Project Gutenberg™ depends upon and cannot survive without widespread
42,The strange case of Dr. Jekyll and Mr. Hyde,"Stevenson, Robert Louis",https://www.gutenberg.org/ebooks/42.txt.utf-8,2910,public support and donations to carry out its mission of
42,The strange case of Dr. Jekyll and Mr. Hyde,"Stevenson, Robert Louis",https://www.gutenberg.org/ebooks/42.txt.utf-8,2911,increasing the number of public domain and licensed works that can be
42,The strange case of Dr. Jekyll and Mr. Hyde,"Stevenson, Robert Louis",https://www.gutenberg.org/ebooks/42.txt.utf-8,2912,freely distributed in machine-readable form accessible by the widest
42,The strange case of Dr. Jekyll and Mr. Hyde,"Stevenson, Robert Louis",https://www.gutenberg.org/ebooks/42.txt.utf-8,2913,array of equipment including outdated equipment. Many small donations
42,The strange case of Dr. Jekyll and Mr. Hyde,"Stevenson, Robert Louis",https://www.gutenberg.org/ebooks/42.txt.utf-8,2914,"($1 to $5,000) are particularly important to maintaining tax exempt"
42,The strange case of Dr. Jekyll and Mr. Hyde,"Stevenson, Robert Louis",https://www.gutenberg.org/ebooks/42.txt.utf-8,2915,status with the IRS.
42,The strange case of Dr. Jekyll and Mr. Hyde,"Stevenson, Robert Louis",https://www.gutenberg.org/ebooks/42.txt.utf-8,2916,
42,The strange case of Dr. Jekyll and Mr. Hyde,"Stevenson, Robert Louis",https://www.gutenberg.org/ebooks/42.txt.utf-8,2917,The Foundation is committed to complying with the laws regulating
42,The strange case of Dr. Jekyll and Mr. Hyde,"Stevenson, Robert Louis",https://www.gutenberg.org/ebooks/42.txt.utf-8,2918,charities and charitable donations in all 50 states of the United
42,The strange case of Dr. Jekyll and Mr. Hyde,"Stevenson, Robert Louis",https://www.gutenberg.org/ebooks/42.txt.utf-8,2919,States. Compliance requirements are not uniform and it takes a
42,The strange case of Dr. Jekyll and Mr. Hyde,"Stevenson, Robert Louis",https://www.gutenberg.org/ebooks/42.txt.utf-8,2920,"considerable effort, much paperwork and many fees to meet and keep up"
42,The strange case of Dr. Jekyll and Mr. Hyde,"Stevenson, Robert Louis",https://www.gutenberg.org/ebooks/42.txt.utf-8,2921,with these requirements. We do not solicit donations in locations
42,The strange case of Dr. Jekyll and Mr. Hyde,"Stevenson, Robert Louis",https://www.gutenberg.org/ebooks/42.txt.utf-8,2922,where we have not received written confirmation of compliance. To SEND
42,The strange case of Dr. Jekyll and Mr. Hyde,"Stevenson, Robert Louis",https://www.gutenberg.org/ebooks/42.txt.utf-8,2923,DONATIONS or determine the status of compliance for any particular state
42,The strange case of Dr. Jekyll and Mr. Hyde,"Stevenson, Robert Louis",https://www.gutenberg.org/ebooks/42.txt.utf-8,2924,visit www.gutenberg.org/donate.
42,The strange case of Dr. Jekyll and Mr. Hyde,"Stevenson, Robert Louis",https://www.gutenberg.org/ebooks/42.txt.utf-8,2925,
42,The strange case of Dr. Jekyll and Mr. Hyde,"Stevenson, Robert Louis",https://www.gutenberg.org/ebooks/42.txt.utf-8,2926,While we cannot and do not solicit contributions from states where we
42,The strange case of Dr. Jekyll and Mr. Hyde,"Stevenson, Robert Louis",https://www.gutenberg.org/ebooks/42.txt.utf-8,2927,"have not met the solicitation requirements, we know of no prohibition"
42,The strange case of Dr. Jekyll and Mr. Hyde,"Stevenson, Robert Louis",https://www.gutenberg.org/ebooks/42.txt.utf-8,2928,against accepting unsolicited donations from donors in such states who
42,The strange case of Dr. Jekyll and Mr. Hyde,"Stevenson, Robert Louis",https://www.gutenberg.org/ebooks/42.txt.utf-8,2929,approach us with offers to donate.
42,The strange case of Dr. Jekyll and Mr. Hyde,"Stevenson, Robert Louis",https://www.gutenberg.org/ebooks/42.txt.utf-8,2930,
42,The strange case of Dr. Jekyll and Mr. Hyde,"Stevenson, Robert Louis",https://www.gutenberg.org/ebooks/42.txt.utf-8,2931,"International donations are gratefully accepted, but we cannot make"
42,The strange case of Dr. Jekyll and Mr. Hyde,"Stevenson, Robert Louis",https://www.gutenberg.org/ebooks/42.txt.utf-8,2932,any statements concerning tax treatment of donations received from
42,The strange case of Dr. Jekyll and Mr. Hyde,"Stevenson, Robert Louis",https://www.gutenberg.org/ebooks/42.txt.utf-8,2933,outside the United States. U.S. laws alone swamp our small staff.
42,The strange case of Dr. Jekyll and Mr. Hyde,"Stevenson, Robert Louis",https://www.gutenberg.org/ebooks/42.txt.utf-8,2934,
42,The strange case of Dr. Jekyll and Mr. Hyde,"Stevenson, Robert Louis",https://www.gutenberg.org/ebooks/42.txt.utf-8,2935,Please check the Project Gutenberg web pages for current donation
42,The strange case of Dr. Jekyll and Mr. Hyde,"Stevenson, Robert Louis",https://www.gutenberg.org/ebooks/42.txt.utf-8,2936,methods and addresses. Donations are accepted in a number of other
42,The strange case of Dr. Jekyll and Mr. Hyde,"Stevenson, Robert Louis",https://www.gutenberg.org/ebooks/42.txt.utf-8,2937,"ways including checks, online payments and credit card donations. To"
42,The strange case of Dr. Jekyll and Mr. Hyde,"Stevenson, Robert Louis",https://www.gutenberg.org/ebooks/42.txt.utf-8,2938,"donate, please visit: www.gutenberg.org/donate."
42,The strange case of Dr. Jekyll and Mr. Hyde,"Stevenson, Robert Louis",https://www.gutenberg.org/ebooks/42.txt.utf-8,2939,
42,The strange case of Dr. Jekyll and Mr. Hyde,"Stevenson, Robert Louis",https://www.gutenberg.org/ebooks/42.txt.utf-8,2940,Section 5. General Information About Project Gutenberg electronic works
42,The strange case of Dr. Jekyll and Mr. Hyde,"Stevenson, Robert Louis",https://www.gutenberg.org/ebooks/42.txt.utf-8,2941,
42,The strange case of Dr. Jekyll and Mr. Hyde,"Stevenson, Robert Louis",https://www.gutenberg.org/ebooks/42.txt.utf-8,2942,Professor Michael S. Hart was the originator of the Project
42,The strange case of Dr. Jekyll and Mr. Hyde,"Stevenson, Robert Louis",https://www.gutenberg.org/ebooks/42.txt.utf-8,2943,Gutenberg concept of a library of electronic works that could be
42,The strange case of Dr. Jekyll and Mr. Hyde,"Stevenson, Robert Louis",https://www.gutenberg.org/ebooks/42.txt.utf-8,2944,"freely shared with anyone. For forty years, he produced and"
42,The strange case of Dr. Jekyll and Mr. Hyde,"Stevenson, Robert Louis",https://www.gutenberg.org/ebooks/42.txt.utf-8,2945,distributed Project Gutenberg eBooks with only a loose network of
42,The strange case of Dr. Jekyll and Mr. Hyde,"Stevenson, Robert Louis",https://www.gutenberg.org/ebooks/42.txt.utf-8,2946,volunteer support.
42,The strange case of Dr. Jekyll and Mr. Hyde,"Stevenson, Robert Louis",https://www.gutenberg.org/ebooks/42.txt.utf-8,2947,
42,The strange case of Dr. Jekyll and Mr. Hyde,"Stevenson, Robert Louis",https://www.gutenberg.org/ebooks/42.txt.utf-8,2948,Project Gutenberg eBooks are often created from several printed
42,The strange case of Dr. Jekyll and Mr. Hyde,"Stevenson, Robert Louis",https://www.gutenberg.org/ebooks/42.txt.utf-8,2949,"editions, all of which are confirmed as not protected by copyright in"
42,The strange case of Dr. Jekyll and Mr. Hyde,"Stevenson, Robert Louis",https://www.gutenberg.org/ebooks/42.txt.utf-8,2950,"the U.S. unless a copyright notice is included. Thus, we do not"
42,The strange case of Dr. Jekyll and Mr. Hyde,"Stevenson, Robert Louis",https://www.gutenberg.org/ebooks/42.txt.utf-8,2951,necessarily keep eBooks in compliance with any particular paper
42,The strange case of Dr. Jekyll and Mr. Hyde,"Stevenson, Robert Louis",https://www.gutenberg.org/ebooks/42.txt.utf-8,2952,edition.
42,The strange case of Dr. Jekyll and Mr. Hyde,"Stevenson, Robert Louis",https://www.gutenberg.org/ebooks/42.txt.utf-8,2953,
42,The strange case of Dr. Jekyll and Mr. Hyde,"Stevenson, Robert Louis",https://www.gutenberg.org/ebooks/42.txt.utf-8,2954,Most people start at our website which has the main PG search
42,The strange case of Dr. Jekyll and Mr. Hyde,"Stevenson, Robert Louis",https://www.gutenberg.org/ebooks/42.txt.utf-8,2955,facility: www.gutenberg.org.
42,The strange case of Dr. Jekyll and Mr. Hyde,"Stevenson, Robert Louis",https://www.gutenberg.org/ebooks/42.txt.utf-8,2956,
42,The strange case of Dr. Jekyll and Mr. Hyde,"Stevenson, Robert Louis",https://www.gutenberg.org/ebooks/42.txt.utf-8,2957,"This website includes information about Project Gutenberg,"
42,The strange case of Dr. Jekyll and Mr. Hyde,"Stevenson, Robert Louis",https://www.gutenberg.org/ebooks/42.txt.utf-8,2958,including how to make donations to the Project Gutenberg Literary
42,The strange case of Dr. Jekyll and Mr. Hyde,"Stevenson, Robert Louis",https://www.gutenberg.org/ebooks/42.txt.utf-8,2959,"Archive Foundation, how to help produce our new eBooks, and how to"
42,The strange case of Dr. Jekyll and Mr. Hyde,"Stevenson, Robert Louis",https://www.gutenberg.org/ebooks/42.txt.utf-8,2960,subscribe to our email newsletter to hear about new eBooks.
42,The strange case of Dr. Jekyll and Mr. Hyde,"Stevenson, Robert Louis",https://www.gutenberg.org/ebooks/42.txt.utf-8,2961,
42,The strange case of Dr. Jekyll and Mr. Hyde,"Stevenson, Robert Louis",https://www.gutenberg.org/ebooks/42.txt.utf-8,2962,
